TEAM_NAME,Date,TEAM_NAME.1,split
New York Knicks,2012-11-04,Philadelphia 76ers,train
Toronto Raptors,2012-11-04,Minnesota Timberwolves,train
Orlando Magic,2012-11-04,Phoenix Suns,train
Oklahoma City Thunder,2012-11-04,Atlanta Hawks,train
Los Angeles Lakers,2012-11-04,Detroit Pistons,train
Philadelphia 76ers,2012-11-05,New York Knicks,train
Miami Heat,2012-11-05,Phoenix Suns,train
Brooklyn Nets,2012-11-05,Minnesota Timberwolves,train
Memphis Grizzlies,2012-11-05,Utah Jazz,train
Dallas Mavericks,2012-11-05,Portland Trail Blazers,train
San Antonio Spurs,2012-11-05,Indiana Pacers,train
Sacramento Kings,2012-11-05,Golden State Warriors,train
Los Angeles Clippers,2012-11-05,Cleveland Cavaliers,train
Denver Nuggets,2012-11-06,Detroit Pistons,train
Oklahoma City Thunder,2012-11-06,Toronto Raptors,train
Chicago Bulls,2012-11-06,Orlando Magic,train
Charlotte Bobcats,2012-11-07,Phoenix Suns,train
Boston Celtics,2012-11-07,Washington Wizards,train
Miami Heat,2012-11-07,Brooklyn Nets,train
Atlanta Hawks,2012-11-07,Indiana Pacers,train
Minnesota Timberwolves,2012-11-07,Orlando Magic,train
New Orleans Hornets,2012-11-07,Philadelphia 76ers,train
Houston Rockets,2012-11-07,Denver Nuggets,train
Milwaukee Bucks,2012-11-07,Memphis Grizzlies,train
Dallas Mavericks,2012-11-07,Toronto Raptors,train
Utah Jazz,2012-11-07,Los Angeles Lakers,train
Sacramento Kings,2012-11-07,Detroit Pistons,train
Golden State Warriors,2012-11-07,Cleveland Cavaliers,train
Los Angeles Clippers,2012-11-07,San Antonio Spurs,train
Portland Trail Blazers,2012-11-08,Los Angeles Clippers,train
Chicago Bulls,2012-11-08,Oklahoma City Thunder,train
Los Angeles Lakers,2012-11-09,Golden State Warriors,train
Denver Nuggets,2012-11-09,Utah Jazz,train
Sacramento Kings,2012-11-09,San Antonio Spurs,train
Phoenix Suns,2012-11-09,Cleveland Cavaliers,train
Minnesota Timberwolves,2012-11-09,Indiana Pacers,train
New Orleans Hornets,2012-11-09,Charlotte Bobcats,train
Oklahoma City Thunder,2012-11-09,Detroit Pistons,train
Atlanta Hawks,2012-11-09,Miami Heat,train
New York Knicks,2012-11-09,Dallas Mavericks,train
Boston Celtics,2012-11-09,Philadelphia 76ers,train
Orlando Magic,2012-11-09,Brooklyn Nets,train
Washington Wizards,2012-11-09,Milwaukee Bucks,train
Memphis Grizzlies,2012-11-09,Houston Rockets,train
Utah Jazz,2012-11-10,Phoenix Suns,train
Golden State Warriors,2012-11-10,Denver Nuggets,train
Portland Trail Blazers,2012-11-10,San Antonio Spurs,train
Milwaukee Bucks,2012-11-10,Boston Celtics,train
Indiana Pacers,2012-11-10,Washington Wizards,train
Chicago Bulls,2012-11-10,Minnesota Timberwolves,train
Charlotte Bobcats,2012-11-10,Dallas Mavericks,train
Toronto Raptors,2012-11-10,Philadelphia 76ers,train
Houston Rockets,2012-11-10,Detroit Pistons,train
Oklahoma City Thunder,2012-11-11,Cleveland Cavaliers,train
Brooklyn Nets,2012-11-11,Orlando Magic,train
Los Angeles Clippers,2012-11-11,Atlanta Hawks,train
Memphis Grizzlies,2012-11-11,Miami Heat,train
Los Angeles Lakers,2012-11-11,Sacramento Kings,train
Phoenix Suns,2012-11-12,Denver Nuggets,train
Portland Trail Blazers,2012-11-12,Atlanta Hawks,train
Dallas Mavericks,2012-11-12,Minnesota Timberwolves,train
Houston Rockets,2012-11-12,Miami Heat,train
Chicago Bulls,2012-11-12,Boston Celtics,train
Detroit Pistons,2012-11-12,Oklahoma City Thunder,train
Philadelphia 76ers,2012-11-12,Milwaukee Bucks,train
Toronto Raptors,2012-11-12,Utah Jazz,train
Charlotte Bobcats,2012-11-13,Washington Wizards,train
Orlando Magic,2012-11-13,New York Knicks,train
Indiana Pacers,2012-11-13,Toronto Raptors,train
Brooklyn Nets,2012-11-13,Cleveland Cavaliers,train
Sacramento Kings,2012-11-13,Portland Trail Blazers,train
Los Angeles Lakers,2012-11-13,San Antonio Spurs,train
Los Angeles Clippers,2012-11-14,Miami Heat,train
Golden State Warriors,2012-11-14,Atlanta Hawks,train
Phoenix Suns,2012-11-14,Chicago Bulls,train
Dallas Mavericks,2012-11-14,Washington Wizards,train
Minnesota Timberwolves,2012-11-14,Charlotte Bobcats,train
Houston Rockets,2012-11-14,New Orleans Hornets,train
Milwaukee Bucks,2012-11-14,Indiana Pacers,train
Philadelphia 76ers,2012-11-14,Detroit Pistons,train
Oklahoma City Thunder,2012-11-14,Memphis Grizzlies,train
Boston Celtics,2012-11-14,Utah Jazz,train
Denver Nuggets,2012-11-15,Miami Heat,train
Brooklyn Nets,2012-11-15,Boston Celtics,train
San Antonio Spurs,2012-11-15,New York Knicks,train
Portland Trail Blazers,2012-11-16,Houston Rockets,train
Los Angeles Lakers,2012-11-16,Phoenix Suns,train
Memphis Grizzlies,2012-11-16,New York Knicks,train
Minnesota Timberwolves,2012-11-16,Golden State Warriors,train
Sacramento Kings,2012-11-16,Atlanta Hawks,train
Indiana Pacers,2012-11-16,Dallas Mavericks,train
Detroit Pistons,2012-11-16,Orlando Magic,train
Philadelphia 76ers,2012-11-16,Utah Jazz,train
New Orleans Hornets,2012-11-16,Oklahoma City Thunder,train
Boston Celtics,2012-11-17,Toronto Raptors,train
Los Angeles Clippers,2012-11-17,Chicago Bulls,train
Washington Wizards,2012-11-17,Utah Jazz,train
Charlotte Bobcats,2012-11-17,Memphis Grizzlies,train
Cleveland Cavaliers,2012-11-17,Dallas Mavericks,train
Milwaukee Bucks,2012-11-17,New Orleans Hornets,train
San Antonio Spurs,2012-11-17,Denver Nuggets,train
Phoenix Suns,2012-11-17,Miami Heat,train
Los Angeles Lakers,2012-11-18,Houston Rockets,train
Portland Trail Blazers,2012-11-18,Chicago Bulls,train
Detroit Pistons,2012-11-18,Boston Celtics,train
Oklahoma City Thunder,2012-11-18,Golden State Warriors,train
Sacramento Kings,2012-11-18,Brooklyn Nets,train
Toronto Raptors,2012-11-18,Orlando Magic,train
New York Knicks,2012-11-18,Indiana Pacers,train
Philadelphia 76ers,2012-11-18,Cleveland Cavaliers,train
Washington Wizards,2012-11-19,Indiana Pacers,train
Charlotte Bobcats,2012-11-19,Milwaukee Bucks,train
Atlanta Hawks,2012-11-19,Orlando Magic,train
Memphis Grizzlies,2012-11-19,Denver Nuggets,train
Dallas Mavericks,2012-11-19,Golden State Warriors,train
San Antonio Spurs,2012-11-19,Los Angeles Clippers,train
Utah Jazz,2012-11-19,Houston Rockets,train
Philadelphia 76ers,2012-11-20,Toronto Raptors,train
New Orleans Hornets,2012-11-20,New York Knicks,train
Los Angeles Lakers,2012-11-20,Brooklyn Nets,train
Minnesota Timberwolves,2012-11-21,Denver Nuggets,train
Dallas Mavericks,2012-11-21,New York Knicks,train
Houston Rockets,2012-11-21,Chicago Bulls,train
Golden State Warriors,2012-11-21,Brooklyn Nets,train
Phoenix Suns,2012-11-21,Portland Trail Blazers,train
Oklahoma City Thunder,2012-11-21,Los Angeles Clippers,train
Sacramento Kings,2012-11-21,Los Angeles Lakers,train
Atlanta Hawks,2012-11-21,Washington Wizards,train
Boston Celtics,2012-11-21,San Antonio Spurs,train
Indiana Pacers,2012-11-21,New Orleans Hornets,train
Cleveland Cavaliers,2012-11-21,Philadelphia 76ers,train
Orlando Magic,2012-11-21,Detroit Pistons,train
Miami Heat,2012-11-21,Milwaukee Bucks,train
Charlotte Bobcats,2012-11-21,Toronto Raptors,train
Portland Trail Blazers,2012-11-23,Minnesota Timberwolves,train
Phoenix Suns,2012-11-23,New Orleans Hornets,train
Utah Jazz,2012-11-23,Sacramento Kings,train
Denver Nuggets,2012-11-23,Golden State Warriors,train
Memphis Grizzlies,2012-11-23,Los Angeles Lakers,train
Houston Rockets,2012-11-23,New York Knicks,train
Detroit Pistons,2012-11-23,Toronto Raptors,train
Brooklyn Nets,2012-11-23,Los Angeles Clippers,train
Boston Celtics,2012-11-23,Oklahoma City Thunder,train
Orlando Magic,2012-11-23,Cleveland Cavaliers,train
Charlotte Bobcats,2012-11-23,Atlanta Hawks,train
Indiana Pacers,2012-11-23,San Antonio Spurs,train
Philadelphia 76ers,2012-11-24,Oklahoma City Thunder,train
Washington Wizards,2012-11-24,Charlotte Bobcats,train
Atlanta Hawks,2012-11-24,Los Angeles Clippers,train
Miami Heat,2012-11-24,Cleveland Cavaliers,train
Dallas Mavericks,2012-11-24,Los Angeles Lakers,train
Milwaukee Bucks,2012-11-24,Chicago Bulls,train
Sacramento Kings,2012-11-24,Utah Jazz,train
Golden State Warriors,2012-11-24,Minnesota Timberwolves,train
Denver Nuggets,2012-11-25,New Orleans Hornets,train
Philadelphia 76ers,2012-11-25,Phoenix Suns,train
Orlando Magic,2012-11-25,Boston Celtics,train
New York Knicks,2012-11-25,Detroit Pistons,train
Brooklyn Nets,2012-11-25,Portland Trail Blazers,train
Toronto Raptors,2012-11-25,San Antonio Spurs,train
Los Angeles Clippers,2012-11-26,New Orleans Hornets,train
Utah Jazz,2012-11-26,Denver Nuggets,train
Oklahoma City Thunder,2012-11-26,Charlotte Bobcats,train
Brooklyn Nets,2012-11-26,New York Knicks,train
Chicago Bulls,2012-11-26,Milwaukee Bucks,train
Detroit Pistons,2012-11-26,Portland Trail Blazers,train
Washington Wizards,2012-11-26,San Antonio Spurs,train
Memphis Grizzlies,2012-11-26,Cleveland Cavaliers,train
Philadelphia 76ers,2012-11-27,Dallas Mavericks,train
Cleveland Cavaliers,2012-11-27,Phoenix Suns,train
Houston Rockets,2012-11-27,Toronto Raptors,train
Sacramento Kings,2012-11-27,Minnesota Timberwolves,train
Los Angeles Lakers,2012-11-27,Indiana Pacers,train
Memphis Grizzlies,2012-11-28,Toronto Raptors,train
Los Angeles Clippers,2012-11-28,Minnesota Timberwolves,train
Oklahoma City Thunder,2012-11-28,Houston Rockets,train
New Orleans Hornets,2012-11-28,Utah Jazz,train
Milwaukee Bucks,2012-11-28,New York Knicks,train
Washington Wizards,2012-11-28,Portland Trail Blazers,train
Detroit Pistons,2012-11-28,Phoenix Suns,train
Atlanta Hawks,2012-11-28,Charlotte Bobcats,train
Boston Celtics,2012-11-28,Brooklyn Nets,train
Orlando Magic,2012-11-28,San Antonio Spurs,train
Chicago Bulls,2012-11-28,Dallas Mavericks,train
Miami Heat,2012-11-29,San Antonio Spurs,train
Golden State Warriors,2012-11-29,Denver Nuggets,train
Memphis Grizzlies,2012-11-30,Detroit Pistons,train
Los Angeles Lakers,2012-11-30,Denver Nuggets,train
Minnesota Timberwolves,2012-11-30,Milwaukee Bucks,train
Oklahoma City Thunder,2012-11-30,Utah Jazz,train
Atlanta Hawks,2012-11-30,Cleveland Cavaliers,train
Sacramento Kings,2012-11-30,Indiana Pacers,train
Boston Celtics,2012-11-30,Portland Trail Blazers,train
Orlando Magic,2012-11-30,Brooklyn Nets,train
Charlotte Bobcats,2012-11-30,Philadelphia 76ers,train
Toronto Raptors,2012-11-30,Phoenix Suns,train
New York Knicks,2012-11-30,Washington Wizards,train
Miami Heat,2012-12-01,Brooklyn Nets,train
Cleveland Cavaliers,2012-12-01,Portland Trail Blazers,train
Chicago Bulls,2012-12-01,Philadelphia 76ers,train
New Orleans Hornets,2012-12-01,Oklahoma City Thunder,train
Houston Rockets,2012-12-01,Utah Jazz,train
Milwaukee Bucks,2012-12-01,Boston Celtics,train
San Antonio Spurs,2012-12-01,Memphis Grizzlies,train
Dallas Mavericks,2012-12-01,Detroit Pistons,train
Los Angeles Clippers,2012-12-01,Sacramento Kings,train
Golden State Warriors,2012-12-01,Indiana Pacers,train
Los Angeles Lakers,2012-12-02,Orlando Magic,train
New York Knicks,2012-12-02,Phoenix Suns,train
Charlotte Bobcats,2012-12-03,Portland Trail Blazers,train
Detroit Pistons,2012-12-03,Cleveland Cavaliers,train
New Orleans Hornets,2012-12-03,Milwaukee Bucks,train
Denver Nuggets,2012-12-03,Toronto Raptors,train
Utah Jazz,2012-12-03,Los Angeles Clippers,train
Golden State Warriors,2012-12-03,Orlando Magic,train
Philadelphia 76ers,2012-12-04,Minnesota Timberwolves,train
Washington Wizards,2012-12-04,Miami Heat,train
Brooklyn Nets,2012-12-04,Oklahoma City Thunder,train
Chicago Bulls,2012-12-04,Indiana Pacers,train
Memphis Grizzlies,2012-12-04,Phoenix Suns,train
Houston Rockets,2012-12-04,Los Angeles Lakers,train
Los Angeles Clippers,2012-12-05,Dallas Mavericks,train
Cleveland Cavaliers,2012-12-05,Chicago Bulls,train
Sacramento Kings,2012-12-05,Toronto Raptors,train
Utah Jazz,2012-12-05,Orlando Magic,train
New Orleans Hornets,2012-12-05,Los Angeles Lakers,train
San Antonio Spurs,2012-12-05,Milwaukee Bucks,train
Atlanta Hawks,2012-12-05,Denver Nuggets,train
Boston Celtics,2012-12-05,Minnesota Timberwolves,train
Charlotte Bobcats,2012-12-05,New York Knicks,train
Indiana Pacers,2012-12-05,Portland Trail Blazers,train
Detroit Pistons,2012-12-05,Golden State Warriors,train
Miami Heat,2012-12-06,New York Knicks,train
Phoenix Suns,2012-12-06,Dallas Mavericks,train
Oklahoma City Thunder,2012-12-07,Los Angeles Lakers,train
Utah Jazz,2012-12-07,Toronto Raptors,train
Milwaukee Bucks,2012-12-07,Charlotte Bobcats,train
San Antonio Spurs,2012-12-07,Houston Rockets,train
New Orleans Hornets,2012-12-07,Memphis Grizzlies,train
Sacramento Kings,2012-12-07,Orlando Magic,train
Brooklyn Nets,2012-12-07,Golden State Warriors,train
Detroit Pistons,2012-12-07,Chicago Bulls,train
Atlanta Hawks,2012-12-07,Washington Wizards,train
Philadelphia 76ers,2012-12-07,Boston Celtics,train
Indiana Pacers,2012-12-07,Denver Nuggets,train
Minnesota Timberwolves,2012-12-07,Cleveland Cavaliers,train
Portland Trail Blazers,2012-12-08,Sacramento Kings,train
Houston Rockets,2012-12-08,Dallas Mavericks,train
Chicago Bulls,2012-12-08,New York Knicks,train
Cleveland Cavaliers,2012-12-08,Detroit Pistons,train
Memphis Grizzlies,2012-12-08,Atlanta Hawks,train
Miami Heat,2012-12-08,New Orleans Hornets,train
Charlotte Bobcats,2012-12-08,San Antonio Spurs,train
Washington Wizards,2012-12-08,Golden State Warriors,train
Los Angeles Clippers,2012-12-08,Phoenix Suns,train
Boston Celtics,2012-12-08,Philadelphia 76ers,train
Los Angeles Clippers,2012-12-09,Toronto Raptors,train
Brooklyn Nets,2012-12-09,Milwaukee Bucks,train
Oklahoma City Thunder,2012-12-09,Indiana Pacers,train
New York Knicks,2012-12-09,Denver Nuggets,train
Phoenix Suns,2012-12-09,Orlando Magic,train
Los Angeles Lakers,2012-12-09,Utah Jazz,train
Dallas Mavericks,2012-12-10,Sacramento Kings,train
Portland Trail Blazers,2012-12-10,Toronto Raptors,train
Houston Rockets,2012-12-10,San Antonio Spurs,train
Miami Heat,2012-12-10,Atlanta Hawks,train
Charlotte Bobcats,2012-12-10,Golden State Warriors,train
Philadelphia 76ers,2012-12-10,Detroit Pistons,train
Brooklyn Nets,2012-12-11,New York Knicks,train
Cleveland Cavaliers,2012-12-11,Los Angeles Lakers,train
Detroit Pistons,2012-12-11,Denver Nuggets,train
New Orleans Hornets,2012-12-11,Washington Wizards,train
Chicago Bulls,2012-12-11,Los Angeles Clippers,train
Utah Jazz,2012-12-12,San Antonio Spurs,train
Phoenix Suns,2012-12-12,Memphis Grizzlies,train
Houston Rockets,2012-12-12,Washington Wizards,train
Boston Celtics,2012-12-12,Dallas Mavericks,train
Oklahoma City Thunder,2012-12-12,New Orleans Hornets,train
Milwaukee Bucks,2012-12-12,Sacramento Kings,train
Minnesota Timberwolves,2012-12-12,Denver Nuggets,train
Miami Heat,2012-12-12,Golden State Warriors,train
Charlotte Bobcats,2012-12-12,Los Angeles Clippers,train
Philadelphia 76ers,2012-12-12,Chicago Bulls,train
Indiana Pacers,2012-12-12,Cleveland Cavaliers,train
Orlando Magic,2012-12-12,Atlanta Hawks,train
Toronto Raptors,2012-12-12,Brooklyn Nets,train
Atlanta Hawks,2012-12-13,Charlotte Bobcats,train
New York Knicks,2012-12-13,Los Angeles Lakers,train
Portland Trail Blazers,2012-12-13,San Antonio Spurs,train
Denver Nuggets,2012-12-14,Memphis Grizzlies,train
Phoenix Suns,2012-12-14,Utah Jazz,train
Orlando Magic,2012-12-14,Golden State Warriors,train
Oklahoma City Thunder,2012-12-14,Sacramento Kings,train
New Orleans Hornets,2012-12-14,Minnesota Timberwolves,train
Houston Rockets,2012-12-14,Boston Celtics,train
Brooklyn Nets,2012-12-14,Detroit Pistons,train
Cleveland Cavaliers,2012-12-14,Milwaukee Bucks,train
Indiana Pacers,2012-12-14,Philadelphia 76ers,train
Toronto Raptors,2012-12-14,Dallas Mavericks,train
Washington Wizards,2012-12-14,Los Angeles Lakers,train
Milwaukee Bucks,2012-12-15,Los Angeles Clippers,train
San Antonio Spurs,2012-12-15,Boston Celtics,train
Chicago Bulls,2012-12-15,Brooklyn Nets,train
Minnesota Timberwolves,2012-12-15,Dallas Mavericks,train
Utah Jazz,2012-12-15,Memphis Grizzlies,train
Detroit Pistons,2012-12-15,Indiana Pacers,train
Miami Heat,2012-12-15,Washington Wizards,train
Charlotte Bobcats,2012-12-15,Orlando Magic,train
Atlanta Hawks,2012-12-15,Golden State Warriors,train
New York Knicks,2012-12-15,Cleveland Cavaliers,train
Toronto Raptors,2012-12-16,Houston Rockets,train
Sacramento Kings,2012-12-16,Denver Nuggets,train
Philadelphia 76ers,2012-12-16,Los Angeles Lakers,train
Portland Trail Blazers,2012-12-16,New Orleans Hornets,train
Phoenix Suns,2012-12-17,Sacramento Kings,train
Oklahoma City Thunder,2012-12-17,San Antonio Spurs,train
Memphis Grizzlies,2012-12-17,Chicago Bulls,train
Orlando Magic,2012-12-17,Minnesota Timberwolves,train
Detroit Pistons,2012-12-17,Los Angeles Clippers,train
New York Knicks,2012-12-17,Houston Rockets,train
Dallas Mavericks,2012-12-18,Philadelphia 76ers,train
Golden State Warriors,2012-12-18,New Orleans Hornets,train
Denver Nuggets,2012-12-18,San Antonio Spurs,train
Milwaukee Bucks,2012-12-18,Indiana Pacers,train
Los Angeles Lakers,2012-12-18,Charlotte Bobcats,train
Miami Heat,2012-12-18,Minnesota Timberwolves,train
Washington Wizards,2012-12-18,Atlanta Hawks,train
Chicago Bulls,2012-12-18,Boston Celtics,train
Brooklyn Nets,2012-12-18,Utah Jazz,train
Cleveland Cavaliers,2012-12-18,Toronto Raptors,train
Indiana Pacers,2012-12-19,Utah Jazz,train
Toronto Raptors,2012-12-19,Detroit Pistons,train
Orlando Magic,2012-12-19,Washington Wizards,train
New York Knicks,2012-12-19,Brooklyn Nets,train
Boston Celtics,2012-12-19,Cleveland Cavaliers,train
Atlanta Hawks,2012-12-19,Oklahoma City Thunder,train
Houston Rockets,2012-12-19,Philadelphia 76ers,train
Phoenix Suns,2012-12-19,Charlotte Bobcats,train
Memphis Grizzlies,2012-12-19,Milwaukee Bucks,train
Sacramento Kings,2012-12-19,Golden State Warriors,train
Los Angeles Clippers,2012-12-19,New Orleans Hornets,train
Portland Trail Blazers,2012-12-20,Denver Nuggets,train
Dallas Mavericks,2012-12-20,Miami Heat,train
Minnesota Timberwolves,2012-12-20,Oklahoma City Thunder,train
Toronto Raptors,2012-12-21,Orlando Magic,train
Philadelphia 76ers,2012-12-21,Atlanta Hawks,train
New York Knicks,2012-12-21,Chicago Bulls,train
Boston Celtics,2012-12-21,Milwaukee Bucks,train
Cleveland Cavaliers,2012-12-21,Indiana Pacers,train
Detroit Pistons,2012-12-21,Washington Wizards,train
Memphis Grizzlies,2012-12-21,Dallas Mavericks,train
San Antonio Spurs,2012-12-21,New Orleans Hornets,train
Golden State Warriors,2012-12-21,Charlotte Bobcats,train
Los Angeles Clippers,2012-12-21,Sacramento Kings,train
Golden State Warriors,2012-12-22,Los Angeles Lakers,train
Portland Trail Blazers,2012-12-22,Phoenix Suns,train
Denver Nuggets,2012-12-22,Charlotte Bobcats,train
Milwaukee Bucks,2012-12-22,Cleveland Cavaliers,train
New Orleans Hornets,2012-12-22,Indiana Pacers,train
Miami Heat,2012-12-22,Utah Jazz,train
Washington Wizards,2012-12-22,Detroit Pistons,train
Atlanta Hawks,2012-12-22,Chicago Bulls,train
Houston Rockets,2012-12-22,Memphis Grizzlies,train
Brooklyn Nets,2012-12-23,Philadelphia 76ers,train
New York Knicks,2012-12-23,Minnesota Timberwolves,train
Orlando Magic,2012-12-23,Utah Jazz,train
San Antonio Spurs,2012-12-23,Dallas Mavericks,train
Phoenix Suns,2012-12-23,Los Angeles Clippers,train
Sacramento Kings,2012-12-23,Portland Trail Blazers,train
Los Angeles Clippers,2012-12-25,Denver Nuggets,train
Chicago Bulls,2012-12-25,Houston Rockets,train
Brooklyn Nets,2012-12-25,Boston Celtics,train
Los Angeles Lakers,2012-12-25,New York Knicks,train
Miami Heat,2012-12-25,Oklahoma City Thunder,train
San Antonio Spurs,2012-12-26,Toronto Raptors,train
Utah Jazz,2012-12-26,Golden State Warriors,train
Portland Trail Blazers,2012-12-26,Sacramento Kings,train
Denver Nuggets,2012-12-26,Los Angeles Lakers,train
Phoenix Suns,2012-12-26,New York Knicks,train
Minnesota Timberwolves,2012-12-26,Houston Rockets,train
Washington Wizards,2012-12-26,Cleveland Cavaliers,train
Memphis Grizzlies,2012-12-26,Philadelphia 76ers,train
Atlanta Hawks,2012-12-26,Detroit Pistons,train
Charlotte Bobcats,2012-12-26,Miami Heat,train
Orlando Magic,2012-12-26,New Orleans Hornets,train
Milwaukee Bucks,2012-12-26,Brooklyn Nets,train
Oklahoma City Thunder,2012-12-27,Dallas Mavericks,train
Los Angeles Clippers,2012-12-27,Boston Celtics,train
Dallas Mavericks,2012-12-28,Denver Nuggets,train
Los Angeles Lakers,2012-12-28,Portland Trail Blazers,train
Golden State Warriors,2012-12-28,Philadelphia 76ers,train
Utah Jazz,2012-12-28,Los Angeles Clippers,train
San Antonio Spurs,2012-12-28,Houston Rockets,train
Sacramento Kings,2012-12-28,New York Knicks,train
Brooklyn Nets,2012-12-28,Charlotte Bobcats,train
Cleveland Cavaliers,2012-12-28,Atlanta Hawks,train
Detroit Pistons,2012-12-28,Miami Heat,train
New Orleans Hornets,2012-12-28,Toronto Raptors,train
Washington Wizards,2012-12-28,Orlando Magic,train
Indiana Pacers,2012-12-28,Phoenix Suns,train
Golden State Warriors,2012-12-29,Boston Celtics,train
Portland Trail Blazers,2012-12-29,Philadelphia 76ers,train
Houston Rockets,2012-12-29,Oklahoma City Thunder,train
Minnesota Timberwolves,2012-12-29,Phoenix Suns,train
Memphis Grizzlies,2012-12-29,Denver Nuggets,train
Milwaukee Bucks,2012-12-29,Miami Heat,train
Brooklyn Nets,2012-12-29,Cleveland Cavaliers,train
Charlotte Bobcats,2012-12-29,New Orleans Hornets,train
Chicago Bulls,2012-12-29,Washington Wizards,train
Orlando Magic,2012-12-29,Toronto Raptors,train
Atlanta Hawks,2012-12-29,Indiana Pacers,train
Sacramento Kings,2012-12-30,Boston Celtics,train
Los Angeles Clippers,2012-12-30,Utah Jazz,train
Detroit Pistons,2012-12-30,Milwaukee Bucks,train
Dallas Mavericks,2012-12-30,San Antonio Spurs,train
Indiana Pacers,2012-12-31,Memphis Grizzlies,train
Chicago Bulls,2012-12-31,Charlotte Bobcats,train
Orlando Magic,2012-12-31,Miami Heat,train
Houston Rockets,2012-12-31,Atlanta Hawks,train
San Antonio Spurs,2012-12-31,Brooklyn Nets,train
Oklahoma City Thunder,2012-12-31,Phoenix Suns,train
Los Angeles Lakers,2013-01-01,Philadelphia 76ers,train
Denver Nuggets,2013-01-01,Los Angeles Clippers,train
New Orleans Hornets,2013-01-01,Atlanta Hawks,train
New York Knicks,2013-01-01,Portland Trail Blazers,train
Washington Wizards,2013-01-01,Dallas Mavericks,train
Detroit Pistons,2013-01-01,Sacramento Kings,train
Golden State Warriors,2013-01-02,Los Angeles Clippers,train
Cleveland Cavaliers,2013-01-02,Sacramento Kings,train
Indiana Pacers,2013-01-02,Washington Wizards,train
Toronto Raptors,2013-01-02,Portland Trail Blazers,train
Orlando Magic,2013-01-02,Chicago Bulls,train
Miami Heat,2013-01-02,Dallas Mavericks,train
Boston Celtics,2013-01-02,Memphis Grizzlies,train
Milwaukee Bucks,2013-01-02,San Antonio Spurs,train
Oklahoma City Thunder,2013-01-02,Brooklyn Nets,train
Houston Rockets,2013-01-02,New Orleans Hornets,train
Phoenix Suns,2013-01-02,Philadelphia 76ers,train
Utah Jazz,2013-01-02,Minnesota Timberwolves,train
Denver Nuggets,2013-01-03,Minnesota Timberwolves,train
New York Knicks,2013-01-03,San Antonio Spurs,train
Toronto Raptors,2013-01-04,Sacramento Kings,train
Charlotte Bobcats,2013-01-04,Cleveland Cavaliers,train
Washington Wizards,2013-01-04,Brooklyn Nets,train
Detroit Pistons,2013-01-04,Atlanta Hawks,train
Miami Heat,2013-01-04,Chicago Bulls,train
Boston Celtics,2013-01-04,Indiana Pacers,train
Oklahoma City Thunder,2013-01-04,Philadelphia 76ers,train
Memphis Grizzlies,2013-01-04,Portland Trail Blazers,train
Milwaukee Bucks,2013-01-04,Houston Rockets,train
Phoenix Suns,2013-01-04,Utah Jazz,train
Los Angeles Clippers,2013-01-04,Los Angeles Lakers,train
Dallas Mavericks,2013-01-05,New Orleans Hornets,train
San Antonio Spurs,2013-01-05,Philadelphia 76ers,train
Denver Nuggets,2013-01-05,Utah Jazz,train
Minnesota Timberwolves,2013-01-05,Portland Trail Blazers,train
Los Angeles Clippers,2013-01-05,Golden State Warriors,train
Cleveland Cavaliers,2013-01-05,Houston Rockets,train
Atlanta Hawks,2013-01-05,Boston Celtics,train
Orlando Magic,2013-01-05,New York Knicks,train
Indiana Pacers,2013-01-05,Milwaukee Bucks,train
Brooklyn Nets,2013-01-05,Sacramento Kings,train
Toronto Raptors,2013-01-06,Oklahoma City Thunder,train
Miami Heat,2013-01-06,Washington Wizards,train
Detroit Pistons,2013-01-06,Charlotte Bobcats,train
Phoenix Suns,2013-01-06,Memphis Grizzlies,train
Los Angeles Lakers,2013-01-06,Denver Nuggets,train
Sacramento Kings,2013-01-07,Memphis Grizzlies,train
Utah Jazz,2013-01-07,Dallas Mavericks,train
Chicago Bulls,2013-01-07,Cleveland Cavaliers,train
Portland Trail Blazers,2013-01-07,Orlando Magic,train
New York Knicks,2013-01-07,Boston Celtics,train
Washington Wizards,2013-01-07,Oklahoma City Thunder,train
New Orleans Hornets,2013-01-07,San Antonio Spurs,train
Indiana Pacers,2013-01-08,Miami Heat,train
Philadelphia 76ers,2013-01-08,Brooklyn Nets,train
Minnesota Timberwolves,2013-01-08,Atlanta Hawks,train
Milwaukee Bucks,2013-01-08,Phoenix Suns,train
Houston Rockets,2013-01-08,Los Angeles Lakers,train
Golden State Warriors,2013-01-09,Memphis Grizzlies,train
Denver Nuggets,2013-01-09,Orlando Magic,train
Chicago Bulls,2013-01-09,Milwaukee Bucks,train
New Orleans Hornets,2013-01-09,Houston Rockets,train
Oklahoma City Thunder,2013-01-09,Minnesota Timberwolves,train
Toronto Raptors,2013-01-09,Philadelphia 76ers,train
Boston Celtics,2013-01-09,Phoenix Suns,train
Charlotte Bobcats,2013-01-09,Utah Jazz,train
Cleveland Cavaliers,2013-01-09,Atlanta Hawks,train
Los Angeles Clippers,2013-01-09,Dallas Mavericks,train
San Antonio Spurs,2013-01-09,Los Angeles Lakers,train
Sacramento Kings,2013-01-10,Dallas Mavericks,train
Portland Trail Blazers,2013-01-10,Miami Heat,train
Indiana Pacers,2013-01-10,New York Knicks,train
Toronto Raptors,2013-01-11,Charlotte Bobcats,train
Brooklyn Nets,2013-01-11,Phoenix Suns,train
Boston Celtics,2013-01-11,Houston Rockets,train
Atlanta Hawks,2013-01-11,Utah Jazz,train
Memphis Grizzlies,2013-01-11,San Antonio Spurs,train
New Orleans Hornets,2013-01-11,Minnesota Timberwolves,train
New York Knicks,2013-01-11,Chicago Bulls,train
Milwaukee Bucks,2013-01-11,Detroit Pistons,train
Denver Nuggets,2013-01-11,Cleveland Cavaliers,train
Golden State Warriors,2013-01-11,Portland Trail Blazers,train
Los Angeles Lakers,2013-01-11,Oklahoma City Thunder,train
Dallas Mavericks,2013-01-12,Memphis Grizzlies,train
Sacramento Kings,2013-01-12,Miami Heat,train
Philadelphia 76ers,2013-01-12,Houston Rockets,train
Chicago Bulls,2013-01-12,Phoenix Suns,train
Washington Wizards,2013-01-12,Atlanta Hawks,train
Indiana Pacers,2013-01-12,Charlotte Bobcats,train
Los Angeles Clippers,2013-01-12,Orlando Magic,train
Detroit Pistons,2013-01-12,Utah Jazz,train
Los Angeles Lakers,2013-01-13,Cleveland Cavaliers,train
Denver Nuggets,2013-01-13,Golden State Warriors,train
San Antonio Spurs,2013-01-13,Minnesota Timberwolves,train
Portland Trail Blazers,2013-01-13,Oklahoma City Thunder,train
Toronto Raptors,2013-01-13,Milwaukee Bucks,train
New York Knicks,2013-01-13,New Orleans Hornets,train
Brooklyn Nets,2013-01-13,Indiana Pacers,train
Phoenix Suns,2013-01-14,Oklahoma City Thunder,train
Washington Wizards,2013-01-14,Orlando Magic,train
Boston Celtics,2013-01-14,Charlotte Bobcats,train
Chicago Bulls,2013-01-14,Atlanta Hawks,train
Memphis Grizzlies,2013-01-14,Los Angeles Clippers,train
Dallas Mavericks,2013-01-14,Minnesota Timberwolves,train
Utah Jazz,2013-01-14,Miami Heat,train
Sacramento Kings,2013-01-14,Cleveland Cavaliers,train
Los Angeles Lakers,2013-01-15,Milwaukee Bucks,train
Denver Nuggets,2013-01-15,Portland Trail Blazers,train
Houston Rockets,2013-01-15,Los Angeles Clippers,train
Brooklyn Nets,2013-01-15,Toronto Raptors,train
Philadelphia 76ers,2013-01-15,New Orleans Hornets,train
Charlotte Bobcats,2013-01-15,Indiana Pacers,train
Golden State Warriors,2013-01-16,Miami Heat,train
Sacramento Kings,2013-01-16,Washington Wizards,train
San Antonio Spurs,2013-01-16,Memphis Grizzlies,train
Dallas Mavericks,2013-01-16,Houston Rockets,train
Portland Trail Blazers,2013-01-16,Cleveland Cavaliers,train
Boston Celtics,2013-01-16,New Orleans Hornets,train
Atlanta Hawks,2013-01-16,Brooklyn Nets,train
Toronto Raptors,2013-01-16,Chicago Bulls,train
Orlando Magic,2013-01-16,Indiana Pacers,train
Oklahoma City Thunder,2013-01-16,Denver Nuggets,train
Detroit Pistons,2013-01-17,New York Knicks,train
Minnesota Timberwolves,2013-01-17,Los Angeles Clippers,train
Phoenix Suns,2013-01-17,Milwaukee Bucks,train
Los Angeles Lakers,2013-01-17,Miami Heat,train
San Antonio Spurs,2013-01-18,Golden State Warriors,train
Dallas Mavericks,2013-01-18,Oklahoma City Thunder,train
Denver Nuggets,2013-01-18,Washington Wizards,train
Memphis Grizzlies,2013-01-18,Sacramento Kings,train
Orlando Magic,2013-01-18,Charlotte Bobcats,train
Indiana Pacers,2013-01-18,Houston Rockets,train
Boston Celtics,2013-01-18,Chicago Bulls,train
Philadelphia 76ers,2013-01-18,Toronto Raptors,train
Brooklyn Nets,2013-01-18,Atlanta Hawks,train
Atlanta Hawks,2013-01-19,San Antonio Spurs,train
Charlotte Bobcats,2013-01-19,Sacramento Kings,train
New Orleans Hornets,2013-01-19,Golden State Warriors,train
Chicago Bulls,2013-01-19,Memphis Grizzlies,train
Minnesota Timberwolves,2013-01-19,Houston Rockets,train
Utah Jazz,2013-01-19,Cleveland Cavaliers,train
Portland Trail Blazers,2013-01-19,Milwaukee Bucks,train
Los Angeles Clippers,2013-01-19,Washington Wizards,train
Denver Nuggets,2013-01-20,Oklahoma City Thunder,train
Detroit Pistons,2013-01-20,Boston Celtics,train
Toronto Raptors,2013-01-20,Los Angeles Lakers,train
Orlando Magic,2013-01-20,Dallas Mavericks,train
Portland Trail Blazers,2013-01-21,Washington Wizards,train
Memphis Grizzlies,2013-01-21,Indiana Pacers,train
New Orleans Hornets,2013-01-21,Sacramento Kings,train
Charlotte Bobcats,2013-01-21,Houston Rockets,train
Atlanta Hawks,2013-01-21,Minnesota Timberwolves,train
New York Knicks,2013-01-21,Brooklyn Nets,train
Golden State Warriors,2013-01-21,Los Angeles Clippers,train
Philadelphia 76ers,2013-01-21,San Antonio Spurs,train
Chicago Bulls,2013-01-21,Los Angeles Lakers,train
Cleveland Cavaliers,2013-01-22,Boston Celtics,train
Detroit Pistons,2013-01-22,Orlando Magic,train
Milwaukee Bucks,2013-01-22,Philadelphia 76ers,train
Los Angeles Clippers,2013-01-22,Oklahoma City Thunder,train
Portland Trail Blazers,2013-01-23,Indiana Pacers,train
Chicago Bulls,2013-01-23,Detroit Pistons,train
Golden State Warriors,2013-01-23,Oklahoma City Thunder,train
Utah Jazz,2013-01-23,Washington Wizards,train
Sacramento Kings,2013-01-23,Phoenix Suns,train
San Antonio Spurs,2013-01-23,New Orleans Hornets,train
Charlotte Bobcats,2013-01-23,Atlanta Hawks,train
Houston Rockets,2013-01-23,Denver Nuggets,train
Minnesota Timberwolves,2013-01-23,Brooklyn Nets,train
Miami Heat,2013-01-23,Toronto Raptors,train
Memphis Grizzlies,2013-01-23,Los Angeles Lakers,train
Phoenix Suns,2013-01-24,Los Angeles Clippers,train
Orlando Magic,2013-01-24,Toronto Raptors,train
Boston Celtics,2013-01-24,New York Knicks,train
Chicago Bulls,2013-01-25,Golden State Warriors,train
Dallas Mavericks,2013-01-25,San Antonio Spurs,train
Los Angeles Lakers,2013-01-25,Utah Jazz,train
Sacramento Kings,2013-01-25,Oklahoma City Thunder,train
New Orleans Hornets,2013-01-25,Houston Rockets,train
Atlanta Hawks,2013-01-25,Boston Celtics,train
Cleveland Cavaliers,2013-01-25,Milwaukee Bucks,train
Washington Wizards,2013-01-25,Minnesota Timberwolves,train
Memphis Grizzlies,2013-01-25,Brooklyn Nets,train
Miami Heat,2013-01-25,Detroit Pistons,train
Toronto Raptors,2013-01-26,Cleveland Cavaliers,train
Philadelphia 76ers,2013-01-26,New York Knicks,train
Washington Wizards,2013-01-26,Chicago Bulls,train
Charlotte Bobcats,2013-01-26,Minnesota Timberwolves,train
Houston Rockets,2013-01-26,Brooklyn Nets,train
Milwaukee Bucks,2013-01-26,Golden State Warriors,train
San Antonio Spurs,2013-01-26,Phoenix Suns,train
Denver Nuggets,2013-01-26,Sacramento Kings,train
Utah Jazz,2013-01-26,Indiana Pacers,train
Portland Trail Blazers,2013-01-26,Los Angeles Clippers,train
Los Angeles Clippers,2013-01-27,Portland Trail Blazers,train
Dallas Mavericks,2013-01-27,Phoenix Suns,train
New York Knicks,2013-01-27,Atlanta Hawks,train
Los Angeles Lakers,2013-01-27,Oklahoma City Thunder,train
Orlando Magic,2013-01-27,Detroit Pistons,train
Memphis Grizzlies,2013-01-27,New Orleans Hornets,train
Boston Celtics,2013-01-27,Miami Heat,train
Utah Jazz,2013-01-28,Houston Rockets,train
Toronto Raptors,2013-01-28,Golden State Warriors,train
Washington Wizards,2013-01-28,Sacramento Kings,train
Philadelphia 76ers,2013-01-28,Memphis Grizzlies,train
Brooklyn Nets,2013-01-28,Orlando Magic,train
Chicago Bulls,2013-01-28,Charlotte Bobcats,train
Denver Nuggets,2013-01-28,Indiana Pacers,train
Los Angeles Lakers,2013-01-29,New Orleans Hornets,train
Portland Trail Blazers,2013-01-29,Dallas Mavericks,train
Cleveland Cavaliers,2013-01-29,Golden State Warriors,train
Detroit Pistons,2013-01-29,Milwaukee Bucks,train
Philadelphia 76ers,2013-01-30,Washington Wizards,train
Indiana Pacers,2013-01-30,Detroit Pistons,train
New York Knicks,2013-01-30,Orlando Magic,train
Atlanta Hawks,2013-01-30,Toronto Raptors,train
Boston Celtics,2013-01-30,Sacramento Kings,train
Minnesota Timberwolves,2013-01-30,Los Angeles Clippers,train
Milwaukee Bucks,2013-01-30,Chicago Bulls,train
Brooklyn Nets,2013-01-30,Miami Heat,train
San Antonio Spurs,2013-01-30,Charlotte Bobcats,train
Utah Jazz,2013-01-30,New Orleans Hornets,train
Denver Nuggets,2013-01-30,Houston Rockets,train
Phoenix Suns,2013-01-30,Los Angeles Lakers,train
Golden State Warriors,2013-01-31,Dallas Mavericks,train
Oklahoma City Thunder,2013-01-31,Memphis Grizzlies,train
Memphis Grizzlies,2013-02-01,Washington Wizards,train
Toronto Raptors,2013-02-01,Los Angeles Clippers,train
Indiana Pacers,2013-02-01,Miami Heat,train
Boston Celtics,2013-02-01,Orlando Magic,train
Detroit Pistons,2013-02-01,Cleveland Cavaliers,train
Brooklyn Nets,2013-02-01,Chicago Bulls,train
New York Knicks,2013-02-01,Milwaukee Bucks,train
Philadelphia 76ers,2013-02-01,Sacramento Kings,train
Denver Nuggets,2013-02-01,New Orleans Hornets,train
Phoenix Suns,2013-02-01,Dallas Mavericks,train
Utah Jazz,2013-02-01,Portland Trail Blazers,train
Minnesota Timberwolves,2013-02-01,Los Angeles Lakers,train
Portland Trail Blazers,2013-02-02,Utah Jazz,train
San Antonio Spurs,2013-02-02,Washington Wizards,train
Golden State Warriors,2013-02-02,Phoenix Suns,train
Minnesota Timberwolves,2013-02-02,New Orleans Hornets,train
Milwaukee Bucks,2013-02-02,Orlando Magic,train
Houston Rockets,2013-02-02,Charlotte Bobcats,train
Cleveland Cavaliers,2013-02-02,Oklahoma City Thunder,train
New York Knicks,2013-02-02,Sacramento Kings,train
Atlanta Hawks,2013-02-02,Chicago Bulls,train
Boston Celtics,2013-02-03,Los Angeles Clippers,train
Detroit Pistons,2013-02-03,Los Angeles Lakers,train
Toronto Raptors,2013-02-03,Miami Heat,train
Indiana Pacers,2013-02-04,Chicago Bulls,train
Utah Jazz,2013-02-04,Sacramento Kings,train
Minnesota Timberwolves,2013-02-04,Portland Trail Blazers,train
Oklahoma City Thunder,2013-02-04,Dallas Mavericks,train
New York Knicks,2013-02-04,Detroit Pistons,train
Washington Wizards,2013-02-04,Los Angeles Clippers,train
Philadelphia 76ers,2013-02-04,Orlando Magic,train
Miami Heat,2013-02-04,Charlotte Bobcats,train
Indiana Pacers,2013-02-05,Atlanta Hawks,train
Brooklyn Nets,2013-02-05,Los Angeles Lakers,train
Houston Rockets,2013-02-05,Golden State Warriors,train
Memphis Grizzlies,2013-02-05,Phoenix Suns,train
Denver Nuggets,2013-02-05,Milwaukee Bucks,train
Atlanta Hawks,2013-02-06,Memphis Grizzlies,train
Utah Jazz,2013-02-06,Milwaukee Bucks,train
Dallas Mavericks,2013-02-06,Portland Trail Blazers,train
New Orleans Hornets,2013-02-06,Phoenix Suns,train
Oklahoma City Thunder,2013-02-06,Golden State Warriors,train
Miami Heat,2013-02-06,Houston Rockets,train
Minnesota Timberwolves,2013-02-06,San Antonio Spurs,train
Cleveland Cavaliers,2013-02-06,Charlotte Bobcats,train
Toronto Raptors,2013-02-06,Boston Celtics,train
Washington Wizards,2013-02-06,New York Knicks,train
Philadelphia 76ers,2013-02-06,Indiana Pacers,train
Orlando Magic,2013-02-06,Los Angeles Clippers,train
Detroit Pistons,2013-02-06,Brooklyn Nets,train
Boston Celtics,2013-02-07,Los Angeles Lakers,train
Denver Nuggets,2013-02-07,Chicago Bulls,train
Utah Jazz,2013-02-08,Chicago Bulls,train
Oklahoma City Thunder,2013-02-08,Phoenix Suns,train
Miami Heat,2013-02-08,Los Angeles Clippers,train
Memphis Grizzlies,2013-02-08,Golden State Warriors,train
Minnesota Timberwolves,2013-02-08,New York Knicks,train
Houston Rockets,2013-02-08,Portland Trail Blazers,train
Cleveland Cavaliers,2013-02-08,Orlando Magic,train
Detroit Pistons,2013-02-08,San Antonio Spurs,train
Charlotte Bobcats,2013-02-08,Los Angeles Lakers,train
Washington Wizards,2013-02-08,Brooklyn Nets,train
Indiana Pacers,2013-02-08,Toronto Raptors,train
Atlanta Hawks,2013-02-08,New Orleans Hornets,train
Cleveland Cavaliers,2013-02-09,Denver Nuggets,train
Philadelphia 76ers,2013-02-09,Charlotte Bobcats,train
Dallas Mavericks,2013-02-09,Golden State Warriors,train
Milwaukee Bucks,2013-02-09,Detroit Pistons,train
Sacramento Kings,2013-02-09,Utah Jazz,train
Sacramento Kings,2013-02-10,Houston Rockets,train
Brooklyn Nets,2013-02-10,San Antonio Spurs,train
Phoenix Suns,2013-02-10,Oklahoma City Thunder,train
Toronto Raptors,2013-02-10,New Orleans Hornets,train
New York Knicks,2013-02-10,Los Angeles Clippers,train
Boston Celtics,2013-02-10,Denver Nuggets,train
Orlando Magic,2013-02-10,Portland Trail Blazers,train
Miami Heat,2013-02-10,Los Angeles Lakers,train
Memphis Grizzlies,2013-02-10,Minnesota Timberwolves,train
Chicago Bulls,2013-02-11,San Antonio Spurs,train
Dallas Mavericks,2013-02-11,Atlanta Hawks,train
Milwaukee Bucks,2013-02-11,Washington Wizards,train
Detroit Pistons,2013-02-11,New Orleans Hornets,train
Indiana Pacers,2013-02-11,Brooklyn Nets,train
Charlotte Bobcats,2013-02-11,Boston Celtics,train
Philadelphia 76ers,2013-02-11,Los Angeles Clippers,train
Cleveland Cavaliers,2013-02-11,Minnesota Timberwolves,train
Toronto Raptors,2013-02-12,Denver Nuggets,train
Miami Heat,2013-02-12,Portland Trail Blazers,train
Memphis Grizzlies,2013-02-12,Sacramento Kings,train
Utah Jazz,2013-02-12,Oklahoma City Thunder,train
Los Angeles Lakers,2013-02-12,Phoenix Suns,train
Golden State Warriors,2013-02-12,Houston Rockets,train
Los Angeles Clippers,2013-02-13,Houston Rockets,train
Dallas Mavericks,2013-02-13,Sacramento Kings,train
Milwaukee Bucks,2013-02-13,Philadelphia 76ers,train
New Orleans Hornets,2013-02-13,Portland Trail Blazers,train
Minnesota Timberwolves,2013-02-13,Utah Jazz,train
Boston Celtics,2013-02-13,Chicago Bulls,train
Brooklyn Nets,2013-02-13,Denver Nuggets,train
Detroit Pistons,2013-02-13,Washington Wizards,train
Cleveland Cavaliers,2013-02-13,San Antonio Spurs,train
Orlando Magic,2013-02-13,Atlanta Hawks,train
New York Knicks,2013-02-13,Toronto Raptors,train
Indiana Pacers,2013-02-13,Charlotte Bobcats,train
Los Angeles Lakers,2013-02-14,Los Angeles Clippers,train
Oklahoma City Thunder,2013-02-14,Miami Heat,train
Portland Trail Blazers,2013-02-19,Phoenix Suns,train
Sacramento Kings,2013-02-19,San Antonio Spurs,train
Denver Nuggets,2013-02-19,Boston Celtics,train
New Orleans Hornets,2013-02-19,Chicago Bulls,train
Utah Jazz,2013-02-19,Golden State Warriors,train
Brooklyn Nets,2013-02-19,Milwaukee Bucks,train
Orlando Magic,2013-02-19,Charlotte Bobcats,train
Washington Wizards,2013-02-19,Toronto Raptors,train
Detroit Pistons,2013-02-19,Memphis Grizzlies,train
Toronto Raptors,2013-02-20,Memphis Grizzlies,train
Indiana Pacers,2013-02-20,New York Knicks,train
Charlotte Bobcats,2013-02-20,Detroit Pistons,train
Cleveland Cavaliers,2013-02-20,New Orleans Hornets,train
Minnesota Timberwolves,2013-02-20,Philadelphia 76ers,train
Milwaukee Bucks,2013-02-20,Brooklyn Nets,train
Atlanta Hawks,2013-02-20,Miami Heat,train
Houston Rockets,2013-02-20,Oklahoma City Thunder,train
Dallas Mavericks,2013-02-20,Orlando Magic,train
Los Angeles Lakers,2013-02-20,Boston Celtics,train
Golden State Warriors,2013-02-20,Phoenix Suns,train
Los Angeles Clippers,2013-02-21,San Antonio Spurs,train
Chicago Bulls,2013-02-21,Miami Heat,train
Washington Wizards,2013-02-22,Denver Nuggets,train
Indiana Pacers,2013-02-22,Detroit Pistons,train
Toronto Raptors,2013-02-22,New York Knicks,train
Charlotte Bobcats,2013-02-22,Chicago Bulls,train
Brooklyn Nets,2013-02-22,Houston Rockets,train
Atlanta Hawks,2013-02-22,Sacramento Kings,train
New Orleans Hornets,2013-02-22,Dallas Mavericks,train
Oklahoma City Thunder,2013-02-22,Minnesota Timberwolves,train
Memphis Grizzlies,2013-02-22,Orlando Magic,train
Phoenix Suns,2013-02-22,Boston Celtics,train
Golden State Warriors,2013-02-22,San Antonio Spurs,train
Los Angeles Lakers,2013-02-22,Portland Trail Blazers,train
Milwaukee Bucks,2013-02-23,Atlanta Hawks,train
Philadelphia 76ers,2013-02-23,Miami Heat,train
Detroit Pistons,2013-02-23,Indiana Pacers,train
Los Angeles Clippers,2013-02-23,Utah Jazz,train
Charlotte Bobcats,2013-02-23,Denver Nuggets,train
Washington Wizards,2013-02-23,Houston Rockets,train
Orlando Magic,2013-02-23,Cleveland Cavaliers,train
Portland Trail Blazers,2013-02-24,Boston Celtics,train
Brooklyn Nets,2013-02-24,Memphis Grizzlies,train
Phoenix Suns,2013-02-24,San Antonio Spurs,train
Oklahoma City Thunder,2013-02-24,Chicago Bulls,train
New York Knicks,2013-02-24,Philadelphia 76ers,train
Dallas Mavericks,2013-02-24,Los Angeles Lakers,train
New Orleans Hornets,2013-02-24,Sacramento Kings,train
Minnesota Timberwolves,2013-02-24,Golden State Warriors,train
Miami Heat,2013-02-24,Cleveland Cavaliers,train
Toronto Raptors,2013-02-25,Washington Wizards,train
Detroit Pistons,2013-02-25,Atlanta Hawks,train
Utah Jazz,2013-02-25,Boston Celtics,train
Denver Nuggets,2013-02-25,Los Angeles Lakers,train
Los Angeles Clippers,2013-02-26,Charlotte Bobcats,train
Phoenix Suns,2013-02-26,Minnesota Timberwolves,train
Dallas Mavericks,2013-02-26,Milwaukee Bucks,train
Chicago Bulls,2013-02-26,Cleveland Cavaliers,train
Miami Heat,2013-02-26,Sacramento Kings,train
Indiana Pacers,2013-02-26,Golden State Warriors,train
Philadelphia 76ers,2013-02-26,Orlando Magic,train
New Orleans Hornets,2013-02-26,Brooklyn Nets,train
Washington Wizards,2013-02-27,Detroit Pistons,train
Portland Trail Blazers,2013-02-27,Denver Nuggets,train
Utah Jazz,2013-02-27,Atlanta Hawks,train
San Antonio Spurs,2013-02-27,Phoenix Suns,train
Houston Rockets,2013-02-27,Milwaukee Bucks,train
Orlando Magic,2013-02-27,Sacramento Kings,train
Oklahoma City Thunder,2013-02-27,New Orleans Hornets,train
New York Knicks,2013-02-27,Golden State Warriors,train
Cleveland Cavaliers,2013-02-27,Toronto Raptors,train
Memphis Grizzlies,2013-02-27,Dallas Mavericks,train
Indiana Pacers,2013-02-28,Los Angeles Clippers,train
Chicago Bulls,2013-02-28,Philadelphia 76ers,train
Los Angeles Lakers,2013-02-28,Minnesota Timberwolves,train
New Orleans Hornets,2013-03-01,Detroit Pistons,train
Denver Nuggets,2013-03-01,Oklahoma City Thunder,train
Utah Jazz,2013-03-01,Charlotte Bobcats,train
Phoenix Suns,2013-03-01,Atlanta Hawks,train
San Antonio Spurs,2013-03-01,Sacramento Kings,train
Brooklyn Nets,2013-03-01,Dallas Mavericks,train
Orlando Magic,2013-03-01,Houston Rockets,train
Boston Celtics,2013-03-01,Golden State Warriors,train
Cleveland Cavaliers,2013-03-01,Los Angeles Clippers,train
Toronto Raptors,2013-03-01,Indiana Pacers,train
Washington Wizards,2013-03-01,New York Knicks,train
Miami Heat,2013-03-01,Memphis Grizzlies,train
Philadelphia 76ers,2013-03-02,Golden State Warriors,train
Chicago Bulls,2013-03-02,Brooklyn Nets,train
Milwaukee Bucks,2013-03-02,Toronto Raptors,train
Portland Trail Blazers,2013-03-02,Minnesota Timberwolves,train
Los Angeles Lakers,2013-03-03,Atlanta Hawks,train
Indiana Pacers,2013-03-03,Chicago Bulls,train
Houston Rockets,2013-03-03,Dallas Mavericks,train
San Antonio Spurs,2013-03-03,Detroit Pistons,train
Washington Wizards,2013-03-03,Philadelphia 76ers,train
Sacramento Kings,2013-03-03,Charlotte Bobcats,train
Los Angeles Clippers,2013-03-03,Oklahoma City Thunder,train
New York Knicks,2013-03-03,Miami Heat,train
Orlando Magic,2013-03-03,Memphis Grizzlies,train
Golden State Warriors,2013-03-04,Toronto Raptors,train
Cleveland Cavaliers,2013-03-04,New York Knicks,train
New Orleans Hornets,2013-03-04,Orlando Magic,train
Minnesota Timberwolves,2013-03-04,Miami Heat,train
Milwaukee Bucks,2013-03-04,Utah Jazz,train
Denver Nuggets,2013-03-04,Atlanta Hawks,train
Portland Trail Blazers,2013-03-04,Charlotte Bobcats,train
Oklahoma City Thunder,2013-03-05,Los Angeles Lakers,train
Sacramento Kings,2013-03-05,Denver Nuggets,train
Philadelphia 76ers,2013-03-05,Boston Celtics,train
Golden State Warriors,2013-03-06,Sacramento Kings,train
Indiana Pacers,2013-03-06,Boston Celtics,train
Charlotte Bobcats,2013-03-06,Brooklyn Nets,train
Cleveland Cavaliers,2013-03-06,Utah Jazz,train
Detroit Pistons,2013-03-06,New York Knicks,train
Atlanta Hawks,2013-03-06,Philadelphia 76ers,train
Miami Heat,2013-03-06,Orlando Magic,train
Minnesota Timberwolves,2013-03-06,Washington Wizards,train
Memphis Grizzlies,2013-03-06,Portland Trail Blazers,train
New Orleans Hornets,2013-03-06,Los Angeles Lakers,train
Dallas Mavericks,2013-03-06,Houston Rockets,train
Phoenix Suns,2013-03-06,Toronto Raptors,train
San Antonio Spurs,2013-03-06,Chicago Bulls,train
Los Angeles Clippers,2013-03-06,Milwaukee Bucks,train
Denver Nuggets,2013-03-07,Los Angeles Clippers,train
New York Knicks,2013-03-07,Oklahoma City Thunder,train
Golden State Warriors,2013-03-08,Houston Rockets,train
Orlando Magic,2013-03-08,Indiana Pacers,train
Charlotte Bobcats,2013-03-08,Oklahoma City Thunder,train
Boston Celtics,2013-03-08,Atlanta Hawks,train
Brooklyn Nets,2013-03-08,Washington Wizards,train
Cleveland Cavaliers,2013-03-08,Memphis Grizzlies,train
Detroit Pistons,2013-03-08,Dallas Mavericks,train
Chicago Bulls,2013-03-08,Utah Jazz,train
Miami Heat,2013-03-08,Philadelphia 76ers,train
San Antonio Spurs,2013-03-08,Portland Trail Blazers,train
Sacramento Kings,2013-03-08,Phoenix Suns,train
Los Angeles Lakers,2013-03-08,Toronto Raptors,train
Denver Nuggets,2013-03-09,Minnesota Timberwolves,train
Memphis Grizzlies,2013-03-09,New Orleans Hornets,train
Golden State Warriors,2013-03-09,Milwaukee Bucks,train
Phoenix Suns,2013-03-09,Houston Rockets,train
Atlanta Hawks,2013-03-09,Brooklyn Nets,train
New York Knicks,2013-03-09,Utah Jazz,train
Washington Wizards,2013-03-09,Charlotte Bobcats,train
Oklahoma City Thunder,2013-03-10,Boston Celtics,train
Los Angeles Lakers,2013-03-10,Chicago Bulls,train
Toronto Raptors,2013-03-10,Cleveland Cavaliers,train
Miami Heat,2013-03-10,Indiana Pacers,train
Orlando Magic,2013-03-10,Philadelphia 76ers,train
Minnesota Timberwolves,2013-03-10,Dallas Mavericks,train
New Orleans Hornets,2013-03-10,Portland Trail Blazers,train
Sacramento Kings,2013-03-10,Milwaukee Bucks,train
Los Angeles Clippers,2013-03-10,Detroit Pistons,train
Golden State Warriors,2013-03-11,New York Knicks,train
Phoenix Suns,2013-03-11,Denver Nuggets,train
San Antonio Spurs,2013-03-11,Oklahoma City Thunder,train
Philadelphia 76ers,2013-03-11,Brooklyn Nets,train
Utah Jazz,2013-03-11,Detroit Pistons,train
Portland Trail Blazers,2013-03-12,Memphis Grizzlies,train
Charlotte Bobcats,2013-03-12,Boston Celtics,train
Cleveland Cavaliers,2013-03-12,Washington Wizards,train
Orlando Magic,2013-03-12,Los Angeles Lakers,train
Miami Heat,2013-03-12,Atlanta Hawks,train
Brooklyn Nets,2013-03-12,New Orleans Hornets,train
Milwaukee Bucks,2013-03-12,Dallas Mavericks,train
Minnesota Timberwolves,2013-03-12,San Antonio Spurs,train
Sacramento Kings,2013-03-13,Chicago Bulls,train
Houston Rockets,2013-03-13,Phoenix Suns,train
Los Angeles Clippers,2013-03-13,Memphis Grizzlies,train
Golden State Warriors,2013-03-13,Detroit Pistons,train
Oklahoma City Thunder,2013-03-13,Utah Jazz,train
Denver Nuggets,2013-03-13,New York Knicks,train
Atlanta Hawks,2013-03-13,Los Angeles Lakers,train
Indiana Pacers,2013-03-13,Minnesota Timberwolves,train
Philadelphia 76ers,2013-03-13,Miami Heat,train
Washington Wizards,2013-03-13,Milwaukee Bucks,train
Boston Celtics,2013-03-13,Toronto Raptors,train
San Antonio Spurs,2013-03-14,Dallas Mavericks,train
Portland Trail Blazers,2013-03-14,New York Knicks,train
Golden State Warriors,2013-03-15,Chicago Bulls,train
Denver Nuggets,2013-03-15,Memphis Grizzlies,train
Milwaukee Bucks,2013-03-15,Miami Heat,train
Dallas Mavericks,2013-03-15,Cleveland Cavaliers,train
Oklahoma City Thunder,2013-03-15,Orlando Magic,train
Toronto Raptors,2013-03-15,Charlotte Bobcats,train
Atlanta Hawks,2013-03-15,Phoenix Suns,train
Indiana Pacers,2013-03-15,Los Angeles Lakers,train
Washington Wizards,2013-03-15,New Orleans Hornets,train
Houston Rockets,2013-03-15,Minnesota Timberwolves,train
Portland Trail Blazers,2013-03-16,Detroit Pistons,train
Utah Jazz,2013-03-16,Memphis Grizzlies,train
San Antonio Spurs,2013-03-16,Cleveland Cavaliers,train
Washington Wizards,2013-03-16,Phoenix Suns,train
Philadelphia 76ers,2013-03-16,Indiana Pacers,train
Boston Celtics,2013-03-16,Charlotte Bobcats,train
Milwaukee Bucks,2013-03-17,Orlando Magic,train
Toronto Raptors,2013-03-17,Miami Heat,train
Los Angeles Clippers,2013-03-17,New York Knicks,train
Minnesota Timberwolves,2013-03-17,New Orleans Hornets,train
Houston Rockets,2013-03-17,Golden State Warriors,train
Dallas Mavericks,2013-03-17,Oklahoma City Thunder,train
Brooklyn Nets,2013-03-17,Atlanta Hawks,train
Los Angeles Lakers,2013-03-17,Sacramento Kings,train
Memphis Grizzlies,2013-03-18,Minnesota Timberwolves,train
Phoenix Suns,2013-03-18,Los Angeles Lakers,train
Utah Jazz,2013-03-18,New York Knicks,train
New Orleans Hornets,2013-03-18,Golden State Warriors,train
Chicago Bulls,2013-03-18,Denver Nuggets,train
Charlotte Bobcats,2013-03-18,Washington Wizards,train
Atlanta Hawks,2013-03-18,Dallas Mavericks,train
Detroit Pistons,2013-03-18,Brooklyn Nets,train
Philadelphia 76ers,2013-03-18,Portland Trail Blazers,train
Cleveland Cavaliers,2013-03-18,Indiana Pacers,train
Boston Celtics,2013-03-18,Miami Heat,train
Indiana Pacers,2013-03-19,Orlando Magic,train
Oklahoma City Thunder,2013-03-19,Denver Nuggets,train
Milwaukee Bucks,2013-03-19,Portland Trail Blazers,train
Sacramento Kings,2013-03-19,Los Angeles Clippers,train
Los Angeles Clippers,2013-03-20,Philadelphia 76ers,train
Phoenix Suns,2013-03-20,Washington Wizards,train
San Antonio Spurs,2013-03-20,Golden State Warriors,train
Memphis Grizzlies,2013-03-20,Oklahoma City Thunder,train
Houston Rockets,2013-03-20,Utah Jazz,train
New Orleans Hornets,2013-03-20,Boston Celtics,train
New York Knicks,2013-03-20,Orlando Magic,train
Atlanta Hawks,2013-03-20,Milwaukee Bucks,train
Charlotte Bobcats,2013-03-20,Toronto Raptors,train
Cleveland Cavaliers,2013-03-20,Miami Heat,train
Dallas Mavericks,2013-03-20,Brooklyn Nets,train
Chicago Bulls,2013-03-21,Portland Trail Blazers,train
Denver Nuggets,2013-03-21,Philadelphia 76ers,train
Sacramento Kings,2013-03-21,Minnesota Timberwolves,train
Los Angeles Lakers,2013-03-22,Washington Wizards,train
Phoenix Suns,2013-03-22,Minnesota Timberwolves,train
San Antonio Spurs,2013-03-22,Utah Jazz,train
Dallas Mavericks,2013-03-22,Boston Celtics,train
New Orleans Hornets,2013-03-22,Memphis Grizzlies,train
Houston Rockets,2013-03-22,Cleveland Cavaliers,train
Miami Heat,2013-03-22,Detroit Pistons,train
Orlando Magic,2013-03-22,Oklahoma City Thunder,train
Indiana Pacers,2013-03-22,Milwaukee Bucks,train
Toronto Raptors,2013-03-22,New York Knicks,train
Atlanta Hawks,2013-03-22,Portland Trail Blazers,train
Charlotte Bobcats,2013-03-23,Detroit Pistons,train
New York Knicks,2013-03-23,Toronto Raptors,train
Chicago Bulls,2013-03-23,Indiana Pacers,train
Memphis Grizzlies,2013-03-23,Boston Celtics,train
Denver Nuggets,2013-03-23,Sacramento Kings,train
Golden State Warriors,2013-03-23,Washington Wizards,train
Los Angeles Clippers,2013-03-23,Brooklyn Nets,train
Phoenix Suns,2013-03-24,Brooklyn Nets,train
Sacramento Kings,2013-03-24,Philadelphia 76ers,train
Oklahoma City Thunder,2013-03-24,Portland Trail Blazers,train
Dallas Mavericks,2013-03-24,Utah Jazz,train
Minnesota Timberwolves,2013-03-24,Chicago Bulls,train
Houston Rockets,2013-03-24,San Antonio Spurs,train
Miami Heat,2013-03-24,Charlotte Bobcats,train
Milwaukee Bucks,2013-03-24,Atlanta Hawks,train
Utah Jazz,2013-03-25,Philadelphia 76ers,train
New Orleans Hornets,2013-03-25,Denver Nuggets,train
Golden State Warriors,2013-03-25,Los Angeles Lakers,train
Indiana Pacers,2013-03-25,Atlanta Hawks,train
Orlando Magic,2013-03-25,Miami Heat,train
Washington Wizards,2013-03-25,Memphis Grizzlies,train
Boston Celtics,2013-03-26,New York Knicks,train
Detroit Pistons,2013-03-26,Minnesota Timberwolves,train
Dallas Mavericks,2013-03-26,Los Angeles Clippers,train
Chicago Bulls,2013-03-27,Miami Heat,train
Golden State Warriors,2013-03-27,Sacramento Kings,train
Utah Jazz,2013-03-27,Phoenix Suns,train
San Antonio Spurs,2013-03-27,Denver Nuggets,train
Oklahoma City Thunder,2013-03-27,Washington Wizards,train
Portland Trail Blazers,2013-03-27,Brooklyn Nets,train
Houston Rockets,2013-03-27,Indiana Pacers,train
New York Knicks,2013-03-27,Memphis Grizzlies,train
New Orleans Hornets,2013-03-27,Los Angeles Clippers,train
Toronto Raptors,2013-03-27,Atlanta Hawks,train
Philadelphia 76ers,2013-03-27,Milwaukee Bucks,train
Charlotte Bobcats,2013-03-27,Orlando Magic,train
Cleveland Cavaliers,2013-03-27,Boston Celtics,train
Minnesota Timberwolves,2013-03-27,Los Angeles Lakers,train
Milwaukee Bucks,2013-03-28,Los Angeles Lakers,train
Dallas Mavericks,2013-03-28,Indiana Pacers,train
Phoenix Suns,2013-03-28,Sacramento Kings,train
Portland Trail Blazers,2013-03-29,Utah Jazz,train
Denver Nuggets,2013-03-29,Brooklyn Nets,train
San Antonio Spurs,2013-03-29,Los Angeles Clippers,train
Memphis Grizzlies,2013-03-29,Houston Rockets,train
New Orleans Hornets,2013-03-29,Miami Heat,train
Minnesota Timberwolves,2013-03-29,Oklahoma City Thunder,train
Detroit Pistons,2013-03-29,Toronto Raptors,train
Boston Celtics,2013-03-29,Atlanta Hawks,train
Cleveland Cavaliers,2013-03-29,Philadelphia 76ers,train
Orlando Magic,2013-03-29,Washington Wizards,train
New York Knicks,2013-03-29,Charlotte Bobcats,train
Sacramento Kings,2013-03-30,Los Angeles Lakers,train
Dallas Mavericks,2013-03-30,Chicago Bulls,train
Atlanta Hawks,2013-03-30,Orlando Magic,train
Philadelphia 76ers,2013-03-30,Charlotte Bobcats,train
Minnesota Timberwolves,2013-03-30,Memphis Grizzlies,train
Houston Rockets,2013-03-30,Los Angeles Clippers,train
Milwaukee Bucks,2013-03-30,Oklahoma City Thunder,train
Utah Jazz,2013-03-30,Brooklyn Nets,train
Phoenix Suns,2013-03-30,Indiana Pacers,train
Golden State Warriors,2013-03-30,Portland Trail Blazers,train
New York Knicks,2013-03-31,Boston Celtics,train
San Antonio Spurs,2013-03-31,Miami Heat,train
Chicago Bulls,2013-03-31,Detroit Pistons,train
New Orleans Hornets,2013-03-31,Cleveland Cavaliers,train
Washington Wizards,2013-03-31,Toronto Raptors,train
Utah Jazz,2013-04-01,Portland Trail Blazers,train
Milwaukee Bucks,2013-04-01,Charlotte Bobcats,train
Memphis Grizzlies,2013-04-01,San Antonio Spurs,train
Los Angeles Clippers,2013-04-01,Indiana Pacers,train
Houston Rockets,2013-04-01,Orlando Magic,train
Atlanta Hawks,2013-04-01,Cleveland Cavaliers,train
Toronto Raptors,2013-04-01,Detroit Pistons,train
Minnesota Timberwolves,2013-04-01,Boston Celtics,train
Washington Wizards,2013-04-02,Chicago Bulls,train
Miami Heat,2013-04-02,New York Knicks,train
Los Angeles Lakers,2013-04-02,Dallas Mavericks,train
Utah Jazz,2013-04-03,Denver Nuggets,train
Los Angeles Clippers,2013-04-03,Phoenix Suns,train
Golden State Warriors,2013-04-03,New Orleans Hornets,train
Sacramento Kings,2013-04-03,Houston Rockets,train
Portland Trail Blazers,2013-04-03,Memphis Grizzlies,train
San Antonio Spurs,2013-04-03,Orlando Magic,train
Charlotte Bobcats,2013-04-03,Philadelphia 76ers,train
Boston Celtics,2013-04-03,Detroit Pistons,train
Cleveland Cavaliers,2013-04-03,Brooklyn Nets,train
Toronto Raptors,2013-04-03,Washington Wizards,train
Atlanta Hawks,2013-04-03,New York Knicks,train
Milwaukee Bucks,2013-04-03,Minnesota Timberwolves,train
Brooklyn Nets,2013-04-04,Chicago Bulls,train
Denver Nuggets,2013-04-04,Dallas Mavericks,train
Oklahoma City Thunder,2013-04-04,San Antonio Spurs,train
Utah Jazz,2013-04-05,New Orleans Hornets,train
Los Angeles Lakers,2013-04-05,Memphis Grizzlies,train
Phoenix Suns,2013-04-05,Golden State Warriors,train
Sacramento Kings,2013-04-05,Dallas Mavericks,train
Portland Trail Blazers,2013-04-05,Houston Rockets,train
Indiana Pacers,2013-04-05,Oklahoma City Thunder,train
Atlanta Hawks,2013-04-05,Philadelphia 76ers,train
Minnesota Timberwolves,2013-04-05,Toronto Raptors,train
Boston Celtics,2013-04-05,Cleveland Cavaliers,train
New York Knicks,2013-04-05,Milwaukee Bucks,train
Charlotte Bobcats,2013-04-05,Miami Heat,train
Chicago Bulls,2013-04-05,Orlando Magic,train
Washington Wizards,2013-04-06,Indiana Pacers,train
Miami Heat,2013-04-06,Philadelphia 76ers,train
Brooklyn Nets,2013-04-06,Charlotte Bobcats,train
Minnesota Timberwolves,2013-04-06,Detroit Pistons,train
San Antonio Spurs,2013-04-06,Atlanta Hawks,train
Milwaukee Bucks,2013-04-06,Toronto Raptors,train
Denver Nuggets,2013-04-06,Houston Rockets,train
Portland Trail Blazers,2013-04-07,Dallas Mavericks,train
Phoenix Suns,2013-04-07,New Orleans Hornets,train
Golden State Warriors,2013-04-07,Utah Jazz,train
Detroit Pistons,2013-04-07,Chicago Bulls,train
Oklahoma City Thunder,2013-04-07,New York Knicks,train
Boston Celtics,2013-04-07,Washington Wizards,train
Sacramento Kings,2013-04-07,Memphis Grizzlies,train
Los Angeles Clippers,2013-04-07,Los Angeles Lakers,train
Cleveland Cavaliers,2013-04-07,Orlando Magic,train
Utah Jazz,2013-04-09,Oklahoma City Thunder,train
Los Angeles Lakers,2013-04-09,New Orleans Hornets,train
Golden State Warriors,2013-04-09,Minnesota Timberwolves,train
Memphis Grizzlies,2013-04-09,Charlotte Bobcats,train
Houston Rockets,2013-04-09,Phoenix Suns,train
New York Knicks,2013-04-09,Washington Wizards,train
Brooklyn Nets,2013-04-09,Philadelphia 76ers,train
Miami Heat,2013-04-09,Milwaukee Bucks,train
Indiana Pacers,2013-04-09,Cleveland Cavaliers,train
Chicago Bulls,2013-04-09,Toronto Raptors,train
Portland Trail Blazers,2013-04-10,Los Angeles Lakers,train
Orlando Magic,2013-04-10,Milwaukee Bucks,train
Philadelphia 76ers,2013-04-10,Atlanta Hawks,train
Cleveland Cavaliers,2013-04-10,Detroit Pistons,train
Washington Wizards,2013-04-10,Miami Heat,train
Boston Celtics,2013-04-10,Brooklyn Nets,train
Dallas Mavericks,2013-04-10,Phoenix Suns,train
Sacramento Kings,2013-04-10,New Orleans Hornets,train
Los Angeles Clippers,2013-04-10,Minnesota Timberwolves,train
Denver Nuggets,2013-04-10,San Antonio Spurs,train
Golden State Warriors,2013-04-11,Oklahoma City Thunder,train
Chicago Bulls,2013-04-11,New York Knicks,train
New Orleans Hornets,2013-04-12,Los Angeles Clippers,train
Los Angeles Lakers,2013-04-12,Golden State Warriors,train
Portland Trail Blazers,2013-04-12,Oklahoma City Thunder,train
San Antonio Spurs,2013-04-12,Sacramento Kings,train
Dallas Mavericks,2013-04-12,Denver Nuggets,train
Houston Rockets,2013-04-12,Memphis Grizzlies,train
Utah Jazz,2013-04-12,Minnesota Timberwolves,train
Cleveland Cavaliers,2013-04-12,New York Knicks,train
Miami Heat,2013-04-12,Boston Celtics,train
Atlanta Hawks,2013-04-12,Milwaukee Bucks,train
Toronto Raptors,2013-04-12,Chicago Bulls,train
Washington Wizards,2013-04-12,Philadelphia 76ers,train
Indiana Pacers,2013-04-12,Brooklyn Nets,train
Detroit Pistons,2013-04-12,Charlotte Bobcats,train
Minnesota Timberwolves,2013-04-13,Phoenix Suns,train
Memphis Grizzlies,2013-04-13,Los Angeles Clippers,train
Orlando Magic,2013-04-13,Boston Celtics,train
Charlotte Bobcats,2013-04-13,Milwaukee Bucks,train
Miami Heat,2013-04-14,Chicago Bulls,train
Philadelphia 76ers,2013-04-14,Cleveland Cavaliers,train
New York Knicks,2013-04-14,Indiana Pacers,train
Toronto Raptors,2013-04-14,Brooklyn Nets,train
Denver Nuggets,2013-04-14,Portland Trail Blazers,train
New Orleans Hornets,2013-04-14,Dallas Mavericks,train
Houston Rockets,2013-04-14,Sacramento Kings,train
Los Angeles Lakers,2013-04-14,San Antonio Spurs,train
Charlotte Bobcats,2013-04-15,New York Knicks,train
Golden State Warriors,2013-04-15,San Antonio Spurs,train
Phoenix Suns,2013-04-15,Houston Rockets,train
Milwaukee Bucks,2013-04-15,Denver Nuggets,train
Oklahoma City Thunder,2013-04-15,Sacramento Kings,train
Minnesota Timberwolves,2013-04-15,Utah Jazz,train
Cleveland Cavaliers,2013-04-15,Miami Heat,train
Detroit Pistons,2013-04-15,Philadelphia 76ers,train
Brooklyn Nets,2013-04-15,Washington Wizards,train
Orlando Magic,2013-04-15,Chicago Bulls,train
Dallas Mavericks,2013-04-15,Memphis Grizzlies,train
Atlanta Hawks,2013-04-16,Toronto Raptors,train
Los Angeles Clippers,2013-04-16,Portland Trail Blazers,train
San Antonio Spurs,2013-04-17,Minnesota Timberwolves,train
Memphis Grizzlies,2013-04-17,Utah Jazz,train
Dallas Mavericks,2013-04-17,New Orleans Hornets,train
Sacramento Kings,2013-04-17,Los Angeles Clippers,train
Portland Trail Blazers,2013-04-17,Golden State Warriors,train
Denver Nuggets,2013-04-17,Phoenix Suns,train
Charlotte Bobcats,2013-04-17,Cleveland Cavaliers,train
Los Angeles Lakers,2013-04-17,Houston Rockets,train
New York Knicks,2013-04-17,Atlanta Hawks,train
Oklahoma City Thunder,2013-04-17,Milwaukee Bucks,train
Chicago Bulls,2013-04-17,Washington Wizards,train
Toronto Raptors,2013-04-17,Boston Celtics,train
Miami Heat,2013-04-17,Orlando Magic,train
Indiana Pacers,2013-04-17,Philadelphia 76ers,train
Brooklyn Nets,2013-04-17,Detroit Pistons,train
Los Angeles Clippers,2013-04-20,Memphis Grizzlies,train
Brooklyn Nets,2013-04-20,Chicago Bulls,train
Denver Nuggets,2013-04-20,Golden State Warriors,train
New York Knicks,2013-04-20,Boston Celtics,train
Indiana Pacers,2013-04-21,Atlanta Hawks,train
San Antonio Spurs,2013-04-21,Los Angeles Lakers,train
Miami Heat,2013-04-21,Milwaukee Bucks,train
Oklahoma City Thunder,2013-04-21,Houston Rockets,train
Brooklyn Nets,2013-04-22,Chicago Bulls,train
Los Angeles Clippers,2013-04-22,Memphis Grizzlies,train
Denver Nuggets,2013-04-23,Golden State Warriors,train
Miami Heat,2013-04-23,Milwaukee Bucks,train
New York Knicks,2013-04-23,Boston Celtics,train
Oklahoma City Thunder,2013-04-24,Houston Rockets,train
Indiana Pacers,2013-04-24,Atlanta Hawks,train
San Antonio Spurs,2013-04-24,Los Angeles Lakers,train
Milwaukee Bucks,2013-04-25,Miami Heat,train
Chicago Bulls,2013-04-25,Brooklyn Nets,train
Memphis Grizzlies,2013-04-25,Los Angeles Clippers,train
Boston Celtics,2013-04-26,New York Knicks,train
Los Angeles Lakers,2013-04-26,San Antonio Spurs,train
Golden State Warriors,2013-04-26,Denver Nuggets,train
Chicago Bulls,2013-04-27,Brooklyn Nets,train
Memphis Grizzlies,2013-04-27,Los Angeles Clippers,train
Atlanta Hawks,2013-04-27,Indiana Pacers,train
Houston Rockets,2013-04-27,Oklahoma City Thunder,train
Golden State Warriors,2013-04-28,Denver Nuggets,train
Los Angeles Lakers,2013-04-28,San Antonio Spurs,train
Boston Celtics,2013-04-28,New York Knicks,train
Milwaukee Bucks,2013-04-28,Miami Heat,train
Atlanta Hawks,2013-04-29,Indiana Pacers,train
Brooklyn Nets,2013-04-29,Chicago Bulls,train
Houston Rockets,2013-04-29,Oklahoma City Thunder,train
Denver Nuggets,2013-04-30,Golden State Warriors,train
Los Angeles Clippers,2013-04-30,Memphis Grizzlies,train
New York Knicks,2013-05-01,Boston Celtics,train
Indiana Pacers,2013-05-01,Atlanta Hawks,train
Oklahoma City Thunder,2013-05-01,Houston Rockets,train
Chicago Bulls,2013-05-02,Brooklyn Nets,train
Golden State Warriors,2013-05-02,Denver Nuggets,train
Memphis Grizzlies,2013-05-03,Los Angeles Clippers,train
Boston Celtics,2013-05-03,New York Knicks,train
Atlanta Hawks,2013-05-03,Indiana Pacers,train
Houston Rockets,2013-05-03,Oklahoma City Thunder,train
Brooklyn Nets,2013-05-04,Chicago Bulls,train
New York Knicks,2013-05-05,Indiana Pacers,train
Oklahoma City Thunder,2013-05-05,Memphis Grizzlies,train
San Antonio Spurs,2013-05-06,Golden State Warriors,train
Miami Heat,2013-05-06,Chicago Bulls,train
New York Knicks,2013-05-07,Indiana Pacers,train
Oklahoma City Thunder,2013-05-07,Memphis Grizzlies,train
Miami Heat,2013-05-08,Chicago Bulls,train
San Antonio Spurs,2013-05-08,Golden State Warriors,train
Chicago Bulls,2013-05-10,Miami Heat,train
Golden State Warriors,2013-05-10,San Antonio Spurs,train
Memphis Grizzlies,2013-05-11,Oklahoma City Thunder,train
Indiana Pacers,2013-05-11,New York Knicks,train
Golden State Warriors,2013-05-12,San Antonio Spurs,train
Chicago Bulls,2013-05-13,Miami Heat,train
Memphis Grizzlies,2013-05-13,Oklahoma City Thunder,train
San Antonio Spurs,2013-05-14,Golden State Warriors,train
Indiana Pacers,2013-05-14,New York Knicks,train
Miami Heat,2013-05-15,Chicago Bulls,train
Oklahoma City Thunder,2013-05-15,Memphis Grizzlies,train
New York Knicks,2013-05-16,Indiana Pacers,train
Golden State Warriors,2013-05-16,San Antonio Spurs,train
Indiana Pacers,2013-05-18,New York Knicks,train
San Antonio Spurs,2013-05-19,Memphis Grizzlies,train
San Antonio Spurs,2013-05-21,Memphis Grizzlies,train
Miami Heat,2013-05-22,Indiana Pacers,train
Miami Heat,2013-05-24,Indiana Pacers,train
Memphis Grizzlies,2013-05-25,San Antonio Spurs,train
Indiana Pacers,2013-05-26,Miami Heat,train
Memphis Grizzlies,2013-05-27,San Antonio Spurs,train
Indiana Pacers,2013-05-28,Miami Heat,train
Miami Heat,2013-05-30,Indiana Pacers,train
Indiana Pacers,2013-06-01,Miami Heat,train
Miami Heat,2013-06-03,Indiana Pacers,train
Miami Heat,2013-06-06,San Antonio Spurs,train
Miami Heat,2013-06-09,San Antonio Spurs,train
San Antonio Spurs,2013-06-11,Miami Heat,train
San Antonio Spurs,2013-06-13,Miami Heat,train
San Antonio Spurs,2013-06-16,Miami Heat,train
Miami Heat,2013-06-18,San Antonio Spurs,train
Miami Heat,2013-06-20,San Antonio Spurs,train
Chicago Bulls,2013-10-31,New York Knicks,train
Los Angeles Clippers,2013-10-31,Golden State Warriors,train
Denver Nuggets,2013-11-01,Portland Trail Blazers,train
Phoenix Suns,2013-11-01,Utah Jazz,train
Brooklyn Nets,2013-11-01,Miami Heat,train
Los Angeles Lakers,2013-11-01,San Antonio Spurs,train
Sacramento Kings,2013-11-01,Los Angeles Clippers,train
Memphis Grizzlies,2013-11-01,Detroit Pistons,train
Minnesota Timberwolves,2013-11-01,Oklahoma City Thunder,train
Houston Rockets,2013-11-01,Dallas Mavericks,train
Boston Celtics,2013-11-01,Milwaukee Bucks,train
Atlanta Hawks,2013-11-01,Toronto Raptors,train
Washington Wizards,2013-11-01,Philadelphia 76ers,train
Charlotte Bobcats,2013-11-01,Cleveland Cavaliers,train
Orlando Magic,2013-11-01,New Orleans Pelicans,train
Portland Trail Blazers,2013-11-02,San Antonio Spurs,train
Utah Jazz,2013-11-02,Houston Rockets,train
Dallas Mavericks,2013-11-02,Memphis Grizzlies,train
Golden State Warriors,2013-11-02,Sacramento Kings,train
Philadelphia 76ers,2013-11-02,Chicago Bulls,train
Indiana Pacers,2013-11-02,Cleveland Cavaliers,train
Milwaukee Bucks,2013-11-02,Toronto Raptors,train
New Orleans Pelicans,2013-11-02,Charlotte Bobcats,train
Oklahoma City Thunder,2013-11-03,Phoenix Suns,train
Los Angeles Lakers,2013-11-03,Atlanta Hawks,train
New York Knicks,2013-11-03,Minnesota Timberwolves,train
Orlando Magic,2013-11-03,Brooklyn Nets,train
Detroit Pistons,2013-11-03,Boston Celtics,train
Miami Heat,2013-11-03,Washington Wizards,train
Philadelphia 76ers,2013-11-04,Golden State Warriors,train
Cleveland Cavaliers,2013-11-04,Minnesota Timberwolves,train
Memphis Grizzlies,2013-11-04,Boston Celtics,train
Los Angeles Clippers,2013-11-04,Houston Rockets,train
Dallas Mavericks,2013-11-05,Los Angeles Lakers,train
Portland Trail Blazers,2013-11-05,Houston Rockets,train
Denver Nuggets,2013-11-05,San Antonio Spurs,train
New Orleans Pelicans,2013-11-05,Phoenix Suns,train
Sacramento Kings,2013-11-05,Atlanta Hawks,train
New York Knicks,2013-11-05,Charlotte Bobcats,train
Brooklyn Nets,2013-11-05,Utah Jazz,train
Toronto Raptors,2013-11-05,Miami Heat,train
Detroit Pistons,2013-11-05,Indiana Pacers,train
San Antonio Spurs,2013-11-06,Phoenix Suns,train
Milwaukee Bucks,2013-11-06,Cleveland Cavaliers,train
Oklahoma City Thunder,2013-11-06,Dallas Mavericks,train
Memphis Grizzlies,2013-11-06,New Orleans Pelicans,train
Minnesota Timberwolves,2013-11-06,Golden State Warriors,train
Philadelphia 76ers,2013-11-06,Washington Wizards,train
Orlando Magic,2013-11-06,Los Angeles Clippers,train
Indiana Pacers,2013-11-06,Chicago Bulls,train
Boston Celtics,2013-11-06,Utah Jazz,train
Charlotte Bobcats,2013-11-06,Toronto Raptors,train
Miami Heat,2013-11-07,Los Angeles Clippers,train
Denver Nuggets,2013-11-07,Atlanta Hawks,train
Houston Rockets,2013-11-07,Los Angeles Lakers,train
Portland Trail Blazers,2013-11-08,Sacramento Kings,train
Phoenix Suns,2013-11-08,Denver Nuggets,train
San Antonio Spurs,2013-11-08,Golden State Warriors,train
New Orleans Pelicans,2013-11-08,Los Angeles Lakers,train
Minnesota Timberwolves,2013-11-08,Dallas Mavericks,train
Chicago Bulls,2013-11-08,Utah Jazz,train
Detroit Pistons,2013-11-08,Oklahoma City Thunder,train
Washington Wizards,2013-11-08,Brooklyn Nets,train
Philadelphia 76ers,2013-11-08,Cleveland Cavaliers,train
Orlando Magic,2013-11-08,Boston Celtics,train
Indiana Pacers,2013-11-08,Toronto Raptors,train
Charlotte Bobcats,2013-11-08,New York Knicks,train
Sacramento Kings,2013-11-09,Portland Trail Blazers,train
Milwaukee Bucks,2013-11-09,Dallas Mavericks,train
Memphis Grizzlies,2013-11-09,Golden State Warriors,train
Houston Rockets,2013-11-09,Los Angeles Clippers,train
Toronto Raptors,2013-11-09,Utah Jazz,train
Cleveland Cavaliers,2013-11-09,Philadelphia 76ers,train
Brooklyn Nets,2013-11-09,Indiana Pacers,train
Atlanta Hawks,2013-11-09,Orlando Magic,train
Miami Heat,2013-11-09,Boston Celtics,train
New York Knicks,2013-11-10,San Antonio Spurs,train
Oklahoma City Thunder,2013-11-10,Washington Wizards,train
Phoenix Suns,2013-11-10,New Orleans Pelicans,train
Los Angeles Lakers,2013-11-10,Minnesota Timberwolves,train
Utah Jazz,2013-11-11,Denver Nuggets,train
Los Angeles Clippers,2013-11-11,Minnesota Timberwolves,train
Portland Trail Blazers,2013-11-11,Detroit Pistons,train
Houston Rockets,2013-11-11,Toronto Raptors,train
Charlotte Bobcats,2013-11-11,Atlanta Hawks,train
Boston Celtics,2013-11-11,Orlando Magic,train
Philadelphia 76ers,2013-11-11,San Antonio Spurs,train
Indiana Pacers,2013-11-11,Memphis Grizzlies,train
Chicago Bulls,2013-11-11,Cleveland Cavaliers,train
Miami Heat,2013-11-12,Milwaukee Bucks,train
Dallas Mavericks,2013-11-12,Washington Wizards,train
Golden State Warriors,2013-11-12,Detroit Pistons,train
Los Angeles Lakers,2013-11-12,New Orleans Pelicans,train
Los Angeles Clippers,2013-11-13,Oklahoma City Thunder,train
Sacramento Kings,2013-11-13,Brooklyn Nets,train
Portland Trail Blazers,2013-11-13,Phoenix Suns,train
Utah Jazz,2013-11-13,New Orleans Pelicans,train
Denver Nuggets,2013-11-13,Los Angeles Lakers,train
San Antonio Spurs,2013-11-13,Washington Wizards,train
Minnesota Timberwolves,2013-11-13,Cleveland Cavaliers,train
Memphis Grizzlies,2013-11-13,Toronto Raptors,train
Boston Celtics,2013-11-13,Charlotte Bobcats,train
Philadelphia 76ers,2013-11-13,Houston Rockets,train
Orlando Magic,2013-11-13,Milwaukee Bucks,train
Atlanta Hawks,2013-11-13,New York Knicks,train
New York Knicks,2013-11-14,Houston Rockets,train
Golden State Warriors,2013-11-14,Oklahoma City Thunder,train
Phoenix Suns,2013-11-15,Brooklyn Nets,train
Sacramento Kings,2013-11-15,Detroit Pistons,train
Los Angeles Lakers,2013-11-15,Memphis Grizzlies,train
Miami Heat,2013-11-15,Dallas Mavericks,train
Utah Jazz,2013-11-15,San Antonio Spurs,train
Boston Celtics,2013-11-15,Portland Trail Blazers,train
Cleveland Cavaliers,2013-11-15,Charlotte Bobcats,train
Indiana Pacers,2013-11-15,Milwaukee Bucks,train
Toronto Raptors,2013-11-15,Chicago Bulls,train
Denver Nuggets,2013-11-15,Minnesota Timberwolves,train
Atlanta Hawks,2013-11-15,Philadelphia 76ers,train
Los Angeles Clippers,2013-11-16,Brooklyn Nets,train
Golden State Warriors,2013-11-16,Utah Jazz,train
Milwaukee Bucks,2013-11-16,Oklahoma City Thunder,train
Minnesota Timberwolves,2013-11-16,Boston Celtics,train
Houston Rockets,2013-11-16,Denver Nuggets,train
New Orleans Pelicans,2013-11-16,Philadelphia 76ers,train
New York Knicks,2013-11-16,Atlanta Hawks,train
Washington Wizards,2013-11-16,Cleveland Cavaliers,train
Orlando Magic,2013-11-16,Dallas Mavericks,train
Charlotte Bobcats,2013-11-16,Miami Heat,train
Chicago Bulls,2013-11-16,Indiana Pacers,train
Toronto Raptors,2013-11-17,Portland Trail Blazers,train
Sacramento Kings,2013-11-17,Memphis Grizzlies,train
Los Angeles Lakers,2013-11-17,Detroit Pistons,train
Utah Jazz,2013-11-18,Golden State Warriors,train
Los Angeles Clippers,2013-11-18,Memphis Grizzlies,train
Dallas Mavericks,2013-11-18,Philadelphia 76ers,train
Brooklyn Nets,2013-11-18,Portland Trail Blazers,train
Chicago Bulls,2013-11-18,Charlotte Bobcats,train
Oklahoma City Thunder,2013-11-18,Denver Nuggets,train
Washington Wizards,2013-11-19,Minnesota Timberwolves,train
Detroit Pistons,2013-11-19,New York Knicks,train
Miami Heat,2013-11-19,Atlanta Hawks,train
Houston Rockets,2013-11-19,Boston Celtics,train
Sacramento Kings,2013-11-19,Phoenix Suns,train
New Orleans Pelicans,2013-11-20,Utah Jazz,train
Golden State Warriors,2013-11-20,Memphis Grizzlies,train
Dallas Mavericks,2013-11-20,Houston Rockets,train
Phoenix Suns,2013-11-20,Sacramento Kings,train
San Antonio Spurs,2013-11-20,Boston Celtics,train
Minnesota Timberwolves,2013-11-20,Los Angeles Clippers,train
Atlanta Hawks,2013-11-20,Detroit Pistons,train
Orlando Magic,2013-11-20,Miami Heat,train
Philadelphia 76ers,2013-11-20,Toronto Raptors,train
New York Knicks,2013-11-20,Indiana Pacers,train
Cleveland Cavaliers,2013-11-20,Washington Wizards,train
Charlotte Bobcats,2013-11-20,Brooklyn Nets,train
Milwaukee Bucks,2013-11-20,Portland Trail Blazers,train
Oklahoma City Thunder,2013-11-21,Los Angeles Clippers,train
Denver Nuggets,2013-11-21,Chicago Bulls,train
Los Angeles Lakers,2013-11-22,Golden State Warriors,train
Portland Trail Blazers,2013-11-22,Chicago Bulls,train
Dallas Mavericks,2013-11-22,Utah Jazz,train
Minnesota Timberwolves,2013-11-22,Brooklyn Nets,train
Memphis Grizzlies,2013-11-22,San Antonio Spurs,train
New Orleans Pelicans,2013-11-22,Cleveland Cavaliers,train
Boston Celtics,2013-11-22,Indiana Pacers,train
Toronto Raptors,2013-11-22,Washington Wizards,train
Philadelphia 76ers,2013-11-22,Milwaukee Bucks,train
Charlotte Bobcats,2013-11-22,Phoenix Suns,train
Detroit Pistons,2013-11-22,Atlanta Hawks,train
Golden State Warriors,2013-11-23,Portland Trail Blazers,train
Denver Nuggets,2013-11-23,Dallas Mavericks,train
San Antonio Spurs,2013-11-23,Cleveland Cavaliers,train
Milwaukee Bucks,2013-11-23,Charlotte Bobcats,train
Houston Rockets,2013-11-23,Minnesota Timberwolves,train
Atlanta Hawks,2013-11-23,Boston Celtics,train
Washington Wizards,2013-11-23,New York Knicks,train
Indiana Pacers,2013-11-23,Philadelphia 76ers,train
Los Angeles Clippers,2013-11-23,Sacramento Kings,train
Miami Heat,2013-11-23,Orlando Magic,train
Oklahoma City Thunder,2013-11-24,Utah Jazz,train
Los Angeles Lakers,2013-11-24,Sacramento Kings,train
Orlando Magic,2013-11-24,Phoenix Suns,train
Brooklyn Nets,2013-11-24,Detroit Pistons,train
Los Angeles Clippers,2013-11-24,Chicago Bulls,train
Utah Jazz,2013-11-25,Chicago Bulls,train
San Antonio Spurs,2013-11-25,New Orleans Pelicans,train
Dallas Mavericks,2013-11-25,Denver Nuggets,train
Memphis Grizzlies,2013-11-25,Houston Rockets,train
Portland Trail Blazers,2013-11-25,New York Knicks,train
Detroit Pistons,2013-11-25,Milwaukee Bucks,train
Indiana Pacers,2013-11-25,Minnesota Timberwolves,train
Charlotte Bobcats,2013-11-25,Boston Celtics,train
Miami Heat,2013-11-25,Phoenix Suns,train
Toronto Raptors,2013-11-26,Brooklyn Nets,train
Washington Wizards,2013-11-26,Los Angeles Lakers,train
Atlanta Hawks,2013-11-26,Orlando Magic,train
New Orleans Pelicans,2013-11-26,Golden State Warriors,train
Minnesota Timberwolves,2013-11-27,Denver Nuggets,train
Los Angeles Clippers,2013-11-27,New York Knicks,train
Phoenix Suns,2013-11-27,Portland Trail Blazers,train
Dallas Mavericks,2013-11-27,Golden State Warriors,train
Oklahoma City Thunder,2013-11-27,San Antonio Spurs,train
Milwaukee Bucks,2013-11-27,Washington Wizards,train
Orlando Magic,2013-11-27,Philadelphia 76ers,train
Detroit Pistons,2013-11-27,Chicago Bulls,train
Cleveland Cavaliers,2013-11-27,Miami Heat,train
Brooklyn Nets,2013-11-27,Los Angeles Lakers,train
Boston Celtics,2013-11-27,Memphis Grizzlies,train
Charlotte Bobcats,2013-11-27,Indiana Pacers,train
Houston Rockets,2013-11-27,Atlanta Hawks,train
Indiana Pacers,2013-11-29,Washington Wizards,train
Utah Jazz,2013-11-29,Phoenix Suns,train
Denver Nuggets,2013-11-29,New York Knicks,train
Philadelphia 76ers,2013-11-29,New Orleans Pelicans,train
Sacramento Kings,2013-11-29,Los Angeles Clippers,train
Oklahoma City Thunder,2013-11-29,Golden State Warriors,train
Atlanta Hawks,2013-11-29,Dallas Mavericks,train
Detroit Pistons,2013-11-29,Los Angeles Lakers,train
Boston Celtics,2013-11-29,Cleveland Cavaliers,train
Toronto Raptors,2013-11-29,Miami Heat,train
Orlando Magic,2013-11-29,San Antonio Spurs,train
Charlotte Bobcats,2013-11-29,Milwaukee Bucks,train
Houston Rockets,2013-11-29,Brooklyn Nets,train
Phoenix Suns,2013-11-30,Utah Jazz,train
Milwaukee Bucks,2013-11-30,Boston Celtics,train
San Antonio Spurs,2013-11-30,Houston Rockets,train
Memphis Grizzlies,2013-11-30,Brooklyn Nets,train
Cleveland Cavaliers,2013-11-30,Chicago Bulls,train
Washington Wizards,2013-11-30,Atlanta Hawks,train
Dallas Mavericks,2013-11-30,Minnesota Timberwolves,train
Oklahoma City Thunder,2013-12-01,Minnesota Timberwolves,train
New York Knicks,2013-12-01,New Orleans Pelicans,train
Los Angeles Lakers,2013-12-01,Portland Trail Blazers,train
Miami Heat,2013-12-01,Charlotte Bobcats,train
Los Angeles Clippers,2013-12-01,Indiana Pacers,train
Detroit Pistons,2013-12-01,Philadelphia 76ers,train
Toronto Raptors,2013-12-01,Denver Nuggets,train
Sacramento Kings,2013-12-01,Golden State Warriors,train
Washington Wizards,2013-12-02,Orlando Magic,train
Chicago Bulls,2013-12-02,New Orleans Pelicans,train
San Antonio Spurs,2013-12-02,Atlanta Hawks,train
Utah Jazz,2013-12-02,Houston Rockets,train
Portland Trail Blazers,2013-12-02,Indiana Pacers,train
Golden State Warriors,2013-12-03,Toronto Raptors,train
Sacramento Kings,2013-12-03,Oklahoma City Thunder,train
Memphis Grizzlies,2013-12-03,Phoenix Suns,train
Dallas Mavericks,2013-12-03,Charlotte Bobcats,train
Boston Celtics,2013-12-03,Milwaukee Bucks,train
Philadelphia 76ers,2013-12-03,Orlando Magic,train
Brooklyn Nets,2013-12-03,Denver Nuggets,train
Miami Heat,2013-12-03,Detroit Pistons,train
Cleveland Cavaliers,2013-12-04,Denver Nuggets,train
Atlanta Hawks,2013-12-04,Los Angeles Clippers,train
Houston Rockets,2013-12-04,Phoenix Suns,train
New Orleans Pelicans,2013-12-04,Dallas Mavericks,train
Milwaukee Bucks,2013-12-04,Detroit Pistons,train
Utah Jazz,2013-12-04,Indiana Pacers,train
Portland Trail Blazers,2013-12-04,Oklahoma City Thunder,train
Brooklyn Nets,2013-12-05,New York Knicks,train
Memphis Grizzlies,2013-12-05,Los Angeles Clippers,train
Chicago Bulls,2013-12-05,Miami Heat,train
Boston Celtics,2013-12-06,Denver Nuggets,train
Portland Trail Blazers,2013-12-06,Utah Jazz,train
Sacramento Kings,2013-12-06,Los Angeles Lakers,train
Phoenix Suns,2013-12-06,Toronto Raptors,train
New Orleans Pelicans,2013-12-06,Oklahoma City Thunder,train
New York Knicks,2013-12-06,Orlando Magic,train
Atlanta Hawks,2013-12-06,Cleveland Cavaliers,train
Washington Wizards,2013-12-06,Milwaukee Bucks,train
Charlotte Bobcats,2013-12-06,Philadelphia 76ers,train
Houston Rockets,2013-12-06,Golden State Warriors,train
Philadelphia 76ers,2013-12-07,Denver Nuggets,train
Cleveland Cavaliers,2013-12-07,Los Angeles Clippers,train
Memphis Grizzlies,2013-12-07,Golden State Warriors,train
Minnesota Timberwolves,2013-12-07,Miami Heat,train
Chicago Bulls,2013-12-07,Detroit Pistons,train
San Antonio Spurs,2013-12-07,Indiana Pacers,train
Milwaukee Bucks,2013-12-07,Brooklyn Nets,train
Utah Jazz,2013-12-07,Sacramento Kings,train
Portland Trail Blazers,2013-12-07,Dallas Mavericks,train
Houston Rockets,2013-12-08,Orlando Magic,train
Los Angeles Lakers,2013-12-08,Toronto Raptors,train
Detroit Pistons,2013-12-08,Miami Heat,train
New York Knicks,2013-12-08,Boston Celtics,train
Oklahoma City Thunder,2013-12-08,Indiana Pacers,train
Philadelphia 76ers,2013-12-09,Los Angeles Clippers,train
Charlotte Bobcats,2013-12-09,Golden State Warriors,train
Washington Wizards,2013-12-09,Denver Nuggets,train
Memphis Grizzlies,2013-12-09,Orlando Magic,train
Utah Jazz,2013-12-09,Portland Trail Blazers,train
Sacramento Kings,2013-12-09,Dallas Mavericks,train
Los Angeles Lakers,2013-12-10,Phoenix Suns,train
Chicago Bulls,2013-12-10,Milwaukee Bucks,train
Atlanta Hawks,2013-12-10,Oklahoma City Thunder,train
Brooklyn Nets,2013-12-10,Boston Celtics,train
Cleveland Cavaliers,2013-12-10,New York Knicks,train
Toronto Raptors,2013-12-10,San Antonio Spurs,train
Indiana Pacers,2013-12-10,Miami Heat,train
Detroit Pistons,2013-12-10,Minnesota Timberwolves,train
Memphis Grizzlies,2013-12-11,Oklahoma City Thunder,train
Golden State Warriors,2013-12-11,Dallas Mavericks,train
Sacramento Kings,2013-12-11,Utah Jazz,train
New York Knicks,2013-12-11,Chicago Bulls,train
Charlotte Bobcats,2013-12-11,Orlando Magic,train
New Orleans Pelicans,2013-12-11,Detroit Pistons,train
Milwaukee Bucks,2013-12-11,San Antonio Spurs,train
Boston Celtics,2013-12-11,Los Angeles Clippers,train
Minnesota Timberwolves,2013-12-11,Philadelphia 76ers,train
Brooklyn Nets,2013-12-12,Los Angeles Clippers,train
Portland Trail Blazers,2013-12-12,Houston Rockets,train
San Antonio Spurs,2013-12-13,Minnesota Timberwolves,train
Golden State Warriors,2013-12-13,Houston Rockets,train
Phoenix Suns,2013-12-13,Sacramento Kings,train
Denver Nuggets,2013-12-13,Utah Jazz,train
Milwaukee Bucks,2013-12-13,Chicago Bulls,train
New Orleans Pelicans,2013-12-13,Memphis Grizzlies,train
Boston Celtics,2013-12-13,New York Knicks,train
Atlanta Hawks,2013-12-13,Washington Wizards,train
Detroit Pistons,2013-12-13,Brooklyn Nets,train
Oklahoma City Thunder,2013-12-13,Los Angeles Lakers,train
Indiana Pacers,2013-12-13,Charlotte Bobcats,train
Toronto Raptors,2013-12-13,Philadelphia 76ers,train
Orlando Magic,2013-12-13,Cleveland Cavaliers,train
Utah Jazz,2013-12-14,San Antonio Spurs,train
Dallas Mavericks,2013-12-14,Milwaukee Bucks,train
Chicago Bulls,2013-12-14,Toronto Raptors,train
Philadelphia 76ers,2013-12-14,Portland Trail Blazers,train
Miami Heat,2013-12-14,Cleveland Cavaliers,train
Washington Wizards,2013-12-14,Los Angeles Clippers,train
Charlotte Bobcats,2013-12-14,Los Angeles Lakers,train
New York Knicks,2013-12-14,Atlanta Hawks,train
Denver Nuggets,2013-12-15,New Orleans Pelicans,train
Phoenix Suns,2013-12-15,Golden State Warriors,train
Oklahoma City Thunder,2013-12-15,Orlando Magic,train
Sacramento Kings,2013-12-15,Houston Rockets,train
Memphis Grizzlies,2013-12-15,Minnesota Timberwolves,train
Detroit Pistons,2013-12-15,Portland Trail Blazers,train
Indiana Pacers,2013-12-16,Detroit Pistons,train
Brooklyn Nets,2013-12-16,Philadelphia 76ers,train
New York Knicks,2013-12-16,Washington Wizards,train
Atlanta Hawks,2013-12-16,Los Angeles Lakers,train
Boston Celtics,2013-12-16,Minnesota Timberwolves,train
Miami Heat,2013-12-16,Utah Jazz,train
Chicago Bulls,2013-12-16,Orlando Magic,train
Los Angeles Clippers,2013-12-16,San Antonio Spurs,train
Golden State Warriors,2013-12-17,New Orleans Pelicans,train
Denver Nuggets,2013-12-17,Oklahoma City Thunder,train
Memphis Grizzlies,2013-12-17,Los Angeles Lakers,train
Charlotte Bobcats,2013-12-17,Sacramento Kings,train
Cleveland Cavaliers,2013-12-17,Portland Trail Blazers,train
Miami Heat,2013-12-18,Indiana Pacers,train
Orlando Magic,2013-12-18,Utah Jazz,train
Toronto Raptors,2013-12-18,Charlotte Bobcats,train
Atlanta Hawks,2013-12-18,Sacramento Kings,train
Boston Celtics,2013-12-18,Detroit Pistons,train
Brooklyn Nets,2013-12-18,Washington Wizards,train
Milwaukee Bucks,2013-12-18,New York Knicks,train
Minnesota Timberwolves,2013-12-18,Portland Trail Blazers,train
Dallas Mavericks,2013-12-18,Memphis Grizzlies,train
Phoenix Suns,2013-12-18,San Antonio Spurs,train
Houston Rockets,2013-12-18,Chicago Bulls,train
Los Angeles Clippers,2013-12-18,New Orleans Pelicans,train
Golden State Warriors,2013-12-19,San Antonio Spurs,train
Oklahoma City Thunder,2013-12-19,Chicago Bulls,train
Philadelphia 76ers,2013-12-20,Brooklyn Nets,train
Cleveland Cavaliers,2013-12-20,Milwaukee Bucks,train
Atlanta Hawks,2013-12-20,Utah Jazz,train
Miami Heat,2013-12-20,Sacramento Kings,train
Detroit Pistons,2013-12-20,Charlotte Bobcats,train
Indiana Pacers,2013-12-20,Houston Rockets,train
Dallas Mavericks,2013-12-20,Toronto Raptors,train
Denver Nuggets,2013-12-20,Phoenix Suns,train
Los Angeles Lakers,2013-12-20,Minnesota Timberwolves,train
Golden State Warriors,2013-12-21,Los Angeles Lakers,train
Los Angeles Clippers,2013-12-21,Denver Nuggets,train
Portland Trail Blazers,2013-12-21,New Orleans Pelicans,train
Phoenix Suns,2013-12-21,Dallas Mavericks,train
Milwaukee Bucks,2013-12-21,Philadelphia 76ers,train
San Antonio Spurs,2013-12-21,Oklahoma City Thunder,train
Detroit Pistons,2013-12-21,Houston Rockets,train
New York Knicks,2013-12-21,Memphis Grizzlies,train
Boston Celtics,2013-12-21,Washington Wizards,train
Chicago Bulls,2013-12-21,Cleveland Cavaliers,train
Charlotte Bobcats,2013-12-21,Utah Jazz,train
Orlando Magic,2013-12-21,Sacramento Kings,train
Indiana Pacers,2013-12-22,Boston Celtics,train
Oklahoma City Thunder,2013-12-22,Toronto Raptors,train
Los Angeles Clippers,2013-12-22,Minnesota Timberwolves,train
Sacramento Kings,2013-12-23,New Orleans Pelicans,train
Denver Nuggets,2013-12-23,Golden State Warriors,train
Memphis Grizzlies,2013-12-23,Utah Jazz,train
Houston Rockets,2013-12-23,Dallas Mavericks,train
Phoenix Suns,2013-12-23,Los Angeles Lakers,train
Miami Heat,2013-12-23,Atlanta Hawks,train
Brooklyn Nets,2013-12-23,Indiana Pacers,train
Orlando Magic,2013-12-23,New York Knicks,train
San Antonio Spurs,2013-12-23,Toronto Raptors,train
Cleveland Cavaliers,2013-12-23,Detroit Pistons,train
Charlotte Bobcats,2013-12-23,Milwaukee Bucks,train
Brooklyn Nets,2013-12-25,Chicago Bulls,train
New York Knicks,2013-12-25,Oklahoma City Thunder,train
Los Angeles Lakers,2013-12-25,Miami Heat,train
Golden State Warriors,2013-12-25,Los Angeles Clippers,train
San Antonio Spurs,2013-12-25,Houston Rockets,train
Cleveland Cavaliers,2013-12-26,Atlanta Hawks,train
Houston Rockets,2013-12-26,Memphis Grizzlies,train
Dallas Mavericks,2013-12-26,San Antonio Spurs,train
Portland Trail Blazers,2013-12-26,Los Angeles Clippers,train
New Orleans Pelicans,2013-12-27,Denver Nuggets,train
Golden State Warriors,2013-12-27,Phoenix Suns,train
Sacramento Kings,2013-12-27,Miami Heat,train
Utah Jazz,2013-12-27,Los Angeles Lakers,train
New York Knicks,2013-12-27,Toronto Raptors,train
Brooklyn Nets,2013-12-27,Milwaukee Bucks,train
Charlotte Bobcats,2013-12-27,Oklahoma City Thunder,train
Orlando Magic,2013-12-27,Detroit Pistons,train
Minnesota Timberwolves,2013-12-27,Washington Wizards,train
Portland Trail Blazers,2013-12-28,Miami Heat,train
Phoenix Suns,2013-12-28,Philadelphia 76ers,train
Milwaukee Bucks,2013-12-28,Minnesota Timberwolves,train
Memphis Grizzlies,2013-12-28,Denver Nuggets,train
Chicago Bulls,2013-12-28,Dallas Mavericks,train
Los Angeles Clippers,2013-12-28,Utah Jazz,train
Atlanta Hawks,2013-12-28,Charlotte Bobcats,train
Toronto Raptors,2013-12-28,New York Knicks,train
Indiana Pacers,2013-12-28,Brooklyn Nets,train
Washington Wizards,2013-12-28,Detroit Pistons,train
Boston Celtics,2013-12-28,Cleveland Cavaliers,train
Houston Rockets,2013-12-28,New Orleans Pelicans,train
Oklahoma City Thunder,2013-12-29,Houston Rockets,train
San Antonio Spurs,2013-12-29,Sacramento Kings,train
Los Angeles Lakers,2013-12-29,Philadelphia 76ers,train
Orlando Magic,2013-12-29,Atlanta Hawks,train
Cleveland Cavaliers,2013-12-29,Golden State Warriors,train
Detroit Pistons,2013-12-30,Washington Wizards,train
Minnesota Timberwolves,2013-12-30,Dallas Mavericks,train
Memphis Grizzlies,2013-12-30,Chicago Bulls,train
New Orleans Pelicans,2013-12-30,Portland Trail Blazers,train
Denver Nuggets,2013-12-30,Miami Heat,train
Utah Jazz,2013-12-30,Charlotte Bobcats,train
Los Angeles Clippers,2013-12-30,Phoenix Suns,train
Oklahoma City Thunder,2013-12-31,Portland Trail Blazers,train
Los Angeles Lakers,2013-12-31,Milwaukee Bucks,train
San Antonio Spurs,2013-12-31,Brooklyn Nets,train
Chicago Bulls,2013-12-31,Toronto Raptors,train
Orlando Magic,2013-12-31,Golden State Warriors,train
Boston Celtics,2013-12-31,Atlanta Hawks,train
Houston Rockets,2013-12-31,Sacramento Kings,train
Indiana Pacers,2013-12-31,Cleveland Cavaliers,train
Washington Wizards,2014-01-01,Dallas Mavericks,train
Toronto Raptors,2014-01-01,Indiana Pacers,train
Minnesota Timberwolves,2014-01-01,New Orleans Pelicans,train
Denver Nuggets,2014-01-01,Philadelphia 76ers,train
Los Angeles Clippers,2014-01-01,Charlotte Bobcats,train
Phoenix Suns,2014-01-02,Memphis Grizzlies,train
Sacramento Kings,2014-01-02,Philadelphia 76ers,train
Portland Trail Blazers,2014-01-02,Charlotte Bobcats,train
Utah Jazz,2014-01-02,Milwaukee Bucks,train
Chicago Bulls,2014-01-02,Boston Celtics,train
Oklahoma City Thunder,2014-01-02,Brooklyn Nets,train
Miami Heat,2014-01-02,Golden State Warriors,train
Cleveland Cavaliers,2014-01-02,Orlando Magic,train
San Antonio Spurs,2014-01-02,New York Knicks,train
Los Angeles Lakers,2014-01-03,Utah Jazz,train
Denver Nuggets,2014-01-03,Memphis Grizzlies,train
Dallas Mavericks,2014-01-03,Los Angeles Clippers,train
Boston Celtics,2014-01-03,New Orleans Pelicans,train
Atlanta Hawks,2014-01-03,Golden State Warriors,train
Washington Wizards,2014-01-03,Toronto Raptors,train
Houston Rockets,2014-01-03,New York Knicks,train
San Antonio Spurs,2014-01-04,Los Angeles Clippers,train
Sacramento Kings,2014-01-04,Charlotte Bobcats,train
Phoenix Suns,2014-01-04,Milwaukee Bucks,train
Minnesota Timberwolves,2014-01-04,Oklahoma City Thunder,train
Portland Trail Blazers,2014-01-04,Philadelphia 76ers,train
Brooklyn Nets,2014-01-04,Cleveland Cavaliers,train
Indiana Pacers,2014-01-04,New Orleans Pelicans,train
Orlando Magic,2014-01-04,Miami Heat,train
Chicago Bulls,2014-01-04,Atlanta Hawks,train
Los Angeles Lakers,2014-01-05,Denver Nuggets,train
Dallas Mavericks,2014-01-05,New York Knicks,train
Oklahoma City Thunder,2014-01-05,Boston Celtics,train
Detroit Pistons,2014-01-05,Memphis Grizzlies,train
Cleveland Cavaliers,2014-01-05,Indiana Pacers,train
Washington Wizards,2014-01-05,Golden State Warriors,train
Miami Heat,2014-01-05,Toronto Raptors,train
Philadelphia 76ers,2014-01-06,Minnesota Timberwolves,train
Brooklyn Nets,2014-01-06,Atlanta Hawks,train
Los Angeles Clippers,2014-01-06,Orlando Magic,train
Sacramento Kings,2014-01-07,Portland Trail Blazers,train
Utah Jazz,2014-01-07,Oklahoma City Thunder,train
Denver Nuggets,2014-01-07,Boston Celtics,train
Dallas Mavericks,2014-01-07,Los Angeles Lakers,train
Chicago Bulls,2014-01-07,Phoenix Suns,train
Milwaukee Bucks,2014-01-07,Golden State Warriors,train
New York Knicks,2014-01-07,Detroit Pistons,train
Miami Heat,2014-01-07,New Orleans Pelicans,train
Indiana Pacers,2014-01-07,Toronto Raptors,train
Cleveland Cavaliers,2014-01-07,Philadelphia 76ers,train
Charlotte Bobcats,2014-01-07,Washington Wizards,train
Memphis Grizzlies,2014-01-07,San Antonio Spurs,train
Los Angeles Clippers,2014-01-08,Boston Celtics,train
Toronto Raptors,2014-01-08,Detroit Pistons,train
San Antonio Spurs,2014-01-08,Dallas Mavericks,train
Brooklyn Nets,2014-01-08,Golden State Warriors,train
Atlanta Hawks,2014-01-08,Indiana Pacers,train
New Orleans Pelicans,2014-01-08,Washington Wizards,train
Minnesota Timberwolves,2014-01-08,Phoenix Suns,train
Houston Rockets,2014-01-08,Los Angeles Lakers,train
Portland Trail Blazers,2014-01-08,Orlando Magic,train
Denver Nuggets,2014-01-09,Oklahoma City Thunder,train
New York Knicks,2014-01-09,Miami Heat,train
Indiana Pacers,2014-01-10,Washington Wizards,train
Philadelphia 76ers,2014-01-10,Detroit Pistons,train
Atlanta Hawks,2014-01-10,Houston Rockets,train
Brooklyn Nets,2014-01-10,Miami Heat,train
Memphis Grizzlies,2014-01-10,Phoenix Suns,train
New Orleans Pelicans,2014-01-10,Dallas Mavericks,train
Minnesota Timberwolves,2014-01-10,Charlotte Bobcats,train
Milwaukee Bucks,2014-01-10,Chicago Bulls,train
Utah Jazz,2014-01-10,Cleveland Cavaliers,train
Sacramento Kings,2014-01-10,Orlando Magic,train
Golden State Warriors,2014-01-10,Boston Celtics,train
Los Angeles Clippers,2014-01-10,Los Angeles Lakers,train
Portland Trail Blazers,2014-01-11,Boston Celtics,train
Denver Nuggets,2014-01-11,Orlando Magic,train
Dallas Mavericks,2014-01-11,New Orleans Pelicans,train
Chicago Bulls,2014-01-11,Charlotte Bobcats,train
Oklahoma City Thunder,2014-01-11,Milwaukee Bucks,train
Detroit Pistons,2014-01-11,Phoenix Suns,train
Philadelphia 76ers,2014-01-11,New York Knicks,train
Washington Wizards,2014-01-11,Houston Rockets,train
Toronto Raptors,2014-01-11,Brooklyn Nets,train
Sacramento Kings,2014-01-12,Cleveland Cavaliers,train
Memphis Grizzlies,2014-01-12,Atlanta Hawks,train
San Antonio Spurs,2014-01-12,Minnesota Timberwolves,train
Toronto Raptors,2014-01-13,Milwaukee Bucks,train
Boston Celtics,2014-01-13,Houston Rockets,train
New York Knicks,2014-01-13,Phoenix Suns,train
New Orleans Pelicans,2014-01-13,San Antonio Spurs,train
Chicago Bulls,2014-01-13,Washington Wizards,train
Dallas Mavericks,2014-01-13,Orlando Magic,train
Utah Jazz,2014-01-13,Denver Nuggets,train
Los Angeles Lakers,2014-01-14,Cleveland Cavaliers,train
Memphis Grizzlies,2014-01-14,Oklahoma City Thunder,train
Indiana Pacers,2014-01-14,Sacramento Kings,train
Charlotte Bobcats,2014-01-14,New York Knicks,train
Orlando Magic,2014-01-15,Chicago Bulls,train
Washington Wizards,2014-01-15,Miami Heat,train
Philadelphia 76ers,2014-01-15,Charlotte Bobcats,train
Boston Celtics,2014-01-15,Toronto Raptors,train
New Orleans Pelicans,2014-01-15,Houston Rockets,train
Minnesota Timberwolves,2014-01-15,Sacramento Kings,train
Milwaukee Bucks,2014-01-15,Memphis Grizzlies,train
San Antonio Spurs,2014-01-15,Utah Jazz,train
Phoenix Suns,2014-01-15,Los Angeles Lakers,train
Portland Trail Blazers,2014-01-15,Cleveland Cavaliers,train
Golden State Warriors,2014-01-15,Denver Nuggets,train
Los Angeles Clippers,2014-01-15,Dallas Mavericks,train
Indiana Pacers,2014-01-16,New York Knicks,train
Houston Rockets,2014-01-16,Oklahoma City Thunder,train
Atlanta Hawks,2014-01-16,Brooklyn Nets,train
Washington Wizards,2014-01-17,Chicago Bulls,train
Philadelphia 76ers,2014-01-17,Miami Heat,train
Toronto Raptors,2014-01-17,Minnesota Timberwolves,train
New York Knicks,2014-01-17,Los Angeles Clippers,train
Orlando Magic,2014-01-17,Charlotte Bobcats,train
Boston Celtics,2014-01-17,Los Angeles Lakers,train
Detroit Pistons,2014-01-17,Utah Jazz,train
Memphis Grizzlies,2014-01-17,Sacramento Kings,train
San Antonio Spurs,2014-01-17,Portland Trail Blazers,train
Phoenix Suns,2014-01-17,Dallas Mavericks,train
Denver Nuggets,2014-01-17,Cleveland Cavaliers,train
Oklahoma City Thunder,2014-01-17,Golden State Warriors,train
New Orleans Pelicans,2014-01-18,Golden State Warriors,train
Dallas Mavericks,2014-01-18,Portland Trail Blazers,train
Houston Rockets,2014-01-18,Milwaukee Bucks,train
Minnesota Timberwolves,2014-01-18,Utah Jazz,train
Charlotte Bobcats,2014-01-18,Miami Heat,train
Washington Wizards,2014-01-18,Detroit Pistons,train
Chicago Bulls,2014-01-18,Philadelphia 76ers,train
Indiana Pacers,2014-01-18,Los Angeles Clippers,train
Toronto Raptors,2014-01-19,Los Angeles Lakers,train
Orlando Magic,2014-01-19,Boston Celtics,train
San Antonio Spurs,2014-01-19,Milwaukee Bucks,train
Oklahoma City Thunder,2014-01-19,Sacramento Kings,train
Phoenix Suns,2014-01-19,Denver Nuggets,train
Chicago Bulls,2014-01-20,Los Angeles Lakers,train
Houston Rockets,2014-01-20,Portland Trail Blazers,train
Atlanta Hawks,2014-01-20,Miami Heat,train
Memphis Grizzlies,2014-01-20,New Orleans Pelicans,train
Golden State Warriors,2014-01-20,Indiana Pacers,train
Charlotte Bobcats,2014-01-20,Toronto Raptors,train
Washington Wizards,2014-01-20,Philadelphia 76ers,train
Cleveland Cavaliers,2014-01-20,Dallas Mavericks,train
Detroit Pistons,2014-01-20,Los Angeles Clippers,train
New York Knicks,2014-01-20,Brooklyn Nets,train
Oklahoma City Thunder,2014-01-21,Portland Trail Blazers,train
New Orleans Pelicans,2014-01-21,Sacramento Kings,train
Utah Jazz,2014-01-21,Minnesota Timberwolves,train
Miami Heat,2014-01-21,Boston Celtics,train
Brooklyn Nets,2014-01-21,Orlando Magic,train
Phoenix Suns,2014-01-22,Indiana Pacers,train
Washington Wizards,2014-01-22,Boston Celtics,train
Cleveland Cavaliers,2014-01-22,Chicago Bulls,train
Orlando Magic,2014-01-22,Atlanta Hawks,train
Toronto Raptors,2014-01-22,Dallas Mavericks,train
Charlotte Bobcats,2014-01-22,Los Angeles Clippers,train
New York Knicks,2014-01-22,Philadelphia 76ers,train
Milwaukee Bucks,2014-01-22,Detroit Pistons,train
Houston Rockets,2014-01-22,Sacramento Kings,train
San Antonio Spurs,2014-01-22,Oklahoma City Thunder,train
Portland Trail Blazers,2014-01-23,Denver Nuggets,train
Miami Heat,2014-01-23,Los Angeles Lakers,train
Detroit Pistons,2014-01-24,New Orleans Pelicans,train
Orlando Magic,2014-01-24,Los Angeles Lakers,train
Philadelphia 76ers,2014-01-24,Toronto Raptors,train
Atlanta Hawks,2014-01-24,San Antonio Spurs,train
Cleveland Cavaliers,2014-01-24,Milwaukee Bucks,train
Brooklyn Nets,2014-01-24,Dallas Mavericks,train
Boston Celtics,2014-01-24,Oklahoma City Thunder,train
New York Knicks,2014-01-24,Charlotte Bobcats,train
Houston Rockets,2014-01-24,Memphis Grizzlies,train
Chicago Bulls,2014-01-24,Los Angeles Clippers,train
Phoenix Suns,2014-01-24,Washington Wizards,train
Sacramento Kings,2014-01-24,Indiana Pacers,train
Golden State Warriors,2014-01-24,Minnesota Timberwolves,train
Utah Jazz,2014-01-25,Washington Wizards,train
Philadelphia 76ers,2014-01-25,Oklahoma City Thunder,train
Portland Trail Blazers,2014-01-25,Minnesota Timberwolves,train
Denver Nuggets,2014-01-25,Indiana Pacers,train
Charlotte Bobcats,2014-01-25,Chicago Bulls,train
Memphis Grizzlies,2014-01-25,Houston Rockets,train
Toronto Raptors,2014-01-25,Los Angeles Clippers,train
Milwaukee Bucks,2014-01-25,Atlanta Hawks,train
Sacramento Kings,2014-01-26,Denver Nuggets,train
Miami Heat,2014-01-26,San Antonio Spurs,train
New York Knicks,2014-01-26,Los Angeles Lakers,train
New Orleans Pelicans,2014-01-26,Orlando Magic,train
Cleveland Cavaliers,2014-01-26,Phoenix Suns,train
Boston Celtics,2014-01-26,Brooklyn Nets,train
Dallas Mavericks,2014-01-26,Detroit Pistons,train
Golden State Warriors,2014-01-26,Portland Trail Blazers,train
Chicago Bulls,2014-01-27,Minnesota Timberwolves,train
Utah Jazz,2014-01-27,Sacramento Kings,train
Oklahoma City Thunder,2014-01-27,Atlanta Hawks,train
Philadelphia 76ers,2014-01-27,Phoenix Suns,train
Brooklyn Nets,2014-01-27,Toronto Raptors,train
Milwaukee Bucks,2014-01-27,Los Angeles Clippers,train
Cleveland Cavaliers,2014-01-28,New Orleans Pelicans,train
New York Knicks,2014-01-28,Boston Celtics,train
Detroit Pistons,2014-01-28,Orlando Magic,train
Houston Rockets,2014-01-28,San Antonio Spurs,train
Portland Trail Blazers,2014-01-28,Memphis Grizzlies,train
Golden State Warriors,2014-01-28,Washington Wizards,train
Los Angeles Lakers,2014-01-28,Indiana Pacers,train
Los Angeles Clippers,2014-01-29,Washington Wizards,train
San Antonio Spurs,2014-01-29,Chicago Bulls,train
Denver Nuggets,2014-01-29,Charlotte Bobcats,train
Dallas Mavericks,2014-01-29,Houston Rockets,train
Sacramento Kings,2014-01-29,Memphis Grizzlies,train
Minnesota Timberwolves,2014-01-29,New Orleans Pelicans,train
Boston Celtics,2014-01-29,Philadelphia 76ers,train
Miami Heat,2014-01-29,Oklahoma City Thunder,train
Toronto Raptors,2014-01-29,Orlando Magic,train
Milwaukee Bucks,2014-01-29,Phoenix Suns,train
Indiana Pacers,2014-01-30,Phoenix Suns,train
New York Knicks,2014-01-30,Cleveland Cavaliers,train
Golden State Warriors,2014-01-30,Los Angeles Clippers,train
Los Angeles Lakers,2014-01-31,Charlotte Bobcats,train
Utah Jazz,2014-01-31,Golden State Warriors,train
Denver Nuggets,2014-01-31,Toronto Raptors,train
Dallas Mavericks,2014-01-31,Sacramento Kings,train
Minnesota Timberwolves,2014-01-31,Memphis Grizzlies,train
Philadelphia 76ers,2014-01-31,Atlanta Hawks,train
Orlando Magic,2014-01-31,Milwaukee Bucks,train
Brooklyn Nets,2014-01-31,Oklahoma City Thunder,train
New York Knicks,2014-02-01,Miami Heat,train
Portland Trail Blazers,2014-02-01,Toronto Raptors,train
Los Angeles Clippers,2014-02-01,Utah Jazz,train
Phoenix Suns,2014-02-01,Charlotte Bobcats,train
San Antonio Spurs,2014-02-01,Sacramento Kings,train
Memphis Grizzlies,2014-02-01,Milwaukee Bucks,train
Washington Wizards,2014-02-01,Oklahoma City Thunder,train
Houston Rockets,2014-02-01,Cleveland Cavaliers,train
Atlanta Hawks,2014-02-01,Minnesota Timberwolves,train
Detroit Pistons,2014-02-01,Philadelphia 76ers,train
Indiana Pacers,2014-02-01,Brooklyn Nets,train
New Orleans Pelicans,2014-02-01,Chicago Bulls,train
Boston Celtics,2014-02-02,Orlando Magic,train
Sacramento Kings,2014-02-03,Chicago Bulls,train
Denver Nuggets,2014-02-03,Los Angeles Clippers,train
Utah Jazz,2014-02-03,Toronto Raptors,train
Dallas Mavericks,2014-02-03,Cleveland Cavaliers,train
Oklahoma City Thunder,2014-02-03,Memphis Grizzlies,train
New Orleans Pelicans,2014-02-03,San Antonio Spurs,train
Brooklyn Nets,2014-02-03,Philadelphia 76ers,train
Miami Heat,2014-02-03,Detroit Pistons,train
Washington Wizards,2014-02-03,Portland Trail Blazers,train
Indiana Pacers,2014-02-03,Orlando Magic,train
Milwaukee Bucks,2014-02-03,New York Knicks,train
Atlanta Hawks,2014-02-04,Indiana Pacers,train
Minnesota Timberwolves,2014-02-04,Los Angeles Lakers,train
Phoenix Suns,2014-02-04,Chicago Bulls,train
Golden State Warriors,2014-02-04,Charlotte Bobcats,train
Houston Rockets,2014-02-05,Phoenix Suns,train
Sacramento Kings,2014-02-05,Toronto Raptors,train
Denver Nuggets,2014-02-05,Milwaukee Bucks,train
New Orleans Pelicans,2014-02-05,Atlanta Hawks,train
Los Angeles Clippers,2014-02-05,Miami Heat,train
Memphis Grizzlies,2014-02-05,Dallas Mavericks,train
Orlando Magic,2014-02-05,Detroit Pistons,train
New York Knicks,2014-02-05,Portland Trail Blazers,train
Washington Wizards,2014-02-05,San Antonio Spurs,train
Cleveland Cavaliers,2014-02-05,Los Angeles Lakers,train
Philadelphia 76ers,2014-02-05,Boston Celtics,train
Oklahoma City Thunder,2014-02-05,Minnesota Timberwolves,train
Brooklyn Nets,2014-02-06,San Antonio Spurs,train
Golden State Warriors,2014-02-06,Chicago Bulls,train
Los Angeles Clippers,2014-02-07,Toronto Raptors,train
New Orleans Pelicans,2014-02-07,Minnesota Timberwolves,train
Dallas Mavericks,2014-02-07,Utah Jazz,train
Detroit Pistons,2014-02-07,Brooklyn Nets,train
New York Knicks,2014-02-07,Denver Nuggets,train
Orlando Magic,2014-02-07,Oklahoma City Thunder,train
Washington Wizards,2014-02-07,Cleveland Cavaliers,train
Indiana Pacers,2014-02-07,Portland Trail Blazers,train
Philadelphia 76ers,2014-02-07,Los Angeles Lakers,train
Boston Celtics,2014-02-07,Sacramento Kings,train
Charlotte Bobcats,2014-02-08,San Antonio Spurs,train
Atlanta Hawks,2014-02-08,Memphis Grizzlies,train
Detroit Pistons,2014-02-08,Denver Nuggets,train
Minnesota Timberwolves,2014-02-08,Portland Trail Blazers,train
Milwaukee Bucks,2014-02-08,Houston Rockets,train
Phoenix Suns,2014-02-08,Golden State Warriors,train
Utah Jazz,2014-02-08,Miami Heat,train
Washington Wizards,2014-02-09,Sacramento Kings,train
Orlando Magic,2014-02-09,Indiana Pacers,train
Boston Celtics,2014-02-09,Dallas Mavericks,train
Los Angeles Clippers,2014-02-09,Philadelphia 76ers,train
Brooklyn Nets,2014-02-09,New Orleans Pelicans,train
Los Angeles Lakers,2014-02-09,Chicago Bulls,train
Oklahoma City Thunder,2014-02-09,New York Knicks,train
Cleveland Cavaliers,2014-02-09,Memphis Grizzlies,train
Indiana Pacers,2014-02-10,Denver Nuggets,train
Toronto Raptors,2014-02-10,New Orleans Pelicans,train
Detroit Pistons,2014-02-10,San Antonio Spurs,train
Minnesota Timberwolves,2014-02-10,Houston Rockets,train
Milwaukee Bucks,2014-02-10,Boston Celtics,train
Golden State Warriors,2014-02-10,Philadelphia 76ers,train
Los Angeles Lakers,2014-02-11,Utah Jazz,train
Portland Trail Blazers,2014-02-11,Oklahoma City Thunder,train
Phoenix Suns,2014-02-11,Miami Heat,train
Charlotte Bobcats,2014-02-11,Dallas Mavericks,train
Chicago Bulls,2014-02-11,Atlanta Hawks,train
Cleveland Cavaliers,2014-02-11,Sacramento Kings,train
Memphis Grizzlies,2014-02-11,Washington Wizards,train
Milwaukee Bucks,2014-02-12,New Orleans Pelicans,train
Los Angeles Clippers,2014-02-12,Portland Trail Blazers,train
Golden State Warriors,2014-02-12,Miami Heat,train
Utah Jazz,2014-02-12,Philadelphia 76ers,train
Houston Rockets,2014-02-12,Washington Wizards,train
Minnesota Timberwolves,2014-02-12,Denver Nuggets,train
Orlando Magic,2014-02-12,Memphis Grizzlies,train
Detroit Pistons,2014-02-12,Cleveland Cavaliers,train
Brooklyn Nets,2014-02-12,Charlotte Bobcats,train
Boston Celtics,2014-02-12,San Antonio Spurs,train
Toronto Raptors,2014-02-12,Atlanta Hawks,train
Indiana Pacers,2014-02-12,Dallas Mavericks,train
New York Knicks,2014-02-12,Sacramento Kings,train
Chicago Bulls,2014-02-13,Brooklyn Nets,train
Los Angeles Lakers,2014-02-13,Oklahoma City Thunder,train
Los Angeles Clippers,2014-02-18,San Antonio Spurs,train
Denver Nuggets,2014-02-18,Phoenix Suns,train
Dallas Mavericks,2014-02-18,Miami Heat,train
Memphis Grizzlies,2014-02-18,New York Knicks,train
Milwaukee Bucks,2014-02-18,Orlando Magic,train
Indiana Pacers,2014-02-18,Atlanta Hawks,train
Washington Wizards,2014-02-18,Toronto Raptors,train
Philadelphia 76ers,2014-02-18,Cleveland Cavaliers,train
Detroit Pistons,2014-02-18,Charlotte Bobcats,train
Toronto Raptors,2014-02-19,Chicago Bulls,train
Charlotte Bobcats,2014-02-19,Detroit Pistons,train
Cleveland Cavaliers,2014-02-19,Orlando Magic,train
Atlanta Hawks,2014-02-19,Washington Wizards,train
New Orleans Pelicans,2014-02-19,New York Knicks,train
Minnesota Timberwolves,2014-02-19,Indiana Pacers,train
Phoenix Suns,2014-02-19,Boston Celtics,train
Utah Jazz,2014-02-19,Brooklyn Nets,train
Portland Trail Blazers,2014-02-19,San Antonio Spurs,train
Sacramento Kings,2014-02-19,Golden State Warriors,train
Los Angeles Lakers,2014-02-19,Houston Rockets,train
Golden State Warriors,2014-02-20,Houston Rockets,train
Oklahoma City Thunder,2014-02-20,Miami Heat,train
Milwaukee Bucks,2014-02-20,Denver Nuggets,train
Charlotte Bobcats,2014-02-21,New Orleans Pelicans,train
Toronto Raptors,2014-02-21,Cleveland Cavaliers,train
Philadelphia 76ers,2014-02-21,Dallas Mavericks,train
Orlando Magic,2014-02-21,New York Knicks,train
Detroit Pistons,2014-02-21,Atlanta Hawks,train
Chicago Bulls,2014-02-21,Denver Nuggets,train
Memphis Grizzlies,2014-02-21,Los Angeles Clippers,train
Phoenix Suns,2014-02-21,San Antonio Spurs,train
Portland Trail Blazers,2014-02-21,Utah Jazz,train
Los Angeles Lakers,2014-02-21,Boston Celtics,train
Golden State Warriors,2014-02-22,Brooklyn Nets,train
Sacramento Kings,2014-02-22,Boston Celtics,train
Milwaukee Bucks,2014-02-22,Indiana Pacers,train
Utah Jazz,2014-02-22,Minnesota Timberwolves,train
Detroit Pistons,2014-02-22,Dallas Mavericks,train
Washington Wizards,2014-02-22,New Orleans Pelicans,train
Charlotte Bobcats,2014-02-22,Memphis Grizzlies,train
Atlanta Hawks,2014-02-22,New York Knicks,train
Los Angeles Lakers,2014-02-23,Brooklyn Nets,train
Portland Trail Blazers,2014-02-23,Minnesota Timberwolves,train
Denver Nuggets,2014-02-23,Sacramento Kings,train
Phoenix Suns,2014-02-23,Houston Rockets,train
Toronto Raptors,2014-02-23,Orlando Magic,train
Miami Heat,2014-02-23,Chicago Bulls,train
Oklahoma City Thunder,2014-02-23,Los Angeles Clippers,train
Cleveland Cavaliers,2014-02-23,Washington Wizards,train
Philadelphia 76ers,2014-02-24,Milwaukee Bucks,train
New York Knicks,2014-02-24,Dallas Mavericks,train
Detroit Pistons,2014-02-24,Golden State Warriors,train
New Orleans Pelicans,2014-02-24,Los Angeles Clippers,train
Utah Jazz,2014-02-24,Boston Celtics,train
Phoenix Suns,2014-02-25,Minnesota Timberwolves,train
Sacramento Kings,2014-02-25,Houston Rockets,train
Denver Nuggets,2014-02-25,Portland Trail Blazers,train
Washington Wizards,2014-02-25,Orlando Magic,train
Indiana Pacers,2014-02-25,Los Angeles Lakers,train
Cleveland Cavaliers,2014-02-25,Toronto Raptors,train
Atlanta Hawks,2014-02-25,Chicago Bulls,train
Philadelphia 76ers,2014-02-26,Orlando Magic,train
Boston Celtics,2014-02-26,Atlanta Hawks,train
Oklahoma City Thunder,2014-02-26,Cleveland Cavaliers,train
Dallas Mavericks,2014-02-26,New Orleans Pelicans,train
Memphis Grizzlies,2014-02-26,Los Angeles Lakers,train
Chicago Bulls,2014-02-26,Golden State Warriors,train
San Antonio Spurs,2014-02-26,Detroit Pistons,train
Utah Jazz,2014-02-26,Phoenix Suns,train
Portland Trail Blazers,2014-02-26,Brooklyn Nets,train
Los Angeles Clippers,2014-02-26,Houston Rockets,train
Denver Nuggets,2014-02-27,Brooklyn Nets,train
Miami Heat,2014-02-27,New York Knicks,train
Indiana Pacers,2014-02-27,Milwaukee Bucks,train
Toronto Raptors,2014-02-27,Washington Wizards,train
Cleveland Cavaliers,2014-02-28,Utah Jazz,train
Oklahoma City Thunder,2014-02-28,Memphis Grizzlies,train
New York Knicks,2014-02-28,Golden State Warriors,train
San Antonio Spurs,2014-02-28,Charlotte Bobcats,train
Dallas Mavericks,2014-02-28,Chicago Bulls,train
Phoenix Suns,2014-02-28,New Orleans Pelicans,train
Los Angeles Lakers,2014-02-28,Sacramento Kings,train
Los Angeles Clippers,2014-03-01,New Orleans Pelicans,train
Portland Trail Blazers,2014-03-01,Denver Nuggets,train
Sacramento Kings,2014-03-01,Minnesota Timberwolves,train
Milwaukee Bucks,2014-03-01,Brooklyn Nets,train
Memphis Grizzlies,2014-03-01,Cleveland Cavaliers,train
Houston Rockets,2014-03-01,Detroit Pistons,train
Miami Heat,2014-03-01,Orlando Magic,train
Philadelphia 76ers,2014-03-01,Washington Wizards,train
Boston Celtics,2014-03-01,Indiana Pacers,train
Chicago Bulls,2014-03-02,New York Knicks,train
Toronto Raptors,2014-03-02,Golden State Warriors,train
Orlando Magic,2014-03-02,Philadelphia 76ers,train
Indiana Pacers,2014-03-02,Utah Jazz,train
San Antonio Spurs,2014-03-02,Dallas Mavericks,train
Oklahoma City Thunder,2014-03-02,Charlotte Bobcats,train
Phoenix Suns,2014-03-02,Atlanta Hawks,train
Denver Nuggets,2014-03-03,Minnesota Timberwolves,train
Portland Trail Blazers,2014-03-03,Los Angeles Lakers,train
Milwaukee Bucks,2014-03-03,Utah Jazz,train
Sacramento Kings,2014-03-03,New Orleans Pelicans,train
Detroit Pistons,2014-03-03,New York Knicks,train
Brooklyn Nets,2014-03-03,Chicago Bulls,train
Washington Wizards,2014-03-03,Memphis Grizzlies,train
Miami Heat,2014-03-03,Charlotte Bobcats,train
Indiana Pacers,2014-03-04,Golden State Warriors,train
Cleveland Cavaliers,2014-03-04,San Antonio Spurs,train
Oklahoma City Thunder,2014-03-04,Philadelphia 76ers,train
Houston Rockets,2014-03-04,Miami Heat,train
Phoenix Suns,2014-03-04,Los Angeles Clippers,train
Los Angeles Lakers,2014-03-04,New Orleans Pelicans,train
Portland Trail Blazers,2014-03-05,Atlanta Hawks,train
Denver Nuggets,2014-03-05,Dallas Mavericks,train
Milwaukee Bucks,2014-03-05,Sacramento Kings,train
Boston Celtics,2014-03-05,Golden State Warriors,train
Minnesota Timberwolves,2014-03-05,New York Knicks,train
Brooklyn Nets,2014-03-05,Memphis Grizzlies,train
Washington Wizards,2014-03-05,Utah Jazz,train
Orlando Magic,2014-03-05,Houston Rockets,train
Charlotte Bobcats,2014-03-05,Indiana Pacers,train
Detroit Pistons,2014-03-05,Chicago Bulls,train
San Antonio Spurs,2014-03-06,Miami Heat,train
Phoenix Suns,2014-03-06,Oklahoma City Thunder,train
Los Angeles Lakers,2014-03-06,Los Angeles Clippers,train
Golden State Warriors,2014-03-07,Atlanta Hawks,train
Houston Rockets,2014-03-07,Indiana Pacers,train
Denver Nuggets,2014-03-07,Los Angeles Lakers,train
Dallas Mavericks,2014-03-07,Portland Trail Blazers,train
New Orleans Pelicans,2014-03-07,Milwaukee Bucks,train
Toronto Raptors,2014-03-07,Sacramento Kings,train
Boston Celtics,2014-03-07,Brooklyn Nets,train
New York Knicks,2014-03-07,Utah Jazz,train
Chicago Bulls,2014-03-07,Memphis Grizzlies,train
Charlotte Bobcats,2014-03-07,Cleveland Cavaliers,train
Minnesota Timberwolves,2014-03-07,Detroit Pistons,train
Los Angeles Clippers,2014-03-08,Atlanta Hawks,train
San Antonio Spurs,2014-03-08,Orlando Magic,train
Milwaukee Bucks,2014-03-08,Washington Wizards,train
Cleveland Cavaliers,2014-03-08,New York Knicks,train
Memphis Grizzlies,2014-03-08,Charlotte Bobcats,train
Philadelphia 76ers,2014-03-08,Utah Jazz,train
Chicago Bulls,2014-03-09,Miami Heat,train
Los Angeles Lakers,2014-03-09,Oklahoma City Thunder,train
New Orleans Pelicans,2014-03-09,Denver Nuggets,train
Brooklyn Nets,2014-03-09,Sacramento Kings,train
Boston Celtics,2014-03-09,Detroit Pistons,train
Minnesota Timberwolves,2014-03-09,Toronto Raptors,train
Houston Rockets,2014-03-09,Portland Trail Blazers,train
Dallas Mavericks,2014-03-09,Indiana Pacers,train
Golden State Warriors,2014-03-09,Phoenix Suns,train
Los Angeles Clippers,2014-03-10,Phoenix Suns,train
Milwaukee Bucks,2014-03-10,Orlando Magic,train
Utah Jazz,2014-03-10,Atlanta Hawks,train
Brooklyn Nets,2014-03-10,Toronto Raptors,train
New York Knicks,2014-03-10,Philadelphia 76ers,train
Miami Heat,2014-03-10,Washington Wizards,train
Charlotte Bobcats,2014-03-10,Denver Nuggets,train
Indiana Pacers,2014-03-11,Boston Celtics,train
Detroit Pistons,2014-03-11,Sacramento Kings,train
Memphis Grizzlies,2014-03-11,Portland Trail Blazers,train
Minnesota Timberwolves,2014-03-11,Milwaukee Bucks,train
Chicago Bulls,2014-03-11,San Antonio Spurs,train
Oklahoma City Thunder,2014-03-11,Houston Rockets,train
Golden State Warriors,2014-03-11,Dallas Mavericks,train
Phoenix Suns,2014-03-12,Cleveland Cavaliers,train
San Antonio Spurs,2014-03-12,Portland Trail Blazers,train
Los Angeles Clippers,2014-03-12,Golden State Warriors,train
New Orleans Pelicans,2014-03-12,Memphis Grizzlies,train
Boston Celtics,2014-03-12,New York Knicks,train
Utah Jazz,2014-03-12,Dallas Mavericks,train
Orlando Magic,2014-03-12,Denver Nuggets,train
Philadelphia 76ers,2014-03-12,Sacramento Kings,train
Toronto Raptors,2014-03-12,Detroit Pistons,train
Miami Heat,2014-03-12,Brooklyn Nets,train
Washington Wizards,2014-03-12,Charlotte Bobcats,train
Chicago Bulls,2014-03-13,Houston Rockets,train
Atlanta Hawks,2014-03-13,Milwaukee Bucks,train
Oklahoma City Thunder,2014-03-13,Los Angeles Lakers,train
Utah Jazz,2014-03-14,Los Angeles Clippers,train
San Antonio Spurs,2014-03-14,Los Angeles Lakers,train
New Orleans Pelicans,2014-03-14,Portland Trail Blazers,train
Miami Heat,2014-03-14,Denver Nuggets,train
Golden State Warriors,2014-03-14,Cleveland Cavaliers,train
Toronto Raptors,2014-03-14,Memphis Grizzlies,train
Charlotte Bobcats,2014-03-14,Minnesota Timberwolves,train
Philadelphia 76ers,2014-03-14,Indiana Pacers,train
Orlando Magic,2014-03-14,Washington Wizards,train
Boston Celtics,2014-03-14,Phoenix Suns,train
New York Knicks,2014-03-15,Milwaukee Bucks,train
Washington Wizards,2014-03-15,Brooklyn Nets,train
Atlanta Hawks,2014-03-15,Denver Nuggets,train
Detroit Pistons,2014-03-15,Indiana Pacers,train
Philadelphia 76ers,2014-03-15,Memphis Grizzlies,train
Chicago Bulls,2014-03-15,Sacramento Kings,train
Los Angeles Clippers,2014-03-16,Cleveland Cavaliers,train
Portland Trail Blazers,2014-03-16,Golden State Warriors,train
Minnesota Timberwolves,2014-03-16,Sacramento Kings,train
San Antonio Spurs,2014-03-16,Utah Jazz,train
Toronto Raptors,2014-03-16,Phoenix Suns,train
New Orleans Pelicans,2014-03-16,Boston Celtics,train
Miami Heat,2014-03-16,Houston Rockets,train
Milwaukee Bucks,2014-03-16,Charlotte Bobcats,train
Oklahoma City Thunder,2014-03-16,Dallas Mavericks,train
Dallas Mavericks,2014-03-17,Boston Celtics,train
Denver Nuggets,2014-03-17,Los Angeles Clippers,train
Houston Rockets,2014-03-17,Utah Jazz,train
Indiana Pacers,2014-03-17,Philadelphia 76ers,train
Brooklyn Nets,2014-03-17,Phoenix Suns,train
Charlotte Bobcats,2014-03-17,Atlanta Hawks,train
Chicago Bulls,2014-03-17,Oklahoma City Thunder,train
Cleveland Cavaliers,2014-03-18,Miami Heat,train
Atlanta Hawks,2014-03-18,Toronto Raptors,train
Portland Trail Blazers,2014-03-18,Milwaukee Bucks,train
Sacramento Kings,2014-03-18,Washington Wizards,train
Golden State Warriors,2014-03-18,Orlando Magic,train
Phoenix Suns,2014-03-19,Orlando Magic,train
Denver Nuggets,2014-03-19,Detroit Pistons,train
Dallas Mavericks,2014-03-19,Minnesota Timberwolves,train
Memphis Grizzlies,2014-03-19,Utah Jazz,train
Los Angeles Lakers,2014-03-19,San Antonio Spurs,train
New York Knicks,2014-03-19,Indiana Pacers,train
Brooklyn Nets,2014-03-19,Charlotte Bobcats,train
Boston Celtics,2014-03-19,Miami Heat,train
Philadelphia 76ers,2014-03-19,Chicago Bulls,train
New Orleans Pelicans,2014-03-19,Toronto Raptors,train
Cleveland Cavaliers,2014-03-20,Oklahoma City Thunder,train
Houston Rockets,2014-03-20,Minnesota Timberwolves,train
Portland Trail Blazers,2014-03-20,Washington Wizards,train
Golden State Warriors,2014-03-20,Milwaukee Bucks,train
Los Angeles Lakers,2014-03-21,Washington Wizards,train
Sacramento Kings,2014-03-21,San Antonio Spurs,train
Phoenix Suns,2014-03-21,Detroit Pistons,train
Dallas Mavericks,2014-03-21,Denver Nuggets,train
Brooklyn Nets,2014-03-21,Boston Celtics,train
Toronto Raptors,2014-03-21,Oklahoma City Thunder,train
Atlanta Hawks,2014-03-21,New Orleans Pelicans,train
Indiana Pacers,2014-03-21,Chicago Bulls,train
Philadelphia 76ers,2014-03-21,New York Knicks,train
Miami Heat,2014-03-21,Memphis Grizzlies,train
Utah Jazz,2014-03-22,Orlando Magic,train
Golden State Warriors,2014-03-22,San Antonio Spurs,train
Los Angeles Clippers,2014-03-22,Detroit Pistons,train
Chicago Bulls,2014-03-22,Philadelphia 76ers,train
Charlotte Bobcats,2014-03-22,Portland Trail Blazers,train
Memphis Grizzlies,2014-03-22,Indiana Pacers,train
Cleveland Cavaliers,2014-03-22,Houston Rockets,train
New Orleans Pelicans,2014-03-22,Miami Heat,train
Toronto Raptors,2014-03-23,Atlanta Hawks,train
Minnesota Timberwolves,2014-03-23,Phoenix Suns,train
Denver Nuggets,2014-03-23,Washington Wizards,train
Sacramento Kings,2014-03-23,Milwaukee Bucks,train
New York Knicks,2014-03-23,Cleveland Cavaliers,train
Dallas Mavericks,2014-03-23,Brooklyn Nets,train
Los Angeles Lakers,2014-03-23,Orlando Magic,train
Los Angeles Clippers,2014-03-24,Milwaukee Bucks,train
Utah Jazz,2014-03-24,Detroit Pistons,train
San Antonio Spurs,2014-03-24,Philadelphia 76ers,train
New Orleans Pelicans,2014-03-24,Brooklyn Nets,train
Chicago Bulls,2014-03-24,Indiana Pacers,train
Oklahoma City Thunder,2014-03-24,Denver Nuggets,train
Miami Heat,2014-03-24,Portland Trail Blazers,train
Atlanta Hawks,2014-03-24,Phoenix Suns,train
Charlotte Bobcats,2014-03-24,Houston Rockets,train
Memphis Grizzlies,2014-03-24,Minnesota Timberwolves,train
Cleveland Cavaliers,2014-03-25,Toronto Raptors,train
Orlando Magic,2014-03-25,Portland Trail Blazers,train
Dallas Mavericks,2014-03-25,Oklahoma City Thunder,train
Los Angeles Lakers,2014-03-25,New York Knicks,train
New Orleans Pelicans,2014-03-26,Los Angeles Clippers,train
Sacramento Kings,2014-03-26,New York Knicks,train
San Antonio Spurs,2014-03-26,Denver Nuggets,train
Utah Jazz,2014-03-26,Memphis Grizzlies,train
Indiana Pacers,2014-03-26,Miami Heat,train
Boston Celtics,2014-03-26,Toronto Raptors,train
Detroit Pistons,2014-03-26,Cleveland Cavaliers,train
Charlotte Bobcats,2014-03-26,Brooklyn Nets,train
Minnesota Timberwolves,2014-03-26,Atlanta Hawks,train
Washington Wizards,2014-03-26,Phoenix Suns,train
Atlanta Hawks,2014-03-27,Portland Trail Blazers,train
Milwaukee Bucks,2014-03-27,Los Angeles Lakers,train
Houston Rockets,2014-03-27,Philadelphia 76ers,train
Dallas Mavericks,2014-03-27,Los Angeles Clippers,train
Oklahoma City Thunder,2014-03-28,Sacramento Kings,train
Golden State Warriors,2014-03-28,Memphis Grizzlies,train
Phoenix Suns,2014-03-28,New York Knicks,train
Denver Nuggets,2014-03-28,San Antonio Spurs,train
Chicago Bulls,2014-03-28,Portland Trail Blazers,train
Minnesota Timberwolves,2014-03-28,Los Angeles Lakers,train
Detroit Pistons,2014-03-28,Miami Heat,train
Brooklyn Nets,2014-03-28,Cleveland Cavaliers,train
Orlando Magic,2014-03-28,Charlotte Bobcats,train
Washington Wizards,2014-03-28,Indiana Pacers,train
Toronto Raptors,2014-03-28,Boston Celtics,train
New Orleans Pelicans,2014-03-28,Utah Jazz,train
Philadelphia 76ers,2014-03-29,Detroit Pistons,train
Washington Wizards,2014-03-29,Atlanta Hawks,train
Houston Rockets,2014-03-29,Los Angeles Clippers,train
Dallas Mavericks,2014-03-29,Sacramento Kings,train
San Antonio Spurs,2014-03-29,New Orleans Pelicans,train
Milwaukee Bucks,2014-03-29,Miami Heat,train
Boston Celtics,2014-03-30,Chicago Bulls,train
Golden State Warriors,2014-03-30,New York Knicks,train
Portland Trail Blazers,2014-03-30,Memphis Grizzlies,train
Los Angeles Lakers,2014-03-30,Phoenix Suns,train
Brooklyn Nets,2014-03-30,Minnesota Timberwolves,train
Cleveland Cavaliers,2014-03-30,Indiana Pacers,train
Oklahoma City Thunder,2014-03-30,Utah Jazz,train
Orlando Magic,2014-03-30,Toronto Raptors,train
Charlotte Bobcats,2014-03-31,Washington Wizards,train
Indiana Pacers,2014-03-31,San Antonio Spurs,train
Miami Heat,2014-03-31,Toronto Raptors,train
Detroit Pistons,2014-03-31,Milwaukee Bucks,train
Atlanta Hawks,2014-03-31,Philadelphia 76ers,train
Chicago Bulls,2014-03-31,Boston Celtics,train
New Orleans Pelicans,2014-03-31,Sacramento Kings,train
Minnesota Timberwolves,2014-03-31,Los Angeles Clippers,train
Utah Jazz,2014-03-31,New York Knicks,train
Denver Nuggets,2014-03-31,Memphis Grizzlies,train
Los Angeles Lakers,2014-04-01,Portland Trail Blazers,train
Dallas Mavericks,2014-04-01,Golden State Warriors,train
Brooklyn Nets,2014-04-01,Houston Rockets,train
Phoenix Suns,2014-04-02,Los Angeles Clippers,train
Washington Wizards,2014-04-02,Boston Celtics,train
New York Knicks,2014-04-02,Brooklyn Nets,train
Indiana Pacers,2014-04-02,Detroit Pistons,train
Toronto Raptors,2014-04-02,Houston Rockets,train
Orlando Magic,2014-04-02,Cleveland Cavaliers,train
Philadelphia 76ers,2014-04-02,Charlotte Bobcats,train
Atlanta Hawks,2014-04-02,Chicago Bulls,train
Miami Heat,2014-04-02,Milwaukee Bucks,train
Minnesota Timberwolves,2014-04-02,Memphis Grizzlies,train
San Antonio Spurs,2014-04-02,Golden State Warriors,train
Denver Nuggets,2014-04-02,New Orleans Pelicans,train
Sacramento Kings,2014-04-02,Los Angeles Lakers,train
Los Angeles Clippers,2014-04-03,Dallas Mavericks,train
Oklahoma City Thunder,2014-04-03,San Antonio Spurs,train
Los Angeles Lakers,2014-04-04,Dallas Mavericks,train
Chicago Bulls,2014-04-04,Milwaukee Bucks,train
Golden State Warriors,2014-04-04,Sacramento Kings,train
Portland Trail Blazers,2014-04-04,Phoenix Suns,train
Houston Rockets,2014-04-04,Oklahoma City Thunder,train
Utah Jazz,2014-04-04,New Orleans Pelicans,train
New York Knicks,2014-04-04,Washington Wizards,train
Toronto Raptors,2014-04-04,Indiana Pacers,train
Boston Celtics,2014-04-04,Philadelphia 76ers,train
Charlotte Bobcats,2014-04-04,Orlando Magic,train
Memphis Grizzlies,2014-04-04,Denver Nuggets,train
Brooklyn Nets,2014-04-04,Detroit Pistons,train
Atlanta Hawks,2014-04-04,Cleveland Cavaliers,train
Miami Heat,2014-04-04,Minnesota Timberwolves,train
Orlando Magic,2014-04-05,Minnesota Timberwolves,train
Washington Wizards,2014-04-05,Chicago Bulls,train
Philadelphia 76ers,2014-04-05,Brooklyn Nets,train
Detroit Pistons,2014-04-05,Boston Celtics,train
Cleveland Cavaliers,2014-04-05,Charlotte Bobcats,train
Milwaukee Bucks,2014-04-05,Toronto Raptors,train
Phoenix Suns,2014-04-06,Oklahoma City Thunder,train
Portland Trail Blazers,2014-04-06,New Orleans Pelicans,train
San Antonio Spurs,2014-04-06,Memphis Grizzlies,train
Houston Rockets,2014-04-06,Denver Nuggets,train
Golden State Warriors,2014-04-06,Utah Jazz,train
Indiana Pacers,2014-04-06,Atlanta Hawks,train
Los Angeles Clippers,2014-04-06,Los Angeles Lakers,train
Miami Heat,2014-04-06,New York Knicks,train
Sacramento Kings,2014-04-06,Dallas Mavericks,train
Miami Heat,2014-04-08,Brooklyn Nets,train
Minnesota Timberwolves,2014-04-08,San Antonio Spurs,train
Utah Jazz,2014-04-08,Dallas Mavericks,train
Sacramento Kings,2014-04-08,Oklahoma City Thunder,train
Los Angeles Lakers,2014-04-08,Houston Rockets,train
Atlanta Hawks,2014-04-08,Detroit Pistons,train
Memphis Grizzlies,2014-04-09,Miami Heat,train
Los Angeles Clippers,2014-04-09,Oklahoma City Thunder,train
Portland Trail Blazers,2014-04-09,Sacramento Kings,train
Denver Nuggets,2014-04-09,Houston Rockets,train
Milwaukee Bucks,2014-04-09,Indiana Pacers,train
New Orleans Pelicans,2014-04-09,Phoenix Suns,train
Washington Wizards,2014-04-09,Charlotte Bobcats,train
Atlanta Hawks,2014-04-09,Boston Celtics,train
Orlando Magic,2014-04-09,Brooklyn Nets,train
Toronto Raptors,2014-04-09,Philadelphia 76ers,train
Minnesota Timberwolves,2014-04-09,Chicago Bulls,train
Cleveland Cavaliers,2014-04-09,Detroit Pistons,train
Dallas Mavericks,2014-04-10,San Antonio Spurs,train
Golden State Warriors,2014-04-10,Denver Nuggets,train
San Antonio Spurs,2014-04-11,Phoenix Suns,train
Los Angeles Lakers,2014-04-11,Golden State Warriors,train
Utah Jazz,2014-04-11,Portland Trail Blazers,train
Milwaukee Bucks,2014-04-11,Cleveland Cavaliers,train
Memphis Grizzlies,2014-04-11,Philadelphia 76ers,train
Minnesota Timberwolves,2014-04-11,Houston Rockets,train
Chicago Bulls,2014-04-11,Detroit Pistons,train
Boston Celtics,2014-04-11,Charlotte Bobcats,train
Brooklyn Nets,2014-04-11,Atlanta Hawks,train
Miami Heat,2014-04-11,Indiana Pacers,train
Toronto Raptors,2014-04-11,New York Knicks,train
Orlando Magic,2014-04-11,Washington Wizards,train
Oklahoma City Thunder,2014-04-11,New Orleans Pelicans,train
Charlotte Bobcats,2014-04-12,Philadelphia 76ers,train
Los Angeles Clippers,2014-04-12,Sacramento Kings,train
Washington Wizards,2014-04-12,Milwaukee Bucks,train
Cleveland Cavaliers,2014-04-12,Boston Celtics,train
Atlanta Hawks,2014-04-12,Miami Heat,train
Houston Rockets,2014-04-12,New Orleans Pelicans,train
Dallas Mavericks,2014-04-12,Phoenix Suns,train
Denver Nuggets,2014-04-12,Utah Jazz,train
Portland Trail Blazers,2014-04-13,Golden State Warriors,train
Sacramento Kings,2014-04-13,Minnesota Timberwolves,train
Los Angeles Lakers,2014-04-13,Memphis Grizzlies,train
Indiana Pacers,2014-04-13,Oklahoma City Thunder,train
Detroit Pistons,2014-04-13,Toronto Raptors,train
New York Knicks,2014-04-13,Chicago Bulls,train
Brooklyn Nets,2014-04-13,Orlando Magic,train
Golden State Warriors,2014-04-14,Minnesota Timberwolves,train
Phoenix Suns,2014-04-14,Memphis Grizzlies,train
Chicago Bulls,2014-04-14,Orlando Magic,train
Houston Rockets,2014-04-14,San Antonio Spurs,train
Utah Jazz,2014-04-14,Los Angeles Lakers,train
Atlanta Hawks,2014-04-14,Charlotte Bobcats,train
Toronto Raptors,2014-04-14,Milwaukee Bucks,train
Washington Wizards,2014-04-14,Miami Heat,train
Philadelphia 76ers,2014-04-14,Boston Celtics,train
New Orleans Pelicans,2014-04-14,Oklahoma City Thunder,train
Brooklyn Nets,2014-04-15,New York Knicks,train
Los Angeles Clippers,2014-04-15,Denver Nuggets,train
Orlando Magic,2014-04-16,Indiana Pacers,train
Portland Trail Blazers,2014-04-16,Los Angeles Clippers,train
Denver Nuggets,2014-04-16,Golden State Warriors,train
Sacramento Kings,2014-04-16,Phoenix Suns,train
New York Knicks,2014-04-16,Toronto Raptors,train
Charlotte Bobcats,2014-04-16,Chicago Bulls,train
Miami Heat,2014-04-16,Philadelphia 76ers,train
Memphis Grizzlies,2014-04-16,Dallas Mavericks,train
Boston Celtics,2014-04-16,Washington Wizards,train
San Antonio Spurs,2014-04-16,Los Angeles Lakers,train
Oklahoma City Thunder,2014-04-16,Detroit Pistons,train
New Orleans Pelicans,2014-04-16,Houston Rockets,train
Minnesota Timberwolves,2014-04-16,Utah Jazz,train
Milwaukee Bucks,2014-04-16,Atlanta Hawks,train
Cleveland Cavaliers,2014-04-16,Brooklyn Nets,train
Los Angeles Clippers,2014-04-19,Golden State Warriors,train
Indiana Pacers,2014-04-19,Atlanta Hawks,train
Toronto Raptors,2014-04-19,Brooklyn Nets,train
Oklahoma City Thunder,2014-04-19,Memphis Grizzlies,train
San Antonio Spurs,2014-04-20,Dallas Mavericks,train
Miami Heat,2014-04-20,Charlotte Bobcats,train
Chicago Bulls,2014-04-20,Washington Wizards,train
Houston Rockets,2014-04-20,Portland Trail Blazers,train
Oklahoma City Thunder,2014-04-21,Memphis Grizzlies,train
Los Angeles Clippers,2014-04-21,Golden State Warriors,train
Indiana Pacers,2014-04-22,Atlanta Hawks,train
Toronto Raptors,2014-04-22,Brooklyn Nets,train
Chicago Bulls,2014-04-22,Washington Wizards,train
San Antonio Spurs,2014-04-23,Dallas Mavericks,train
Miami Heat,2014-04-23,Charlotte Bobcats,train
Houston Rockets,2014-04-23,Portland Trail Blazers,train
Golden State Warriors,2014-04-24,Los Angeles Clippers,train
Atlanta Hawks,2014-04-24,Indiana Pacers,train
Memphis Grizzlies,2014-04-24,Oklahoma City Thunder,train
Brooklyn Nets,2014-04-25,Toronto Raptors,train
Washington Wizards,2014-04-25,Chicago Bulls,train
Portland Trail Blazers,2014-04-25,Houston Rockets,train
Memphis Grizzlies,2014-04-26,Oklahoma City Thunder,train
Atlanta Hawks,2014-04-26,Indiana Pacers,train
Dallas Mavericks,2014-04-26,San Antonio Spurs,train
Charlotte Bobcats,2014-04-26,Miami Heat,train
Brooklyn Nets,2014-04-27,Toronto Raptors,train
Portland Trail Blazers,2014-04-27,Houston Rockets,train
Washington Wizards,2014-04-27,Chicago Bulls,train
Golden State Warriors,2014-04-27,Los Angeles Clippers,train
Dallas Mavericks,2014-04-28,San Antonio Spurs,train
Charlotte Bobcats,2014-04-28,Miami Heat,train
Indiana Pacers,2014-04-28,Atlanta Hawks,train
Chicago Bulls,2014-04-29,Washington Wizards,train
Oklahoma City Thunder,2014-04-29,Memphis Grizzlies,train
Los Angeles Clippers,2014-04-29,Golden State Warriors,train
Toronto Raptors,2014-04-30,Brooklyn Nets,train
San Antonio Spurs,2014-04-30,Dallas Mavericks,train
Houston Rockets,2014-04-30,Portland Trail Blazers,train
Atlanta Hawks,2014-05-01,Indiana Pacers,train
Memphis Grizzlies,2014-05-01,Oklahoma City Thunder,train
Golden State Warriors,2014-05-01,Los Angeles Clippers,train
Brooklyn Nets,2014-05-02,Toronto Raptors,train
Dallas Mavericks,2014-05-02,San Antonio Spurs,train
Portland Trail Blazers,2014-05-02,Houston Rockets,train
Los Angeles Clippers,2014-05-03,Golden State Warriors,train
Oklahoma City Thunder,2014-05-03,Memphis Grizzlies,train
Indiana Pacers,2014-05-03,Atlanta Hawks,train
Toronto Raptors,2014-05-04,Brooklyn Nets,train
San Antonio Spurs,2014-05-04,Dallas Mavericks,train
Indiana Pacers,2014-05-05,Washington Wizards,train
Oklahoma City Thunder,2014-05-05,Los Angeles Clippers,train
Miami Heat,2014-05-06,Brooklyn Nets,train
San Antonio Spurs,2014-05-06,Portland Trail Blazers,train
Indiana Pacers,2014-05-07,Washington Wizards,train
Oklahoma City Thunder,2014-05-07,Los Angeles Clippers,train
Miami Heat,2014-05-08,Brooklyn Nets,train
San Antonio Spurs,2014-05-08,Portland Trail Blazers,train
Washington Wizards,2014-05-09,Indiana Pacers,train
Los Angeles Clippers,2014-05-09,Oklahoma City Thunder,train
Portland Trail Blazers,2014-05-10,San Antonio Spurs,train
Brooklyn Nets,2014-05-10,Miami Heat,train
Los Angeles Clippers,2014-05-11,Oklahoma City Thunder,train
Washington Wizards,2014-05-11,Indiana Pacers,train
Brooklyn Nets,2014-05-12,Miami Heat,train
Portland Trail Blazers,2014-05-12,San Antonio Spurs,train
Indiana Pacers,2014-05-13,Washington Wizards,train
Oklahoma City Thunder,2014-05-13,Los Angeles Clippers,train
Miami Heat,2014-05-14,Brooklyn Nets,train
San Antonio Spurs,2014-05-14,Portland Trail Blazers,train
Washington Wizards,2014-05-15,Indiana Pacers,train
Los Angeles Clippers,2014-05-15,Oklahoma City Thunder,train
Indiana Pacers,2014-05-18,Miami Heat,train
San Antonio Spurs,2014-05-19,Oklahoma City Thunder,train
Indiana Pacers,2014-05-20,Miami Heat,train
San Antonio Spurs,2014-05-21,Oklahoma City Thunder,train
Miami Heat,2014-05-24,Indiana Pacers,train
Oklahoma City Thunder,2014-05-25,San Antonio Spurs,train
Miami Heat,2014-05-26,Indiana Pacers,train
Oklahoma City Thunder,2014-05-27,San Antonio Spurs,train
Indiana Pacers,2014-05-28,Miami Heat,train
San Antonio Spurs,2014-05-29,Oklahoma City Thunder,train
Miami Heat,2014-05-30,Indiana Pacers,train
Oklahoma City Thunder,2014-05-31,San Antonio Spurs,train
San Antonio Spurs,2014-06-05,Miami Heat,train
San Antonio Spurs,2014-06-08,Miami Heat,train
Miami Heat,2014-06-10,San Antonio Spurs,train
Miami Heat,2014-06-12,San Antonio Spurs,train
San Antonio Spurs,2014-06-15,Miami Heat,train
Los Angeles Lakers,2014-10-31,Los Angeles Clippers,train
Phoenix Suns,2014-10-31,San Antonio Spurs,train
Sacramento Kings,2014-10-31,Portland Trail Blazers,train
Chicago Bulls,2014-10-31,Cleveland Cavaliers,train
Indiana Pacers,2014-10-31,Memphis Grizzlies,train
Milwaukee Bucks,2014-10-31,Philadelphia 76ers,train
Golden State Warriors,2014-11-01,Los Angeles Lakers,train
Utah Jazz,2014-11-01,Phoenix Suns,train
Houston Rockets,2014-11-01,Boston Celtics,train
Minnesota Timberwolves,2014-11-01,Chicago Bulls,train
Atlanta Hawks,2014-11-01,Indiana Pacers,train
Oklahoma City Thunder,2014-11-01,Denver Nuggets,train
Washington Wizards,2014-11-01,Milwaukee Bucks,train
Philadelphia 76ers,2014-11-01,Miami Heat,train
Orlando Magic,2014-11-01,Toronto Raptors,train
New Orleans Pelicans,2014-11-01,Dallas Mavericks,train
Charlotte Hornets,2014-11-01,Memphis Grizzlies,train
Detroit Pistons,2014-11-01,Brooklyn Nets,train
Portland Trail Blazers,2014-11-02,Golden State Warriors,train
New York Knicks,2014-11-02,Charlotte Hornets,train
Los Angeles Clippers,2014-11-02,Sacramento Kings,train
Miami Heat,2014-11-02,Toronto Raptors,train
Los Angeles Clippers,2014-11-03,Utah Jazz,train
Philadelphia 76ers,2014-11-03,Houston Rockets,train
Brooklyn Nets,2014-11-03,Oklahoma City Thunder,train
Memphis Grizzlies,2014-11-03,New Orleans Pelicans,train
Dallas Mavericks,2014-11-03,Boston Celtics,train
Denver Nuggets,2014-11-03,Sacramento Kings,train
Portland Trail Blazers,2014-11-04,Cleveland Cavaliers,train
New Orleans Pelicans,2014-11-04,Charlotte Hornets,train
Los Angeles Lakers,2014-11-04,Phoenix Suns,train
Chicago Bulls,2014-11-04,Orlando Magic,train
Miami Heat,2014-11-04,Houston Rockets,train
New York Knicks,2014-11-04,Washington Wizards,train
Toronto Raptors,2014-11-04,Oklahoma City Thunder,train
Indiana Pacers,2014-11-04,Milwaukee Bucks,train
Golden State Warriors,2014-11-05,Los Angeles Clippers,train
Utah Jazz,2014-11-05,Cleveland Cavaliers,train
Phoenix Suns,2014-11-05,Memphis Grizzlies,train
San Antonio Spurs,2014-11-05,Atlanta Hawks,train
Milwaukee Bucks,2014-11-05,Chicago Bulls,train
Sacramento Kings,2014-11-05,Denver Nuggets,train
Detroit Pistons,2014-11-05,New York Knicks,train
Brooklyn Nets,2014-11-05,Minnesota Timberwolves,train
Boston Celtics,2014-11-05,Toronto Raptors,train
Charlotte Hornets,2014-11-05,Miami Heat,train
Philadelphia 76ers,2014-11-05,Orlando Magic,train
Washington Wizards,2014-11-05,Indiana Pacers,train
Houston Rockets,2014-11-06,San Antonio Spurs,train
Portland Trail Blazers,2014-11-06,Dallas Mavericks,train
Phoenix Suns,2014-11-07,Sacramento Kings,train
Oklahoma City Thunder,2014-11-07,Memphis Grizzlies,train
Toronto Raptors,2014-11-07,Washington Wizards,train
Detroit Pistons,2014-11-07,Milwaukee Bucks,train
Orlando Magic,2014-11-07,Minnesota Timberwolves,train
Boston Celtics,2014-11-07,Indiana Pacers,train
Philadelphia 76ers,2014-11-07,Chicago Bulls,train
Charlotte Hornets,2014-11-07,Atlanta Hawks,train
Utah Jazz,2014-11-07,Dallas Mavericks,train
Brooklyn Nets,2014-11-07,New York Knicks,train
Denver Nuggets,2014-11-07,Cleveland Cavaliers,train
Chicago Bulls,2014-11-08,Boston Celtics,train
Houston Rockets,2014-11-08,Golden State Warriors,train
Miami Heat,2014-11-08,Minnesota Timberwolves,train
Milwaukee Bucks,2014-11-08,Memphis Grizzlies,train
Indiana Pacers,2014-11-08,Washington Wizards,train
Los Angeles Clippers,2014-11-08,Portland Trail Blazers,train
Atlanta Hawks,2014-11-08,New York Knicks,train
San Antonio Spurs,2014-11-08,New Orleans Pelicans,train
Los Angeles Lakers,2014-11-09,Charlotte Hornets,train
Portland Trail Blazers,2014-11-09,Denver Nuggets,train
Phoenix Suns,2014-11-09,Golden State Warriors,train
Dallas Mavericks,2014-11-09,Miami Heat,train
Toronto Raptors,2014-11-09,Philadelphia 76ers,train
Oklahoma City Thunder,2014-11-09,Sacramento Kings,train
Detroit Pistons,2014-11-09,Utah Jazz,train
Brooklyn Nets,2014-11-09,Orlando Magic,train
Cleveland Cavaliers,2014-11-10,New Orleans Pelicans,train
Indiana Pacers,2014-11-10,Utah Jazz,train
New York Knicks,2014-11-10,Atlanta Hawks,train
Chicago Bulls,2014-11-10,Detroit Pistons,train
Los Angeles Clippers,2014-11-10,San Antonio Spurs,train
Golden State Warriors,2014-11-11,San Antonio Spurs,train
Portland Trail Blazers,2014-11-11,Charlotte Hornets,train
Dallas Mavericks,2014-11-11,Sacramento Kings,train
Toronto Raptors,2014-11-11,Orlando Magic,train
Memphis Grizzlies,2014-11-11,Los Angeles Lakers,train
Milwaukee Bucks,2014-11-11,Oklahoma City Thunder,train
Denver Nuggets,2014-11-12,Portland Trail Blazers,train
Minnesota Timberwolves,2014-11-12,Houston Rockets,train
Phoenix Suns,2014-11-12,Brooklyn Nets,train
New Orleans Pelicans,2014-11-12,Los Angeles Lakers,train
Washington Wizards,2014-11-12,Detroit Pistons,train
Miami Heat,2014-11-12,Indiana Pacers,train
Boston Celtics,2014-11-12,Oklahoma City Thunder,train
Atlanta Hawks,2014-11-12,Utah Jazz,train
New York Knicks,2014-11-12,Orlando Magic,train
Toronto Raptors,2014-11-13,Chicago Bulls,train
Memphis Grizzlies,2014-11-13,Sacramento Kings,train
Dallas Mavericks,2014-11-13,Philadelphia 76ers,train
Golden State Warriors,2014-11-13,Brooklyn Nets,train
Oklahoma City Thunder,2014-11-14,Detroit Pistons,train
Los Angeles Lakers,2014-11-14,San Antonio Spurs,train
Phoenix Suns,2014-11-14,Charlotte Hornets,train
New Orleans Pelicans,2014-11-14,Minnesota Timberwolves,train
Houston Rockets,2014-11-14,Philadelphia 76ers,train
New York Knicks,2014-11-14,Utah Jazz,train
Boston Celtics,2014-11-14,Cleveland Cavaliers,train
Atlanta Hawks,2014-11-14,Miami Heat,train
Indiana Pacers,2014-11-14,Denver Nuggets,train
Orlando Magic,2014-11-14,Milwaukee Bucks,train
Washington Wizards,2014-11-15,Orlando Magic,train
Toronto Raptors,2014-11-15,Utah Jazz,train
Cleveland Cavaliers,2014-11-15,Atlanta Hawks,train
Chicago Bulls,2014-11-15,Indiana Pacers,train
Memphis Grizzlies,2014-11-15,Detroit Pistons,train
Dallas Mavericks,2014-11-15,Minnesota Timberwolves,train
Sacramento Kings,2014-11-15,San Antonio Spurs,train
Portland Trail Blazers,2014-11-15,Brooklyn Nets,train
Golden State Warriors,2014-11-15,Charlotte Hornets,train
Los Angeles Clippers,2014-11-15,Phoenix Suns,train
Oklahoma City Thunder,2014-11-16,Houston Rockets,train
Los Angeles Lakers,2014-11-16,Golden State Warriors,train
New York Knicks,2014-11-16,Denver Nuggets,train
Miami Heat,2014-11-16,Milwaukee Bucks,train
Los Angeles Clippers,2014-11-17,Chicago Bulls,train
San Antonio Spurs,2014-11-17,Philadelphia 76ers,train
Memphis Grizzlies,2014-11-17,Houston Rockets,train
Boston Celtics,2014-11-17,Phoenix Suns,train
Portland Trail Blazers,2014-11-17,New Orleans Pelicans,train
Detroit Pistons,2014-11-17,Orlando Magic,train
Charlotte Hornets,2014-11-17,Dallas Mavericks,train
Cleveland Cavaliers,2014-11-17,Denver Nuggets,train
Brooklyn Nets,2014-11-17,Miami Heat,train
Atlanta Hawks,2014-11-18,Los Angeles Lakers,train
Milwaukee Bucks,2014-11-18,New York Knicks,train
Utah Jazz,2014-11-18,Oklahoma City Thunder,train
Sacramento Kings,2014-11-18,New Orleans Pelicans,train
Toronto Raptors,2014-11-19,Memphis Grizzlies,train
Houston Rockets,2014-11-19,Los Angeles Lakers,train
Denver Nuggets,2014-11-19,Oklahoma City Thunder,train
Minnesota Timberwolves,2014-11-19,New York Knicks,train
Brooklyn Nets,2014-11-19,Milwaukee Bucks,train
Orlando Magic,2014-11-19,Los Angeles Clippers,train
Indiana Pacers,2014-11-19,Charlotte Hornets,train
Philadelphia 76ers,2014-11-19,Boston Celtics,train
Cleveland Cavaliers,2014-11-19,San Antonio Spurs,train
Washington Wizards,2014-11-19,Dallas Mavericks,train
Detroit Pistons,2014-11-19,Phoenix Suns,train
Miami Heat,2014-11-20,Los Angeles Clippers,train
Sacramento Kings,2014-11-20,Chicago Bulls,train
Portland Trail Blazers,2014-11-21,Chicago Bulls,train
Golden State Warriors,2014-11-21,Utah Jazz,train
Denver Nuggets,2014-11-21,New Orleans Pelicans,train
Dallas Mavericks,2014-11-21,Los Angeles Lakers,train
Minnesota Timberwolves,2014-11-21,San Antonio Spurs,train
Oklahoma City Thunder,2014-11-21,Brooklyn Nets,train
Washington Wizards,2014-11-21,Cleveland Cavaliers,train
Toronto Raptors,2014-11-21,Milwaukee Bucks,train
Atlanta Hawks,2014-11-21,Detroit Pistons,train
Charlotte Hornets,2014-11-21,Orlando Magic,train
Philadelphia 76ers,2014-11-21,Phoenix Suns,train
Memphis Grizzlies,2014-11-21,Boston Celtics,train
Utah Jazz,2014-11-22,New Orleans Pelicans,train
Milwaukee Bucks,2014-11-22,Washington Wizards,train
San Antonio Spurs,2014-11-22,Brooklyn Nets,train
Houston Rockets,2014-11-22,Dallas Mavericks,train
Cleveland Cavaliers,2014-11-22,Toronto Raptors,train
New York Knicks,2014-11-22,Philadelphia 76ers,train
Indiana Pacers,2014-11-22,Phoenix Suns,train
Orlando Magic,2014-11-22,Miami Heat,train
Minnesota Timberwolves,2014-11-22,Sacramento Kings,train
Los Angeles Lakers,2014-11-23,Denver Nuggets,train
Memphis Grizzlies,2014-11-23,Los Angeles Clippers,train
Oklahoma City Thunder,2014-11-23,Golden State Warriors,train
Boston Celtics,2014-11-23,Portland Trail Blazers,train
Miami Heat,2014-11-23,Charlotte Hornets,train
Cleveland Cavaliers,2014-11-24,Orlando Magic,train
Philadelphia 76ers,2014-11-24,Portland Trail Blazers,train
Charlotte Hornets,2014-11-24,Los Angeles Clippers,train
Toronto Raptors,2014-11-24,Phoenix Suns,train
Houston Rockets,2014-11-24,New York Knicks,train
Dallas Mavericks,2014-11-24,Indiana Pacers,train
Utah Jazz,2014-11-24,Chicago Bulls,train
Denver Nuggets,2014-11-25,Chicago Bulls,train
New Orleans Pelicans,2014-11-25,Sacramento Kings,train
Washington Wizards,2014-11-25,Atlanta Hawks,train
Miami Heat,2014-11-25,Golden State Warriors,train
Milwaukee Bucks,2014-11-25,Detroit Pistons,train
Houston Rockets,2014-11-26,Sacramento Kings,train
Phoenix Suns,2014-11-26,Denver Nuggets,train
San Antonio Spurs,2014-11-26,Indiana Pacers,train
Los Angeles Lakers,2014-11-26,Memphis Grizzlies,train
Oklahoma City Thunder,2014-11-26,Utah Jazz,train
Minnesota Timberwolves,2014-11-26,Milwaukee Bucks,train
Orlando Magic,2014-11-26,Golden State Warriors,train
Atlanta Hawks,2014-11-26,Toronto Raptors,train
Detroit Pistons,2014-11-26,Los Angeles Clippers,train
Charlotte Hornets,2014-11-26,Portland Trail Blazers,train
Cleveland Cavaliers,2014-11-26,Washington Wizards,train
Philadelphia 76ers,2014-11-26,Brooklyn Nets,train
Dallas Mavericks,2014-11-26,New York Knicks,train
Oklahoma City Thunder,2014-11-28,New York Knicks,train
Los Angeles Lakers,2014-11-28,Minnesota Timberwolves,train
Portland Trail Blazers,2014-11-28,Memphis Grizzlies,train
Denver Nuggets,2014-11-28,Phoenix Suns,train
San Antonio Spurs,2014-11-28,Sacramento Kings,train
Houston Rockets,2014-11-28,Los Angeles Clippers,train
Toronto Raptors,2014-11-28,Dallas Mavericks,train
Detroit Pistons,2014-11-28,Milwaukee Bucks,train
Indiana Pacers,2014-11-28,Orlando Magic,train
Atlanta Hawks,2014-11-28,New Orleans Pelicans,train
Charlotte Hornets,2014-11-28,Golden State Warriors,train
Boston Celtics,2014-11-28,Chicago Bulls,train
Washington Wizards,2014-11-29,New Orleans Pelicans,train
Philadelphia 76ers,2014-11-29,Dallas Mavericks,train
Cleveland Cavaliers,2014-11-29,Indiana Pacers,train
Atlanta Hawks,2014-11-29,Charlotte Hornets,train
Milwaukee Bucks,2014-11-29,Houston Rockets,train
Utah Jazz,2014-11-29,Los Angeles Clippers,train
Portland Trail Blazers,2014-11-30,Minnesota Timberwolves,train
Phoenix Suns,2014-11-30,Orlando Magic,train
New York Knicks,2014-11-30,Miami Heat,train
Los Angeles Lakers,2014-11-30,Toronto Raptors,train
Detroit Pistons,2014-11-30,Golden State Warriors,train
Brooklyn Nets,2014-11-30,Chicago Bulls,train
Boston Celtics,2014-11-30,San Antonio Spurs,train
Sacramento Kings,2014-11-30,Memphis Grizzlies,train
Washington Wizards,2014-12-01,Miami Heat,train
Philadelphia 76ers,2014-12-01,San Antonio Spurs,train
Utah Jazz,2014-12-01,Denver Nuggets,train
Los Angeles Clippers,2014-12-01,Minnesota Timberwolves,train
Golden State Warriors,2014-12-02,Orlando Magic,train
Sacramento Kings,2014-12-02,Toronto Raptors,train
Phoenix Suns,2014-12-02,Indiana Pacers,train
Denver Nuggets,2014-12-02,Portland Trail Blazers,train
Chicago Bulls,2014-12-02,Dallas Mavericks,train
New York Knicks,2014-12-02,Brooklyn Nets,train
Detroit Pistons,2014-12-02,Los Angeles Lakers,train
Atlanta Hawks,2014-12-02,Boston Celtics,train
Cleveland Cavaliers,2014-12-02,Milwaukee Bucks,train
New Orleans Pelicans,2014-12-02,Oklahoma City Thunder,train
Houston Rockets,2014-12-03,Memphis Grizzlies,train
Los Angeles Clippers,2014-12-03,Orlando Magic,train
Utah Jazz,2014-12-03,Toronto Raptors,train
Minnesota Timberwolves,2014-12-03,Philadelphia 76ers,train
Milwaukee Bucks,2014-12-03,Dallas Mavericks,train
Charlotte Hornets,2014-12-03,Chicago Bulls,train
Brooklyn Nets,2014-12-03,San Antonio Spurs,train
Boston Celtics,2014-12-03,Detroit Pistons,train
Washington Wizards,2014-12-03,Los Angeles Lakers,train
Miami Heat,2014-12-03,Atlanta Hawks,train
New York Knicks,2014-12-04,Cleveland Cavaliers,train
Portland Trail Blazers,2014-12-04,Indiana Pacers,train
Golden State Warriors,2014-12-04,New Orleans Pelicans,train
Sacramento Kings,2014-12-05,Indiana Pacers,train
Utah Jazz,2014-12-05,Orlando Magic,train
Milwaukee Bucks,2014-12-05,Miami Heat,train
Dallas Mavericks,2014-12-05,Phoenix Suns,train
Minnesota Timberwolves,2014-12-05,Houston Rockets,train
Memphis Grizzlies,2014-12-05,San Antonio Spurs,train
Toronto Raptors,2014-12-05,Cleveland Cavaliers,train
Brooklyn Nets,2014-12-05,Atlanta Hawks,train
Charlotte Hornets,2014-12-05,New York Knicks,train
Philadelphia 76ers,2014-12-05,Oklahoma City Thunder,train
Washington Wizards,2014-12-05,Denver Nuggets,train
Boston Celtics,2014-12-05,Los Angeles Lakers,train
Detroit Pistons,2014-12-06,Philadelphia 76ers,train
Houston Rockets,2014-12-06,Phoenix Suns,train
Chicago Bulls,2014-12-06,Golden State Warriors,train
San Antonio Spurs,2014-12-06,Minnesota Timberwolves,train
Sacramento Kings,2014-12-06,Orlando Magic,train
Los Angeles Clippers,2014-12-06,New Orleans Pelicans,train
New York Knicks,2014-12-07,Portland Trail Blazers,train
Los Angeles Lakers,2014-12-07,New Orleans Pelicans,train
Dallas Mavericks,2014-12-07,Milwaukee Bucks,train
Boston Celtics,2014-12-07,Washington Wizards,train
Detroit Pistons,2014-12-07,Oklahoma City Thunder,train
Atlanta Hawks,2014-12-07,Denver Nuggets,train
Memphis Grizzlies,2014-12-07,Miami Heat,train
Washington Wizards,2014-12-08,Boston Celtics,train
Indiana Pacers,2014-12-08,Atlanta Hawks,train
Brooklyn Nets,2014-12-08,Cleveland Cavaliers,train
Toronto Raptors,2014-12-08,Denver Nuggets,train
Minnesota Timberwolves,2014-12-08,Golden State Warriors,train
Sacramento Kings,2014-12-08,Utah Jazz,train
Los Angeles Clippers,2014-12-08,Phoenix Suns,train
Phoenix Suns,2014-12-09,Miami Heat,train
Utah Jazz,2014-12-09,San Antonio Spurs,train
Oklahoma City Thunder,2014-12-09,Milwaukee Bucks,train
Los Angeles Lakers,2014-12-09,Sacramento Kings,train
Memphis Grizzlies,2014-12-09,Dallas Mavericks,train
Detroit Pistons,2014-12-09,Portland Trail Blazers,train
Cleveland Cavaliers,2014-12-09,Toronto Raptors,train
New Orleans Pelicans,2014-12-09,New York Knicks,train
Golden State Warriors,2014-12-10,Houston Rockets,train
Denver Nuggets,2014-12-10,Miami Heat,train
Dallas Mavericks,2014-12-10,New Orleans Pelicans,train
Chicago Bulls,2014-12-10,Brooklyn Nets,train
Minnesota Timberwolves,2014-12-10,Portland Trail Blazers,train
Atlanta Hawks,2014-12-10,Philadelphia 76ers,train
Charlotte Hornets,2014-12-10,Boston Celtics,train
Orlando Magic,2014-12-10,Washington Wizards,train
Indiana Pacers,2014-12-10,Los Angeles Clippers,train
San Antonio Spurs,2014-12-10,New York Knicks,train
Oklahoma City Thunder,2014-12-11,Cleveland Cavaliers,train
Sacramento Kings,2014-12-11,Houston Rockets,train
Minnesota Timberwolves,2014-12-12,Oklahoma City Thunder,train
San Antonio Spurs,2014-12-12,Los Angeles Lakers,train
Phoenix Suns,2014-12-12,Detroit Pistons,train
Utah Jazz,2014-12-12,Miami Heat,train
New Orleans Pelicans,2014-12-12,Cleveland Cavaliers,train
Memphis Grizzlies,2014-12-12,Charlotte Hornets,train
Chicago Bulls,2014-12-12,Portland Trail Blazers,train
Toronto Raptors,2014-12-12,Indiana Pacers,train
Atlanta Hawks,2014-12-12,Orlando Magic,train
Boston Celtics,2014-12-12,New York Knicks,train
Washington Wizards,2014-12-12,Los Angeles Clippers,train
Brooklyn Nets,2014-12-12,Philadelphia 76ers,train
Sacramento Kings,2014-12-13,Detroit Pistons,train
Milwaukee Bucks,2014-12-13,Los Angeles Clippers,train
Philadelphia 76ers,2014-12-13,Memphis Grizzlies,train
Houston Rockets,2014-12-13,Denver Nuggets,train
Indiana Pacers,2014-12-13,Portland Trail Blazers,train
Orlando Magic,2014-12-13,Atlanta Hawks,train
Dallas Mavericks,2014-12-13,Golden State Warriors,train
Charlotte Hornets,2014-12-13,Brooklyn Nets,train
Washington Wizards,2014-12-14,Utah Jazz,train
Miami Heat,2014-12-14,Chicago Bulls,train
New Orleans Pelicans,2014-12-14,Golden State Warriors,train
Minnesota Timberwolves,2014-12-14,Los Angeles Lakers,train
Oklahoma City Thunder,2014-12-14,Phoenix Suns,train
New York Knicks,2014-12-14,Toronto Raptors,train
Denver Nuggets,2014-12-14,San Antonio Spurs,train
Atlanta Hawks,2014-12-15,Chicago Bulls,train
Los Angeles Clippers,2014-12-15,Detroit Pistons,train
Portland Trail Blazers,2014-12-15,San Antonio Spurs,train
Phoenix Suns,2014-12-15,Milwaukee Bucks,train
Toronto Raptors,2014-12-15,Orlando Magic,train
Philadelphia 76ers,2014-12-15,Boston Celtics,train
Cleveland Cavaliers,2014-12-15,Charlotte Hornets,train
Indiana Pacers,2014-12-15,Los Angeles Lakers,train
Washington Wizards,2014-12-16,Minnesota Timberwolves,train
Brooklyn Nets,2014-12-16,Miami Heat,train
New York Knicks,2014-12-16,Dallas Mavericks,train
New Orleans Pelicans,2014-12-16,Utah Jazz,train
Memphis Grizzlies,2014-12-16,Golden State Warriors,train
Sacramento Kings,2014-12-16,Oklahoma City Thunder,train
Los Angeles Clippers,2014-12-17,Indiana Pacers,train
Denver Nuggets,2014-12-17,Houston Rockets,train
Portland Trail Blazers,2014-12-17,Milwaukee Bucks,train
San Antonio Spurs,2014-12-17,Memphis Grizzlies,train
Toronto Raptors,2014-12-17,Brooklyn Nets,train
Boston Celtics,2014-12-17,Orlando Magic,train
Detroit Pistons,2014-12-17,Dallas Mavericks,train
Miami Heat,2014-12-17,Utah Jazz,train
Charlotte Hornets,2014-12-17,Phoenix Suns,train
Cleveland Cavaliers,2014-12-17,Atlanta Hawks,train
Chicago Bulls,2014-12-18,New York Knicks,train
Houston Rockets,2014-12-18,New Orleans Pelicans,train
Sacramento Kings,2014-12-18,Milwaukee Bucks,train
Golden State Warriors,2014-12-18,Oklahoma City Thunder,train
Los Angeles Lakers,2014-12-19,Oklahoma City Thunder,train
Denver Nuggets,2014-12-19,Los Angeles Clippers,train
Memphis Grizzlies,2014-12-19,Chicago Bulls,train
Miami Heat,2014-12-19,Washington Wizards,train
San Antonio Spurs,2014-12-19,Portland Trail Blazers,train
Detroit Pistons,2014-12-19,Toronto Raptors,train
Boston Celtics,2014-12-19,Minnesota Timberwolves,train
Philadelphia 76ers,2014-12-19,Charlotte Hornets,train
Orlando Magic,2014-12-19,Utah Jazz,train
Cleveland Cavaliers,2014-12-19,Brooklyn Nets,train
New York Knicks,2014-12-20,Phoenix Suns,train
New Orleans Pelicans,2014-12-20,Portland Trail Blazers,train
Charlotte Hornets,2014-12-20,Utah Jazz,train
Houston Rockets,2014-12-20,Atlanta Hawks,train
Dallas Mavericks,2014-12-20,San Antonio Spurs,train
Denver Nuggets,2014-12-20,Indiana Pacers,train
Los Angeles Clippers,2014-12-20,Milwaukee Bucks,train
Oklahoma City Thunder,2014-12-21,New Orleans Pelicans,train
Minnesota Timberwolves,2014-12-21,Indiana Pacers,train
Sacramento Kings,2014-12-21,Los Angeles Lakers,train
Washington Wizards,2014-12-21,Phoenix Suns,train
Orlando Magic,2014-12-21,Philadelphia 76ers,train
Brooklyn Nets,2014-12-21,Detroit Pistons,train
Cleveland Cavaliers,2014-12-21,Memphis Grizzlies,train
Toronto Raptors,2014-12-21,New York Knicks,train
Miami Heat,2014-12-21,Boston Celtics,train
Charlotte Hornets,2014-12-22,Denver Nuggets,train
Houston Rockets,2014-12-22,Portland Trail Blazers,train
Memphis Grizzlies,2014-12-22,Utah Jazz,train
Chicago Bulls,2014-12-22,Toronto Raptors,train
Dallas Mavericks,2014-12-22,Atlanta Hawks,train
San Antonio Spurs,2014-12-22,Los Angeles Clippers,train
Golden State Warriors,2014-12-22,Sacramento Kings,train
Atlanta Hawks,2014-12-23,Los Angeles Clippers,train
Phoenix Suns,2014-12-23,Dallas Mavericks,train
Los Angeles Lakers,2014-12-23,Golden State Warriors,train
Oklahoma City Thunder,2014-12-23,Portland Trail Blazers,train
Miami Heat,2014-12-23,Philadelphia 76ers,train
Milwaukee Bucks,2014-12-23,Charlotte Hornets,train
Cleveland Cavaliers,2014-12-23,Minnesota Timberwolves,train
Orlando Magic,2014-12-23,Boston Celtics,train
Brooklyn Nets,2014-12-23,Denver Nuggets,train
Indiana Pacers,2014-12-23,New Orleans Pelicans,train
Washington Wizards,2014-12-23,Chicago Bulls,train
New York Knicks,2014-12-25,Washington Wizards,train
San Antonio Spurs,2014-12-25,Oklahoma City Thunder,train
Miami Heat,2014-12-25,Cleveland Cavaliers,train
Chicago Bulls,2014-12-25,Los Angeles Lakers,train
Los Angeles Clippers,2014-12-25,Golden State Warriors,train
Sacramento Kings,2014-12-26,Phoenix Suns,train
Portland Trail Blazers,2014-12-26,Philadelphia 76ers,train
Dallas Mavericks,2014-12-26,Los Angeles Lakers,train
New Orleans Pelicans,2014-12-26,San Antonio Spurs,train
Denver Nuggets,2014-12-26,Minnesota Timberwolves,train
Atlanta Hawks,2014-12-26,Milwaukee Bucks,train
Memphis Grizzlies,2014-12-26,Houston Rockets,train
Boston Celtics,2014-12-26,Brooklyn Nets,train
Oklahoma City Thunder,2014-12-26,Charlotte Hornets,train
Detroit Pistons,2014-12-26,Indiana Pacers,train
Orlando Magic,2014-12-26,Cleveland Cavaliers,train
Los Angeles Clippers,2014-12-27,Toronto Raptors,train
Charlotte Hornets,2014-12-27,Orlando Magic,train
Washington Wizards,2014-12-27,Boston Celtics,train
Chicago Bulls,2014-12-27,New Orleans Pelicans,train
Brooklyn Nets,2014-12-27,Indiana Pacers,train
Milwaukee Bucks,2014-12-27,Atlanta Hawks,train
Utah Jazz,2014-12-27,Philadelphia 76ers,train
Sacramento Kings,2014-12-27,New York Knicks,train
Golden State Warriors,2014-12-27,Minnesota Timberwolves,train
Miami Heat,2014-12-27,Memphis Grizzlies,train
Los Angeles Lakers,2014-12-28,Phoenix Suns,train
Denver Nuggets,2014-12-28,Toronto Raptors,train
Portland Trail Blazers,2014-12-28,New York Knicks,train
Dallas Mavericks,2014-12-28,Oklahoma City Thunder,train
Cleveland Cavaliers,2014-12-28,Detroit Pistons,train
San Antonio Spurs,2014-12-28,Houston Rockets,train
Indiana Pacers,2014-12-29,Chicago Bulls,train
Charlotte Hornets,2014-12-29,Milwaukee Bucks,train
Miami Heat,2014-12-29,Orlando Magic,train
Brooklyn Nets,2014-12-29,Sacramento Kings,train
Houston Rockets,2014-12-29,Washington Wizards,train
Los Angeles Clippers,2014-12-29,Utah Jazz,train
Golden State Warriors,2014-12-30,Philadelphia 76ers,train
Portland Trail Blazers,2014-12-30,Toronto Raptors,train
Utah Jazz,2014-12-30,Minnesota Timberwolves,train
Dallas Mavericks,2014-12-30,Washington Wizards,train
Denver Nuggets,2014-12-30,Los Angeles Lakers,train
Chicago Bulls,2014-12-30,Brooklyn Nets,train
Memphis Grizzlies,2014-12-30,San Antonio Spurs,train
Atlanta Hawks,2014-12-30,Cleveland Cavaliers,train
Orlando Magic,2014-12-30,Detroit Pistons,train
New Orleans Pelicans,2014-12-30,Phoenix Suns,train
Oklahoma City Thunder,2014-12-31,Phoenix Suns,train
Houston Rockets,2014-12-31,Charlotte Hornets,train
Cleveland Cavaliers,2014-12-31,Milwaukee Bucks,train
San Antonio Spurs,2014-12-31,New Orleans Pelicans,train
Indiana Pacers,2014-12-31,Miami Heat,train
Boston Celtics,2014-12-31,Sacramento Kings,train
Los Angeles Clippers,2014-12-31,New York Knicks,train
Chicago Bulls,2015-01-01,Denver Nuggets,train
Minnesota Timberwolves,2015-01-01,Sacramento Kings,train
Los Angeles Lakers,2015-01-02,Memphis Grizzlies,train
Golden State Warriors,2015-01-02,Toronto Raptors,train
Utah Jazz,2015-01-02,Atlanta Hawks,train
Phoenix Suns,2015-01-02,Philadelphia 76ers,train
Milwaukee Bucks,2015-01-02,Indiana Pacers,train
Boston Celtics,2015-01-02,Dallas Mavericks,train
New Orleans Pelicans,2015-01-02,Houston Rockets,train
Charlotte Hornets,2015-01-02,Cleveland Cavaliers,train
Oklahoma City Thunder,2015-01-02,Washington Wizards,train
New York Knicks,2015-01-02,Detroit Pistons,train
Orlando Magic,2015-01-02,Brooklyn Nets,train
Orlando Magic,2015-01-03,Charlotte Hornets,train
Minnesota Timberwolves,2015-01-03,Utah Jazz,train
Houston Rockets,2015-01-03,Miami Heat,train
Chicago Bulls,2015-01-03,Boston Celtics,train
San Antonio Spurs,2015-01-03,Washington Wizards,train
Denver Nuggets,2015-01-03,Memphis Grizzlies,train
Portland Trail Blazers,2015-01-03,Atlanta Hawks,train
Los Angeles Clippers,2015-01-03,Philadelphia 76ers,train
Los Angeles Lakers,2015-01-04,Indiana Pacers,train
Phoenix Suns,2015-01-04,Toronto Raptors,train
New York Knicks,2015-01-04,Milwaukee Bucks,train
Miami Heat,2015-01-04,Brooklyn Nets,train
Cleveland Cavaliers,2015-01-04,Dallas Mavericks,train
Detroit Pistons,2015-01-04,Sacramento Kings,train
Los Angeles Clippers,2015-01-05,Atlanta Hawks,train
Philadelphia 76ers,2015-01-05,Cleveland Cavaliers,train
Brooklyn Nets,2015-01-05,Dallas Mavericks,train
Boston Celtics,2015-01-05,Charlotte Hornets,train
Minnesota Timberwolves,2015-01-05,Denver Nuggets,train
Chicago Bulls,2015-01-05,Houston Rockets,train
New Orleans Pelicans,2015-01-05,Washington Wizards,train
Memphis Grizzlies,2015-01-05,New York Knicks,train
Utah Jazz,2015-01-05,Indiana Pacers,train
Portland Trail Blazers,2015-01-05,Los Angeles Lakers,train
Golden State Warriors,2015-01-05,Oklahoma City Thunder,train
San Antonio Spurs,2015-01-06,Detroit Pistons,train
Milwaukee Bucks,2015-01-06,Phoenix Suns,train
Cleveland Cavaliers,2015-01-07,Houston Rockets,train
Charlotte Hornets,2015-01-07,New Orleans Pelicans,train
Philadelphia 76ers,2015-01-07,Milwaukee Bucks,train
Washington Wizards,2015-01-07,New York Knicks,train
Brooklyn Nets,2015-01-07,Boston Celtics,train
Atlanta Hawks,2015-01-07,Memphis Grizzlies,train
Chicago Bulls,2015-01-07,Utah Jazz,train
Dallas Mavericks,2015-01-07,Detroit Pistons,train
Denver Nuggets,2015-01-07,Orlando Magic,train
Minnesota Timberwolves,2015-01-07,Phoenix Suns,train
Sacramento Kings,2015-01-07,Oklahoma City Thunder,train
Golden State Warriors,2015-01-07,Indiana Pacers,train
Los Angeles Clippers,2015-01-07,Los Angeles Lakers,train
Portland Trail Blazers,2015-01-08,Miami Heat,train
New York Knicks,2015-01-08,Houston Rockets,train
Toronto Raptors,2015-01-08,Charlotte Hornets,train
Indiana Pacers,2015-01-09,Boston Celtics,train
Brooklyn Nets,2015-01-09,Philadelphia 76ers,train
Detroit Pistons,2015-01-09,Atlanta Hawks,train
Washington Wizards,2015-01-09,Chicago Bulls,train
Oklahoma City Thunder,2015-01-09,Utah Jazz,train
New Orleans Pelicans,2015-01-09,Memphis Grizzlies,train
Milwaukee Bucks,2015-01-09,Minnesota Timberwolves,train
San Antonio Spurs,2015-01-09,Phoenix Suns,train
Sacramento Kings,2015-01-09,Denver Nuggets,train
Golden State Warriors,2015-01-09,Cleveland Cavaliers,train
Los Angeles Lakers,2015-01-09,Orlando Magic,train
Portland Trail Blazers,2015-01-10,Orlando Magic,train
Minnesota Timberwolves,2015-01-10,San Antonio Spurs,train
Houston Rockets,2015-01-10,Utah Jazz,train
Chicago Bulls,2015-01-10,Milwaukee Bucks,train
Toronto Raptors,2015-01-10,Boston Celtics,train
Philadelphia 76ers,2015-01-10,Indiana Pacers,train
New York Knicks,2015-01-10,Charlotte Hornets,train
Detroit Pistons,2015-01-10,Brooklyn Nets,train
Los Angeles Clippers,2015-01-10,Dallas Mavericks,train
Atlanta Hawks,2015-01-11,Washington Wizards,train
Los Angeles Clippers,2015-01-11,Miami Heat,train
Memphis Grizzlies,2015-01-11,Phoenix Suns,train
Sacramento Kings,2015-01-11,Cleveland Cavaliers,train
Los Angeles Lakers,2015-01-11,Portland Trail Blazers,train
Brooklyn Nets,2015-01-12,Houston Rockets,train
Boston Celtics,2015-01-12,New Orleans Pelicans,train
Toronto Raptors,2015-01-12,Detroit Pistons,train
Chicago Bulls,2015-01-12,Orlando Magic,train
Phoenix Suns,2015-01-13,Cleveland Cavaliers,train
Los Angeles Lakers,2015-01-13,Miami Heat,train
Sacramento Kings,2015-01-13,Dallas Mavericks,train
Utah Jazz,2015-01-13,Golden State Warriors,train
Washington Wizards,2015-01-13,San Antonio Spurs,train
Philadelphia 76ers,2015-01-13,Atlanta Hawks,train
Indiana Pacers,2015-01-13,Minnesota Timberwolves,train
Orlando Magic,2015-01-14,Houston Rockets,train
Charlotte Hornets,2015-01-14,San Antonio Spurs,train
Detroit Pistons,2015-01-14,New Orleans Pelicans,train
Toronto Raptors,2015-01-14,Philadelphia 76ers,train
Brooklyn Nets,2015-01-14,Memphis Grizzlies,train
Boston Celtics,2015-01-14,Atlanta Hawks,train
Chicago Bulls,2015-01-14,Washington Wizards,train
Denver Nuggets,2015-01-14,Dallas Mavericks,train
Golden State Warriors,2015-01-14,Miami Heat,train
Portland Trail Blazers,2015-01-14,Los Angeles Clippers,train
Los Angeles Lakers,2015-01-15,Cleveland Cavaliers,train
Milwaukee Bucks,2015-01-15,New York Knicks,train
Houston Rockets,2015-01-15,Oklahoma City Thunder,train
Sacramento Kings,2015-01-16,Miami Heat,train
Los Angeles Clippers,2015-01-16,Cleveland Cavaliers,train
Utah Jazz,2015-01-16,Los Angeles Lakers,train
Phoenix Suns,2015-01-16,Minnesota Timberwolves,train
San Antonio Spurs,2015-01-16,Portland Trail Blazers,train
Oklahoma City Thunder,2015-01-16,Golden State Warriors,train
Dallas Mavericks,2015-01-16,Denver Nuggets,train
Toronto Raptors,2015-01-16,Atlanta Hawks,train
Orlando Magic,2015-01-16,Memphis Grizzlies,train
Indiana Pacers,2015-01-16,Detroit Pistons,train
Washington Wizards,2015-01-16,Brooklyn Nets,train
Philadelphia 76ers,2015-01-16,New Orleans Pelicans,train
Boston Celtics,2015-01-16,Chicago Bulls,train
Denver Nuggets,2015-01-17,Minnesota Timberwolves,train
Sacramento Kings,2015-01-17,Los Angeles Clippers,train
Memphis Grizzlies,2015-01-17,Portland Trail Blazers,train
Houston Rockets,2015-01-17,Golden State Warriors,train
Charlotte Hornets,2015-01-17,Indiana Pacers,train
Chicago Bulls,2015-01-17,Atlanta Hawks,train
Detroit Pistons,2015-01-17,Philadelphia 76ers,train
Brooklyn Nets,2015-01-17,Washington Wizards,train
San Antonio Spurs,2015-01-18,Utah Jazz,train
Toronto Raptors,2015-01-18,New Orleans Pelicans,train
Orlando Magic,2015-01-18,Oklahoma City Thunder,train
Cleveland Cavaliers,2015-01-19,Chicago Bulls,train
Houston Rockets,2015-01-19,Indiana Pacers,train
Phoenix Suns,2015-01-19,Los Angeles Lakers,train
Milwaukee Bucks,2015-01-19,Toronto Raptors,train
New York Knicks,2015-01-19,New Orleans Pelicans,train
Portland Trail Blazers,2015-01-19,Sacramento Kings,train
Golden State Warriors,2015-01-19,Denver Nuggets,train
Los Angeles Clippers,2015-01-19,Boston Celtics,train
Atlanta Hawks,2015-01-19,Detroit Pistons,train
Washington Wizards,2015-01-19,Philadelphia 76ers,train
Charlotte Hornets,2015-01-19,Minnesota Timberwolves,train
Memphis Grizzlies,2015-01-19,Dallas Mavericks,train
Denver Nuggets,2015-01-20,San Antonio Spurs,train
Miami Heat,2015-01-20,Oklahoma City Thunder,train
New Orleans Pelicans,2015-01-21,Los Angeles Lakers,train
Sacramento Kings,2015-01-21,Brooklyn Nets,train
Phoenix Suns,2015-01-21,Portland Trail Blazers,train
Washington Wizards,2015-01-21,Oklahoma City Thunder,train
Golden State Warriors,2015-01-21,Houston Rockets,train
Minnesota Timberwolves,2015-01-21,Dallas Mavericks,train
Cleveland Cavaliers,2015-01-21,Utah Jazz,train
Atlanta Hawks,2015-01-21,Indiana Pacers,train
Charlotte Hornets,2015-01-21,Miami Heat,train
Memphis Grizzlies,2015-01-21,Toronto Raptors,train
Detroit Pistons,2015-01-21,Orlando Magic,train
Philadelphia 76ers,2015-01-21,New York Knicks,train
Milwaukee Bucks,2015-01-22,Utah Jazz,train
Chicago Bulls,2015-01-22,San Antonio Spurs,train
Portland Trail Blazers,2015-01-22,Boston Celtics,train
Los Angeles Clippers,2015-01-22,Brooklyn Nets,train
Golden State Warriors,2015-01-23,Sacramento Kings,train
Denver Nuggets,2015-01-23,Boston Celtics,train
Phoenix Suns,2015-01-23,Houston Rockets,train
Minnesota Timberwolves,2015-01-23,New Orleans Pelicans,train
Dallas Mavericks,2015-01-23,Chicago Bulls,train
San Antonio Spurs,2015-01-23,Los Angeles Lakers,train
Atlanta Hawks,2015-01-23,Oklahoma City Thunder,train
Miami Heat,2015-01-23,Indiana Pacers,train
New York Knicks,2015-01-23,Orlando Magic,train
Philadelphia 76ers,2015-01-23,Toronto Raptors,train
Cleveland Cavaliers,2015-01-23,Charlotte Hornets,train
Charlotte Hornets,2015-01-24,New York Knicks,train
Milwaukee Bucks,2015-01-24,Detroit Pistons,train
Memphis Grizzlies,2015-01-24,Philadelphia 76ers,train
Utah Jazz,2015-01-24,Brooklyn Nets,train
Portland Trail Blazers,2015-01-24,Washington Wizards,train
Toronto Raptors,2015-01-25,Detroit Pistons,train
Los Angeles Lakers,2015-01-25,Houston Rockets,train
Denver Nuggets,2015-01-25,Washington Wizards,train
San Antonio Spurs,2015-01-25,Milwaukee Bucks,train
Phoenix Suns,2015-01-25,Los Angeles Clippers,train
Golden State Warriors,2015-01-25,Boston Celtics,train
New Orleans Pelicans,2015-01-25,Dallas Mavericks,train
Orlando Magic,2015-01-25,Indiana Pacers,train
Cleveland Cavaliers,2015-01-25,Oklahoma City Thunder,train
Atlanta Hawks,2015-01-25,Minnesota Timberwolves,train
Chicago Bulls,2015-01-25,Miami Heat,train
Oklahoma City Thunder,2015-01-26,Minnesota Timberwolves,train
Memphis Grizzlies,2015-01-26,Orlando Magic,train
New Orleans Pelicans,2015-01-26,Philadelphia 76ers,train
Utah Jazz,2015-01-26,Boston Celtics,train
Los Angeles Clippers,2015-01-26,Denver Nuggets,train
Golden State Warriors,2015-01-27,Chicago Bulls,train
Los Angeles Lakers,2015-01-27,Washington Wizards,train
Dallas Mavericks,2015-01-27,Memphis Grizzlies,train
Indiana Pacers,2015-01-27,Toronto Raptors,train
Detroit Pistons,2015-01-27,Cleveland Cavaliers,train
Miami Heat,2015-01-27,Milwaukee Bucks,train
New York Knicks,2015-01-28,Oklahoma City Thunder,train
Utah Jazz,2015-01-28,Los Angeles Clippers,train
Phoenix Suns,2015-01-28,Washington Wizards,train
San Antonio Spurs,2015-01-28,Charlotte Hornets,train
Houston Rockets,2015-01-28,Dallas Mavericks,train
Cleveland Cavaliers,2015-01-28,Portland Trail Blazers,train
Minnesota Timberwolves,2015-01-28,Boston Celtics,train
Toronto Raptors,2015-01-28,Sacramento Kings,train
Atlanta Hawks,2015-01-28,Brooklyn Nets,train
Philadelphia 76ers,2015-01-28,Detroit Pistons,train
New Orleans Pelicans,2015-01-28,Denver Nuggets,train
Orlando Magic,2015-01-29,Milwaukee Bucks,train
Indiana Pacers,2015-01-29,New York Knicks,train
Memphis Grizzlies,2015-01-29,Denver Nuggets,train
Los Angeles Lakers,2015-01-29,Chicago Bulls,train
Miami Heat,2015-01-30,Dallas Mavericks,train
Phoenix Suns,2015-01-30,Chicago Bulls,train
Utah Jazz,2015-01-30,Golden State Warriors,train
New Orleans Pelicans,2015-01-30,Los Angeles Clippers,train
Brooklyn Nets,2015-01-30,Toronto Raptors,train
Boston Celtics,2015-01-30,Houston Rockets,train
Cleveland Cavaliers,2015-01-30,Sacramento Kings,train
Atlanta Hawks,2015-01-30,Portland Trail Blazers,train
Philadelphia 76ers,2015-01-30,Minnesota Timberwolves,train
Golden State Warriors,2015-01-31,Phoenix Suns,train
San Antonio Spurs,2015-01-31,Los Angeles Clippers,train
Milwaukee Bucks,2015-01-31,Portland Trail Blazers,train
Memphis Grizzlies,2015-01-31,Oklahoma City Thunder,train
Minnesota Timberwolves,2015-01-31,Cleveland Cavaliers,train
Denver Nuggets,2015-01-31,Charlotte Hornets,train
Detroit Pistons,2015-01-31,Houston Rockets,train
Indiana Pacers,2015-01-31,Sacramento Kings,train
Orlando Magic,2015-01-31,Dallas Mavericks,train
Washington Wizards,2015-01-31,Toronto Raptors,train
Atlanta Hawks,2015-01-31,Philadelphia 76ers,train
Boston Celtics,2015-02-01,Miami Heat,train
New York Knicks,2015-02-01,Los Angeles Lakers,train
Phoenix Suns,2015-02-02,Memphis Grizzlies,train
Dallas Mavericks,2015-02-02,Minnesota Timberwolves,train
Oklahoma City Thunder,2015-02-02,Orlando Magic,train
New Orleans Pelicans,2015-02-02,Atlanta Hawks,train
Washington Wizards,2015-02-02,Charlotte Hornets,train
Toronto Raptors,2015-02-02,Milwaukee Bucks,train
Cleveland Cavaliers,2015-02-02,Philadelphia 76ers,train
Brooklyn Nets,2015-02-02,Los Angeles Clippers,train
Portland Trail Blazers,2015-02-03,Utah Jazz,train
Detroit Pistons,2015-02-03,Miami Heat,train
Sacramento Kings,2015-02-03,Golden State Warriors,train
Philadelphia 76ers,2015-02-03,Denver Nuggets,train
New York Knicks,2015-02-03,Boston Celtics,train
Indiana Pacers,2015-02-04,Detroit Pistons,train
Toronto Raptors,2015-02-04,Brooklyn Nets,train
Atlanta Hawks,2015-02-04,Washington Wizards,train
Boston Celtics,2015-02-04,Denver Nuggets,train
Houston Rockets,2015-02-04,Chicago Bulls,train
Minnesota Timberwolves,2015-02-04,Miami Heat,train
Milwaukee Bucks,2015-02-04,Los Angeles Lakers,train
New Orleans Pelicans,2015-02-04,Oklahoma City Thunder,train
San Antonio Spurs,2015-02-04,Orlando Magic,train
Utah Jazz,2015-02-04,Memphis Grizzlies,train
Golden State Warriors,2015-02-04,Dallas Mavericks,train
Portland Trail Blazers,2015-02-05,Phoenix Suns,train
Sacramento Kings,2015-02-05,Dallas Mavericks,train
Charlotte Hornets,2015-02-05,Washington Wizards,train
Cleveland Cavaliers,2015-02-05,Los Angeles Clippers,train
San Antonio Spurs,2015-02-06,Miami Heat,train
Phoenix Suns,2015-02-06,Utah Jazz,train
Minnesota Timberwolves,2015-02-06,Memphis Grizzlies,train
Oklahoma City Thunder,2015-02-06,New Orleans Pelicans,train
Houston Rockets,2015-02-06,Milwaukee Bucks,train
Boston Celtics,2015-02-06,Philadelphia 76ers,train
Atlanta Hawks,2015-02-06,Golden State Warriors,train
Toronto Raptors,2015-02-06,Los Angeles Clippers,train
Orlando Magic,2015-02-06,Los Angeles Lakers,train
Indiana Pacers,2015-02-06,Cleveland Cavaliers,train
Brooklyn Nets,2015-02-06,New York Knicks,train
Detroit Pistons,2015-02-06,Denver Nuggets,train
Dallas Mavericks,2015-02-07,Portland Trail Blazers,train
Milwaukee Bucks,2015-02-07,Boston Celtics,train
Philadelphia 76ers,2015-02-07,Charlotte Hornets,train
Utah Jazz,2015-02-07,Sacramento Kings,train
Washington Wizards,2015-02-07,Brooklyn Nets,train
New Orleans Pelicans,2015-02-07,Chicago Bulls,train
New York Knicks,2015-02-07,Golden State Warriors,train
Oklahoma City Thunder,2015-02-08,Los Angeles Clippers,train
Cleveland Cavaliers,2015-02-08,Los Angeles Lakers,train
Memphis Grizzlies,2015-02-08,Atlanta Hawks,train
Charlotte Hornets,2015-02-08,Indiana Pacers,train
Detroit Pistons,2015-02-08,Minnesota Timberwolves,train
Orlando Magic,2015-02-08,Chicago Bulls,train
Toronto Raptors,2015-02-08,San Antonio Spurs,train
Houston Rockets,2015-02-08,Portland Trail Blazers,train
Sacramento Kings,2015-02-08,Phoenix Suns,train
Denver Nuggets,2015-02-09,Oklahoma City Thunder,train
Dallas Mavericks,2015-02-09,Los Angeles Clippers,train
Milwaukee Bucks,2015-02-09,Brooklyn Nets,train
New Orleans Pelicans,2015-02-09,Utah Jazz,train
Miami Heat,2015-02-09,New York Knicks,train
Philadelphia 76ers,2015-02-09,Golden State Warriors,train
Indiana Pacers,2015-02-09,San Antonio Spurs,train
Washington Wizards,2015-02-09,Orlando Magic,train
Minnesota Timberwolves,2015-02-09,Atlanta Hawks,train
Charlotte Hornets,2015-02-10,Detroit Pistons,train
Memphis Grizzlies,2015-02-10,Brooklyn Nets,train
Phoenix Suns,2015-02-10,Houston Rockets,train
Chicago Bulls,2015-02-10,Sacramento Kings,train
Los Angeles Lakers,2015-02-10,Denver Nuggets,train
New Orleans Pelicans,2015-02-11,Indiana Pacers,train
Los Angeles Clippers,2015-02-11,Houston Rockets,train
Portland Trail Blazers,2015-02-11,Los Angeles Lakers,train
Dallas Mavericks,2015-02-11,Utah Jazz,train
Minnesota Timberwolves,2015-02-11,Golden State Warriors,train
Cleveland Cavaliers,2015-02-11,Miami Heat,train
Milwaukee Bucks,2015-02-11,Sacramento Kings,train
Oklahoma City Thunder,2015-02-11,Memphis Grizzlies,train
Boston Celtics,2015-02-11,Atlanta Hawks,train
Detroit Pistons,2015-02-11,San Antonio Spurs,train
Toronto Raptors,2015-02-11,Washington Wizards,train
Orlando Magic,2015-02-11,New York Knicks,train
Chicago Bulls,2015-02-12,Cleveland Cavaliers,train
Oklahoma City Thunder,2015-02-19,Dallas Mavericks,train
Los Angeles Clippers,2015-02-19,San Antonio Spurs,train
Golden State Warriors,2015-02-20,San Antonio Spurs,train
Los Angeles Lakers,2015-02-20,Brooklyn Nets,train
Sacramento Kings,2015-02-20,Boston Celtics,train
Utah Jazz,2015-02-20,Portland Trail Blazers,train
Dallas Mavericks,2015-02-20,Houston Rockets,train
Milwaukee Bucks,2015-02-20,Denver Nuggets,train
Minnesota Timberwolves,2015-02-20,Phoenix Suns,train
Washington Wizards,2015-02-20,Cleveland Cavaliers,train
Detroit Pistons,2015-02-20,Chicago Bulls,train
New York Knicks,2015-02-20,Miami Heat,train
Atlanta Hawks,2015-02-20,Toronto Raptors,train
Philadelphia 76ers,2015-02-20,Indiana Pacers,train
Orlando Magic,2015-02-20,New Orleans Pelicans,train
Charlotte Hornets,2015-02-21,Oklahoma City Thunder,train
Miami Heat,2015-02-21,New Orleans Pelicans,train
Chicago Bulls,2015-02-21,Phoenix Suns,train
Houston Rockets,2015-02-21,Toronto Raptors,train
Los Angeles Clippers,2015-02-21,Sacramento Kings,train
Portland Trail Blazers,2015-02-22,Memphis Grizzlies,train
Los Angeles Lakers,2015-02-22,Boston Celtics,train
Oklahoma City Thunder,2015-02-22,Denver Nuggets,train
Indiana Pacers,2015-02-22,Golden State Warriors,train
Dallas Mavericks,2015-02-22,Charlotte Hornets,train
Detroit Pistons,2015-02-22,Washington Wizards,train
Milwaukee Bucks,2015-02-22,Atlanta Hawks,train
New York Knicks,2015-02-22,Cleveland Cavaliers,train
Orlando Magic,2015-02-22,Philadelphia 76ers,train
Los Angeles Clippers,2015-02-23,Memphis Grizzlies,train
Phoenix Suns,2015-02-23,Boston Celtics,train
Utah Jazz,2015-02-23,San Antonio Spurs,train
Denver Nuggets,2015-02-23,Brooklyn Nets,train
Chicago Bulls,2015-02-23,Milwaukee Bucks,train
New Orleans Pelicans,2015-02-23,Toronto Raptors,train
Miami Heat,2015-02-23,Philadelphia 76ers,train
Houston Rockets,2015-02-23,Minnesota Timberwolves,train
Washington Wizards,2015-02-24,Golden State Warriors,train
Detroit Pistons,2015-02-24,Cleveland Cavaliers,train
Oklahoma City Thunder,2015-02-24,Indiana Pacers,train
Dallas Mavericks,2015-02-24,Toronto Raptors,train
Chicago Bulls,2015-02-25,Charlotte Hornets,train
Portland Trail Blazers,2015-02-25,San Antonio Spurs,train
Sacramento Kings,2015-02-25,Memphis Grizzlies,train
Utah Jazz,2015-02-25,Los Angeles Lakers,train
Denver Nuggets,2015-02-25,Phoenix Suns,train
Houston Rockets,2015-02-25,Los Angeles Clippers,train
Atlanta Hawks,2015-02-25,Dallas Mavericks,train
New Orleans Pelicans,2015-02-25,Brooklyn Nets,train
Minnesota Timberwolves,2015-02-25,Washington Wizards,train
Boston Celtics,2015-02-25,New York Knicks,train
Orlando Magic,2015-02-25,Miami Heat,train
Milwaukee Bucks,2015-02-25,Philadelphia 76ers,train
Cleveland Cavaliers,2015-02-26,Golden State Warriors,train
Phoenix Suns,2015-02-26,Oklahoma City Thunder,train
New Orleans Pelicans,2015-02-27,Miami Heat,train
Los Angeles Lakers,2015-02-27,Milwaukee Bucks,train
Sacramento Kings,2015-02-27,San Antonio Spurs,train
Denver Nuggets,2015-02-27,Utah Jazz,train
Portland Trail Blazers,2015-02-27,Oklahoma City Thunder,train
Chicago Bulls,2015-02-27,Minnesota Timberwolves,train
Houston Rockets,2015-02-27,Brooklyn Nets,train
Atlanta Hawks,2015-02-27,Orlando Magic,train
Boston Celtics,2015-02-27,Charlotte Hornets,train
Toronto Raptors,2015-02-27,Golden State Warriors,train
Detroit Pistons,2015-02-27,New York Knicks,train
Indiana Pacers,2015-02-27,Cleveland Cavaliers,train
Philadelphia 76ers,2015-02-27,Washington Wizards,train
Memphis Grizzlies,2015-02-27,Los Angeles Clippers,train
Phoenix Suns,2015-02-28,San Antonio Spurs,train
Utah Jazz,2015-02-28,Milwaukee Bucks,train
Dallas Mavericks,2015-02-28,Brooklyn Nets,train
Miami Heat,2015-02-28,Atlanta Hawks,train
New York Knicks,2015-02-28,Toronto Raptors,train
Washington Wizards,2015-02-28,Detroit Pistons,train
Minnesota Timberwolves,2015-02-28,Memphis Grizzlies,train
Sacramento Kings,2015-03-01,Portland Trail Blazers,train
Houston Rockets,2015-03-01,Cleveland Cavaliers,train
Denver Nuggets,2015-03-01,New Orleans Pelicans,train
Indiana Pacers,2015-03-01,Philadelphia 76ers,train
Los Angeles Lakers,2015-03-01,Oklahoma City Thunder,train
Orlando Magic,2015-03-01,Charlotte Hornets,train
Chicago Bulls,2015-03-01,Los Angeles Clippers,train
Boston Celtics,2015-03-01,Golden State Warriors,train
Philadelphia 76ers,2015-03-02,Toronto Raptors,train
Miami Heat,2015-03-02,Phoenix Suns,train
Brooklyn Nets,2015-03-02,Golden State Warriors,train
Minnesota Timberwolves,2015-03-02,Los Angeles Clippers,train
Dallas Mavericks,2015-03-02,New Orleans Pelicans,train
Chicago Bulls,2015-03-03,Washington Wizards,train
Denver Nuggets,2015-03-03,Milwaukee Bucks,train
Memphis Grizzlies,2015-03-03,Utah Jazz,train
New York Knicks,2015-03-03,Sacramento Kings,train
Cleveland Cavaliers,2015-03-03,Boston Celtics,train
Charlotte Hornets,2015-03-03,Los Angeles Lakers,train
Atlanta Hawks,2015-03-03,Houston Rockets,train
Golden State Warriors,2015-03-04,Milwaukee Bucks,train
Los Angeles Clippers,2015-03-04,Portland Trail Blazers,train
San Antonio Spurs,2015-03-04,Sacramento Kings,train
New Orleans Pelicans,2015-03-04,Detroit Pistons,train
Oklahoma City Thunder,2015-03-04,Philadelphia 76ers,train
Miami Heat,2015-03-04,Los Angeles Lakers,train
Indiana Pacers,2015-03-04,New York Knicks,train
Minnesota Timberwolves,2015-03-04,Denver Nuggets,train
Brooklyn Nets,2015-03-04,Charlotte Hornets,train
Toronto Raptors,2015-03-04,Cleveland Cavaliers,train
Boston Celtics,2015-03-04,Utah Jazz,train
Orlando Magic,2015-03-04,Phoenix Suns,train
Houston Rockets,2015-03-04,Memphis Grizzlies,train
Chicago Bulls,2015-03-05,Oklahoma City Thunder,train
Portland Trail Blazers,2015-03-05,Dallas Mavericks,train
Golden State Warriors,2015-03-06,Dallas Mavericks,train
San Antonio Spurs,2015-03-06,Denver Nuggets,train
New Orleans Pelicans,2015-03-06,Boston Celtics,train
Washington Wizards,2015-03-06,Miami Heat,train
Memphis Grizzlies,2015-03-06,Los Angeles Lakers,train
Houston Rockets,2015-03-06,Detroit Pistons,train
Brooklyn Nets,2015-03-06,Phoenix Suns,train
Philadelphia 76ers,2015-03-06,Utah Jazz,train
Orlando Magic,2015-03-06,Sacramento Kings,train
Indiana Pacers,2015-03-06,Chicago Bulls,train
Charlotte Hornets,2015-03-06,Toronto Raptors,train
Atlanta Hawks,2015-03-06,Cleveland Cavaliers,train
Denver Nuggets,2015-03-07,Houston Rockets,train
Milwaukee Bucks,2015-03-07,Washington Wizards,train
Minnesota Timberwolves,2015-03-07,Portland Trail Blazers,train
Cleveland Cavaliers,2015-03-07,Phoenix Suns,train
Philadelphia 76ers,2015-03-07,Atlanta Hawks,train
Miami Heat,2015-03-07,Sacramento Kings,train
New Orleans Pelicans,2015-03-07,Memphis Grizzlies,train
New York Knicks,2015-03-07,Indiana Pacers,train
Oklahoma City Thunder,2015-03-08,Toronto Raptors,train
Los Angeles Lakers,2015-03-08,Dallas Mavericks,train
Detroit Pistons,2015-03-08,Charlotte Hornets,train
Brooklyn Nets,2015-03-08,Utah Jazz,train
Golden State Warriors,2015-03-08,Los Angeles Clippers,train
San Antonio Spurs,2015-03-08,Chicago Bulls,train
Orlando Magic,2015-03-08,Boston Celtics,train
Charlotte Hornets,2015-03-09,Washington Wizards,train
Miami Heat,2015-03-09,Boston Celtics,train
Atlanta Hawks,2015-03-09,Sacramento Kings,train
Chicago Bulls,2015-03-09,Memphis Grizzlies,train
Milwaukee Bucks,2015-03-09,New Orleans Pelicans,train
Denver Nuggets,2015-03-09,New York Knicks,train
Phoenix Suns,2015-03-09,Golden State Warriors,train
Los Angeles Clippers,2015-03-09,Minnesota Timberwolves,train
Dallas Mavericks,2015-03-10,Cleveland Cavaliers,train
Los Angeles Lakers,2015-03-10,Detroit Pistons,train
Utah Jazz,2015-03-10,New York Knicks,train
San Antonio Spurs,2015-03-10,Toronto Raptors,train
Brooklyn Nets,2015-03-10,New Orleans Pelicans,train
Indiana Pacers,2015-03-10,Orlando Magic,train
Philadelphia 76ers,2015-03-11,Chicago Bulls,train
Charlotte Hornets,2015-03-11,Sacramento Kings,train
Boston Celtics,2015-03-11,Memphis Grizzlies,train
Miami Heat,2015-03-11,Brooklyn Nets,train
Milwaukee Bucks,2015-03-11,Orlando Magic,train
Oklahoma City Thunder,2015-03-11,Los Angeles Clippers,train
Denver Nuggets,2015-03-11,Atlanta Hawks,train
Phoenix Suns,2015-03-11,Minnesota Timberwolves,train
Portland Trail Blazers,2015-03-11,Houston Rockets,train
Golden State Warriors,2015-03-11,Detroit Pistons,train
Los Angeles Lakers,2015-03-12,New York Knicks,train
Utah Jazz,2015-03-12,Houston Rockets,train
Washington Wizards,2015-03-12,Memphis Grizzlies,train
San Antonio Spurs,2015-03-12,Cleveland Cavaliers,train
Indiana Pacers,2015-03-12,Milwaukee Bucks,train
Charlotte Hornets,2015-03-13,Chicago Bulls,train
Philadelphia 76ers,2015-03-13,Sacramento Kings,train
Boston Celtics,2015-03-13,Orlando Magic,train
Toronto Raptors,2015-03-13,Miami Heat,train
Oklahoma City Thunder,2015-03-13,Minnesota Timberwolves,train
Dallas Mavericks,2015-03-13,Los Angeles Clippers,train
Denver Nuggets,2015-03-13,Golden State Warriors,train
Phoenix Suns,2015-03-13,Atlanta Hawks,train
Portland Trail Blazers,2015-03-13,Detroit Pistons,train
Golden State Warriors,2015-03-14,New York Knicks,train
Utah Jazz,2015-03-14,Detroit Pistons,train
Memphis Grizzlies,2015-03-14,Milwaukee Bucks,train
Washington Wizards,2015-03-14,Sacramento Kings,train
Indiana Pacers,2015-03-14,Boston Celtics,train
Philadelphia 76ers,2015-03-14,Brooklyn Nets,train
Oklahoma City Thunder,2015-03-15,Chicago Bulls,train
Los Angeles Clippers,2015-03-15,Houston Rockets,train
Orlando Magic,2015-03-15,Cleveland Cavaliers,train
New Orleans Pelicans,2015-03-15,Denver Nuggets,train
Toronto Raptors,2015-03-15,Portland Trail Blazers,train
San Antonio Spurs,2015-03-15,Minnesota Timberwolves,train
Phoenix Suns,2015-03-15,New York Knicks,train
Los Angeles Lakers,2015-03-15,Atlanta Hawks,train
Dallas Mavericks,2015-03-16,Oklahoma City Thunder,train
Golden State Warriors,2015-03-16,Los Angeles Lakers,train
Sacramento Kings,2015-03-16,Atlanta Hawks,train
Utah Jazz,2015-03-16,Charlotte Hornets,train
Memphis Grizzlies,2015-03-16,Denver Nuggets,train
Boston Celtics,2015-03-16,Philadelphia 76ers,train
Minnesota Timberwolves,2015-03-16,Brooklyn Nets,train
Washington Wizards,2015-03-16,Portland Trail Blazers,train
Indiana Pacers,2015-03-16,Toronto Raptors,train
Miami Heat,2015-03-16,Cleveland Cavaliers,train
New York Knicks,2015-03-17,San Antonio Spurs,train
Detroit Pistons,2015-03-17,Memphis Grizzlies,train
New Orleans Pelicans,2015-03-17,Milwaukee Bucks,train
Houston Rockets,2015-03-17,Orlando Magic,train
Los Angeles Clippers,2015-03-17,Charlotte Hornets,train
Utah Jazz,2015-03-18,Washington Wizards,train
Golden State Warriors,2015-03-18,Atlanta Hawks,train
Sacramento Kings,2015-03-18,Los Angeles Clippers,train
Oklahoma City Thunder,2015-03-18,Boston Celtics,train
Dallas Mavericks,2015-03-18,Orlando Magic,train
Miami Heat,2015-03-18,Portland Trail Blazers,train
Milwaukee Bucks,2015-03-18,San Antonio Spurs,train
Toronto Raptors,2015-03-18,Minnesota Timberwolves,train
Philadelphia 76ers,2015-03-18,Detroit Pistons,train
Cleveland Cavaliers,2015-03-18,Brooklyn Nets,train
Chicago Bulls,2015-03-18,Indiana Pacers,train
Los Angeles Lakers,2015-03-19,Utah Jazz,train
New York Knicks,2015-03-19,Minnesota Timberwolves,train
Houston Rockets,2015-03-19,Denver Nuggets,train
Phoenix Suns,2015-03-19,New Orleans Pelicans,train
San Antonio Spurs,2015-03-20,Boston Celtics,train
Dallas Mavericks,2015-03-20,Memphis Grizzlies,train
Los Angeles Clippers,2015-03-20,Washington Wizards,train
Sacramento Kings,2015-03-20,Charlotte Hornets,train
Chicago Bulls,2015-03-20,Toronto Raptors,train
Golden State Warriors,2015-03-20,New Orleans Pelicans,train
Cleveland Cavaliers,2015-03-20,Indiana Pacers,train
Philadelphia 76ers,2015-03-20,New York Knicks,train
Orlando Magic,2015-03-20,Portland Trail Blazers,train
Oklahoma City Thunder,2015-03-20,Atlanta Hawks,train
Brooklyn Nets,2015-03-20,Milwaukee Bucks,train
Miami Heat,2015-03-20,Denver Nuggets,train
Indiana Pacers,2015-03-21,Brooklyn Nets,train
Detroit Pistons,2015-03-21,Chicago Bulls,train
Memphis Grizzlies,2015-03-21,Portland Trail Blazers,train
Houston Rockets,2015-03-21,Phoenix Suns,train
Golden State Warriors,2015-03-21,Utah Jazz,train
Los Angeles Lakers,2015-03-22,Philadelphia 76ers,train
Phoenix Suns,2015-03-22,Dallas Mavericks,train
Minnesota Timberwolves,2015-03-22,Charlotte Hornets,train
Orlando Magic,2015-03-22,Denver Nuggets,train
Boston Celtics,2015-03-22,Detroit Pistons,train
Sacramento Kings,2015-03-22,Washington Wizards,train
Toronto Raptors,2015-03-22,New York Knicks,train
Los Angeles Clippers,2015-03-22,New Orleans Pelicans,train
Milwaukee Bucks,2015-03-22,Cleveland Cavaliers,train
Atlanta Hawks,2015-03-22,San Antonio Spurs,train
Oklahoma City Thunder,2015-03-22,Miami Heat,train
Indiana Pacers,2015-03-23,Houston Rockets,train
New York Knicks,2015-03-23,Memphis Grizzlies,train
Brooklyn Nets,2015-03-23,Boston Celtics,train
Chicago Bulls,2015-03-23,Charlotte Hornets,train
Utah Jazz,2015-03-23,Minnesota Timberwolves,train
Golden State Warriors,2015-03-23,Washington Wizards,train
Sacramento Kings,2015-03-24,Philadelphia 76ers,train
Dallas Mavericks,2015-03-24,San Antonio Spurs,train
Portland Trail Blazers,2015-03-24,Golden State Warriors,train
Oklahoma City Thunder,2015-03-24,Los Angeles Lakers,train
Detroit Pistons,2015-03-24,Toronto Raptors,train
Milwaukee Bucks,2015-03-24,Miami Heat,train
San Antonio Spurs,2015-03-25,Oklahoma City Thunder,train
Denver Nuggets,2015-03-25,Philadelphia 76ers,train
Utah Jazz,2015-03-25,Portland Trail Blazers,train
Minnesota Timberwolves,2015-03-25,Los Angeles Lakers,train
New Orleans Pelicans,2015-03-25,Houston Rockets,train
Memphis Grizzlies,2015-03-25,Cleveland Cavaliers,train
Phoenix Suns,2015-03-25,Sacramento Kings,train
Toronto Raptors,2015-03-25,Chicago Bulls,train
Orlando Magic,2015-03-25,Atlanta Hawks,train
Washington Wizards,2015-03-25,Indiana Pacers,train
New York Knicks,2015-03-25,Los Angeles Clippers,train
Charlotte Hornets,2015-03-25,Brooklyn Nets,train
Boston Celtics,2015-03-25,Miami Heat,train
Milwaukee Bucks,2015-03-26,Indiana Pacers,train
Phoenix Suns,2015-03-27,Portland Trail Blazers,train
Denver Nuggets,2015-03-27,Utah Jazz,train
San Antonio Spurs,2015-03-27,Dallas Mavericks,train
Memphis Grizzlies,2015-03-27,Golden State Warriors,train
Houston Rockets,2015-03-27,Minnesota Timberwolves,train
New Orleans Pelicans,2015-03-27,Sacramento Kings,train
Toronto Raptors,2015-03-27,Los Angeles Lakers,train
Atlanta Hawks,2015-03-27,Miami Heat,train
Brooklyn Nets,2015-03-27,Cleveland Cavaliers,train
Washington Wizards,2015-03-27,Charlotte Hornets,train
Philadelphia 76ers,2015-03-27,Los Angeles Clippers,train
Orlando Magic,2015-03-27,Detroit Pistons,train
New York Knicks,2015-03-27,Boston Celtics,train
Utah Jazz,2015-03-28,Oklahoma City Thunder,train
Milwaukee Bucks,2015-03-28,Golden State Warriors,train
Portland Trail Blazers,2015-03-28,Denver Nuggets,train
Charlotte Hornets,2015-03-28,Atlanta Hawks,train
Chicago Bulls,2015-03-28,New York Knicks,train
Phoenix Suns,2015-03-29,Oklahoma City Thunder,train
San Antonio Spurs,2015-03-29,Memphis Grizzlies,train
Indiana Pacers,2015-03-29,Dallas Mavericks,train
Miami Heat,2015-03-29,Detroit Pistons,train
Brooklyn Nets,2015-03-29,Los Angeles Lakers,train
Cleveland Cavaliers,2015-03-29,Philadelphia 76ers,train
New Orleans Pelicans,2015-03-29,Minnesota Timberwolves,train
Boston Celtics,2015-03-29,Los Angeles Clippers,train
Washington Wizards,2015-03-29,Houston Rockets,train
Portland Trail Blazers,2015-03-30,Phoenix Suns,train
Minnesota Timberwolves,2015-03-30,Utah Jazz,train
Atlanta Hawks,2015-03-30,Milwaukee Bucks,train
Memphis Grizzlies,2015-03-30,Sacramento Kings,train
Philadelphia 76ers,2015-03-30,Los Angeles Lakers,train
Charlotte Hornets,2015-03-30,Boston Celtics,train
Toronto Raptors,2015-03-30,Houston Rockets,train
Detroit Pistons,2015-03-31,Atlanta Hawks,train
Brooklyn Nets,2015-03-31,Indiana Pacers,train
Miami Heat,2015-03-31,San Antonio Spurs,train
Los Angeles Clippers,2015-03-31,Golden State Warriors,train
Oklahoma City Thunder,2015-04-01,Dallas Mavericks,train
Portland Trail Blazers,2015-04-01,Los Angeles Clippers,train
Utah Jazz,2015-04-01,Denver Nuggets,train
Houston Rockets,2015-04-01,Sacramento Kings,train
Minnesota Timberwolves,2015-04-01,Toronto Raptors,train
Los Angeles Lakers,2015-04-01,New Orleans Pelicans,train
New York Knicks,2015-04-01,Brooklyn Nets,train
Boston Celtics,2015-04-01,Indiana Pacers,train
Orlando Magic,2015-04-01,San Antonio Spurs,train
Washington Wizards,2015-04-01,Philadelphia 76ers,train
Charlotte Hornets,2015-04-01,Detroit Pistons,train
Milwaukee Bucks,2015-04-01,Chicago Bulls,train
Cleveland Cavaliers,2015-04-02,Miami Heat,train
Dallas Mavericks,2015-04-02,Houston Rockets,train
Golden State Warriors,2015-04-02,Phoenix Suns,train
Los Angeles Lakers,2015-04-03,Portland Trail Blazers,train
Sacramento Kings,2015-04-03,New Orleans Pelicans,train
San Antonio Spurs,2015-04-03,Denver Nuggets,train
Chicago Bulls,2015-04-03,Detroit Pistons,train
Minnesota Timberwolves,2015-04-03,Orlando Magic,train
Washington Wizards,2015-04-03,New York Knicks,train
Boston Celtics,2015-04-03,Milwaukee Bucks,train
Brooklyn Nets,2015-04-03,Toronto Raptors,train
Indiana Pacers,2015-04-03,Charlotte Hornets,train
Memphis Grizzlies,2015-04-03,Oklahoma City Thunder,train
Portland Trail Blazers,2015-04-04,New Orleans Pelicans,train
Denver Nuggets,2015-04-04,Los Angeles Clippers,train
Dallas Mavericks,2015-04-04,Golden State Warriors,train
Milwaukee Bucks,2015-04-04,Orlando Magic,train
Phoenix Suns,2015-04-04,Utah Jazz,train
Atlanta Hawks,2015-04-04,Brooklyn Nets,train
Toronto Raptors,2015-04-04,Boston Celtics,train
Detroit Pistons,2015-04-04,Miami Heat,train
Memphis Grizzlies,2015-04-04,Washington Wizards,train
Charlotte Hornets,2015-04-04,Philadelphia 76ers,train
Oklahoma City Thunder,2015-04-05,Houston Rockets,train
Cleveland Cavaliers,2015-04-05,Chicago Bulls,train
Indiana Pacers,2015-04-05,Miami Heat,train
San Antonio Spurs,2015-04-05,Golden State Warriors,train
New York Knicks,2015-04-05,Philadelphia 76ers,train
Sacramento Kings,2015-04-05,Utah Jazz,train
Los Angeles Lakers,2015-04-05,Los Angeles Clippers,train
Brooklyn Nets,2015-04-06,Portland Trail Blazers,train
New Orleans Pelicans,2015-04-07,Golden State Warriors,train
Los Angeles Clippers,2015-04-07,Los Angeles Lakers,train
Sacramento Kings,2015-04-07,Minnesota Timberwolves,train
Oklahoma City Thunder,2015-04-07,San Antonio Spurs,train
Miami Heat,2015-04-07,Charlotte Hornets,train
Atlanta Hawks,2015-04-07,Phoenix Suns,train
Philadelphia 76ers,2015-04-08,Washington Wizards,train
Orlando Magic,2015-04-08,Chicago Bulls,train
Charlotte Hornets,2015-04-08,Toronto Raptors,train
New York Knicks,2015-04-08,Indiana Pacers,train
Brooklyn Nets,2015-04-08,Atlanta Hawks,train
Detroit Pistons,2015-04-08,Boston Celtics,train
Milwaukee Bucks,2015-04-08,Cleveland Cavaliers,train
Memphis Grizzlies,2015-04-08,New Orleans Pelicans,train
San Antonio Spurs,2015-04-08,Houston Rockets,train
Utah Jazz,2015-04-08,Sacramento Kings,train
Denver Nuggets,2015-04-08,Los Angeles Lakers,train
Dallas Mavericks,2015-04-08,Phoenix Suns,train
Portland Trail Blazers,2015-04-08,Minnesota Timberwolves,train
Golden State Warriors,2015-04-09,Portland Trail Blazers,train
Miami Heat,2015-04-09,Chicago Bulls,train
Orlando Magic,2015-04-10,Toronto Raptors,train
Detroit Pistons,2015-04-10,Indiana Pacers,train
New York Knicks,2015-04-10,Milwaukee Bucks,train
Atlanta Hawks,2015-04-10,Charlotte Hornets,train
Cleveland Cavaliers,2015-04-10,Boston Celtics,train
Brooklyn Nets,2015-04-10,Washington Wizards,train
New Orleans Pelicans,2015-04-10,Phoenix Suns,train
Oklahoma City Thunder,2015-04-10,Sacramento Kings,train
Houston Rockets,2015-04-10,San Antonio Spurs,train
Denver Nuggets,2015-04-10,Dallas Mavericks,train
Utah Jazz,2015-04-10,Memphis Grizzlies,train
Los Angeles Lakers,2015-04-10,Minnesota Timberwolves,train
Golden State Warriors,2015-04-11,Minnesota Timberwolves,train
Los Angeles Clippers,2015-04-11,Memphis Grizzlies,train
Portland Trail Blazers,2015-04-11,Utah Jazz,train
Miami Heat,2015-04-11,Toronto Raptors,train
Orlando Magic,2015-04-11,New York Knicks,train
Chicago Bulls,2015-04-11,Philadelphia 76ers,train
Los Angeles Lakers,2015-04-12,Dallas Mavericks,train
San Antonio Spurs,2015-04-12,Phoenix Suns,train
Houston Rockets,2015-04-12,New Orleans Pelicans,train
Washington Wizards,2015-04-12,Atlanta Hawks,train
Indiana Pacers,2015-04-12,Oklahoma City Thunder,train
Detroit Pistons,2015-04-12,Charlotte Hornets,train
Boston Celtics,2015-04-12,Cleveland Cavaliers,train
Milwaukee Bucks,2015-04-12,Brooklyn Nets,train
Denver Nuggets,2015-04-12,Sacramento Kings,train
Los Angeles Clippers,2015-04-13,Denver Nuggets,train
Golden State Warriors,2015-04-13,Memphis Grizzlies,train
Sacramento Kings,2015-04-13,Los Angeles Lakers,train
Utah Jazz,2015-04-13,Dallas Mavericks,train
Oklahoma City Thunder,2015-04-13,Portland Trail Blazers,train
Minnesota Timberwolves,2015-04-13,New Orleans Pelicans,train
Miami Heat,2015-04-13,Orlando Magic,train
Atlanta Hawks,2015-04-13,New York Knicks,train
Cleveland Cavaliers,2015-04-13,Detroit Pistons,train
Philadelphia 76ers,2015-04-13,Milwaukee Bucks,train
Charlotte Hornets,2015-04-13,Houston Rockets,train
Brooklyn Nets,2015-04-13,Chicago Bulls,train
Boston Celtics,2015-04-14,Toronto Raptors,train
Indiana Pacers,2015-04-14,Washington Wizards,train
Phoenix Suns,2015-04-14,Los Angeles Clippers,train
Milwaukee Bucks,2015-04-15,Boston Celtics,train
Los Angeles Lakers,2015-04-15,Sacramento Kings,train
Golden State Warriors,2015-04-15,Denver Nuggets,train
Philadelphia 76ers,2015-04-15,Miami Heat,train
Memphis Grizzlies,2015-04-15,Indiana Pacers,train
New York Knicks,2015-04-15,Detroit Pistons,train
Brooklyn Nets,2015-04-15,Orlando Magic,train
Cleveland Cavaliers,2015-04-15,Washington Wizards,train
New Orleans Pelicans,2015-04-15,San Antonio Spurs,train
Houston Rockets,2015-04-15,Utah Jazz,train
Dallas Mavericks,2015-04-15,Portland Trail Blazers,train
Chicago Bulls,2015-04-15,Atlanta Hawks,train
Minnesota Timberwolves,2015-04-15,Oklahoma City Thunder,train
Toronto Raptors,2015-04-15,Charlotte Hornets,train
Toronto Raptors,2015-04-18,Washington Wizards,train
Golden State Warriors,2015-04-18,New Orleans Pelicans,train
Chicago Bulls,2015-04-18,Milwaukee Bucks,train
Houston Rockets,2015-04-18,Dallas Mavericks,train
Cleveland Cavaliers,2015-04-19,Boston Celtics,train
Atlanta Hawks,2015-04-19,Brooklyn Nets,train
Memphis Grizzlies,2015-04-19,Portland Trail Blazers,train
Los Angeles Clippers,2015-04-19,San Antonio Spurs,train
Golden State Warriors,2015-04-20,New Orleans Pelicans,train
Chicago Bulls,2015-04-20,Milwaukee Bucks,train
Cleveland Cavaliers,2015-04-21,Boston Celtics,train
Toronto Raptors,2015-04-21,Washington Wizards,train
Houston Rockets,2015-04-21,Dallas Mavericks,train
Atlanta Hawks,2015-04-22,Brooklyn Nets,train
Memphis Grizzlies,2015-04-22,Portland Trail Blazers,train
Los Angeles Clippers,2015-04-22,San Antonio Spurs,train
Boston Celtics,2015-04-23,Cleveland Cavaliers,train
Milwaukee Bucks,2015-04-23,Chicago Bulls,train
New Orleans Pelicans,2015-04-23,Golden State Warriors,train
Dallas Mavericks,2015-04-24,Houston Rockets,train
Washington Wizards,2015-04-24,Toronto Raptors,train
San Antonio Spurs,2015-04-24,Los Angeles Clippers,train
New Orleans Pelicans,2015-04-25,Golden State Warriors,train
Portland Trail Blazers,2015-04-25,Memphis Grizzlies,train
Brooklyn Nets,2015-04-25,Atlanta Hawks,train
Milwaukee Bucks,2015-04-25,Chicago Bulls,train
Boston Celtics,2015-04-26,Cleveland Cavaliers,train
San Antonio Spurs,2015-04-26,Los Angeles Clippers,train
Washington Wizards,2015-04-26,Toronto Raptors,train
Dallas Mavericks,2015-04-26,Houston Rockets,train
Brooklyn Nets,2015-04-27,Atlanta Hawks,train
Chicago Bulls,2015-04-27,Milwaukee Bucks,train
Portland Trail Blazers,2015-04-27,Memphis Grizzlies,train
Houston Rockets,2015-04-28,Dallas Mavericks,train
Los Angeles Clippers,2015-04-28,San Antonio Spurs,train
Atlanta Hawks,2015-04-29,Brooklyn Nets,train
Memphis Grizzlies,2015-04-29,Portland Trail Blazers,train
Milwaukee Bucks,2015-04-30,Chicago Bulls,train
San Antonio Spurs,2015-04-30,Los Angeles Clippers,train
Brooklyn Nets,2015-05-01,Atlanta Hawks,train
Los Angeles Clippers,2015-05-02,San Antonio Spurs,train
Golden State Warriors,2015-05-03,Memphis Grizzlies,train
Atlanta Hawks,2015-05-03,Washington Wizards,train
Cleveland Cavaliers,2015-05-04,Chicago Bulls,train
Houston Rockets,2015-05-04,Los Angeles Clippers,train
Atlanta Hawks,2015-05-05,Washington Wizards,train
Golden State Warriors,2015-05-05,Memphis Grizzlies,train
Cleveland Cavaliers,2015-05-06,Chicago Bulls,train
Houston Rockets,2015-05-06,Los Angeles Clippers,train
Chicago Bulls,2015-05-08,Cleveland Cavaliers,train
Los Angeles Clippers,2015-05-08,Houston Rockets,train
Washington Wizards,2015-05-09,Atlanta Hawks,train
Memphis Grizzlies,2015-05-09,Golden State Warriors,train
Chicago Bulls,2015-05-10,Cleveland Cavaliers,train
Los Angeles Clippers,2015-05-10,Houston Rockets,train
Washington Wizards,2015-05-11,Atlanta Hawks,train
Memphis Grizzlies,2015-05-11,Golden State Warriors,train
Houston Rockets,2015-05-12,Los Angeles Clippers,train
Cleveland Cavaliers,2015-05-12,Chicago Bulls,train
Atlanta Hawks,2015-05-13,Washington Wizards,train
Golden State Warriors,2015-05-13,Memphis Grizzlies,train
Chicago Bulls,2015-05-14,Cleveland Cavaliers,train
Los Angeles Clippers,2015-05-14,Houston Rockets,train
Washington Wizards,2015-05-15,Atlanta Hawks,train
Memphis Grizzlies,2015-05-15,Golden State Warriors,train
Houston Rockets,2015-05-17,Los Angeles Clippers,train
Golden State Warriors,2015-05-19,Houston Rockets,train
Atlanta Hawks,2015-05-20,Cleveland Cavaliers,train
Golden State Warriors,2015-05-21,Houston Rockets,train
Atlanta Hawks,2015-05-22,Cleveland Cavaliers,train
Houston Rockets,2015-05-23,Golden State Warriors,train
Cleveland Cavaliers,2015-05-24,Atlanta Hawks,train
Houston Rockets,2015-05-25,Golden State Warriors,train
Cleveland Cavaliers,2015-05-26,Atlanta Hawks,train
Golden State Warriors,2015-05-27,Houston Rockets,train
Golden State Warriors,2015-06-04,Cleveland Cavaliers,train
Golden State Warriors,2015-06-07,Cleveland Cavaliers,train
Cleveland Cavaliers,2015-06-09,Golden State Warriors,train
Cleveland Cavaliers,2015-06-11,Golden State Warriors,train
Golden State Warriors,2015-06-14,Cleveland Cavaliers,train
Cleveland Cavaliers,2015-06-16,Golden State Warriors,train
Indiana Pacers,2015-10-29,Memphis Grizzlies,train
New York Knicks,2015-10-29,Atlanta Hawks,train
LA Clippers,2015-10-29,Dallas Mavericks,train
Phoenix Suns,2015-10-30,Portland Trail Blazers,train
Sacramento Kings,2015-10-30,Los Angeles Lakers,train
Houston Rockets,2015-10-30,Golden State Warriors,train
Denver Nuggets,2015-10-30,Minnesota Timberwolves,train
San Antonio Spurs,2015-10-30,Brooklyn Nets,train
Atlanta Hawks,2015-10-30,Charlotte Hornets,train
Detroit Pistons,2015-10-30,Chicago Bulls,train
Boston Celtics,2015-10-30,Toronto Raptors,train
Orlando Magic,2015-10-30,Oklahoma City Thunder,train
Philadelphia 76ers,2015-10-30,Utah Jazz,train
Cleveland Cavaliers,2015-10-30,Miami Heat,train
Milwaukee Bucks,2015-10-30,Washington Wizards,train
Indiana Pacers,2015-10-31,Utah Jazz,train
Washington Wizards,2015-10-31,New York Knicks,train
New Orleans Pelicans,2015-10-31,Golden State Warriors,train
Memphis Grizzlies,2015-10-31,Brooklyn Nets,train
Portland Trail Blazers,2015-10-31,Phoenix Suns,train
LA Clippers,2015-10-31,Sacramento Kings,train
Toronto Raptors,2015-11-01,Milwaukee Bucks,train
Los Angeles Lakers,2015-11-01,Dallas Mavericks,train
Oklahoma City Thunder,2015-11-01,Denver Nuggets,train
Chicago Bulls,2015-11-01,Orlando Magic,train
Boston Celtics,2015-11-01,San Antonio Spurs,train
Charlotte Hornets,2015-11-01,Atlanta Hawks,train
Miami Heat,2015-11-01,Houston Rockets,train
Golden State Warriors,2015-11-02,Memphis Grizzlies,train
Philadelphia 76ers,2015-11-02,Cleveland Cavaliers,train
New York Knicks,2015-11-02,San Antonio Spurs,train
Brooklyn Nets,2015-11-02,Milwaukee Bucks,train
Houston Rockets,2015-11-02,Oklahoma City Thunder,train
Minnesota Timberwolves,2015-11-02,Portland Trail Blazers,train
LA Clippers,2015-11-02,Phoenix Suns,train
Dallas Mavericks,2015-11-03,Toronto Raptors,train
Sacramento Kings,2015-11-03,Memphis Grizzlies,train
New Orleans Pelicans,2015-11-03,Orlando Magic,train
Los Angeles Lakers,2015-11-03,Denver Nuggets,train
Miami Heat,2015-11-03,Atlanta Hawks,train
Charlotte Hornets,2015-11-03,Chicago Bulls,train
Detroit Pistons,2015-11-03,Indiana Pacers,train
Washington Wizards,2015-11-04,San Antonio Spurs,train
Indiana Pacers,2015-11-04,Boston Celtics,train
Cleveland Cavaliers,2015-11-04,New York Knicks,train
Atlanta Hawks,2015-11-04,Brooklyn Nets,train
Milwaukee Bucks,2015-11-04,Philadelphia 76ers,train
Houston Rockets,2015-11-04,Orlando Magic,train
Oklahoma City Thunder,2015-11-04,Toronto Raptors,train
Utah Jazz,2015-11-04,Portland Trail Blazers,train
Phoenix Suns,2015-11-04,Sacramento Kings,train
Golden State Warriors,2015-11-04,LA Clippers,train
Portland Trail Blazers,2015-11-05,Memphis Grizzlies,train
Denver Nuggets,2015-11-05,Utah Jazz,train
Dallas Mavericks,2015-11-05,Charlotte Hornets,train
Chicago Bulls,2015-11-05,Oklahoma City Thunder,train
Minnesota Timberwolves,2015-11-05,Miami Heat,train
Orlando Magic,2015-11-06,Toronto Raptors,train
Brooklyn Nets,2015-11-06,Los Angeles Lakers,train
Boston Celtics,2015-11-06,Washington Wizards,train
Cleveland Cavaliers,2015-11-06,Philadelphia 76ers,train
New York Knicks,2015-11-06,Milwaukee Bucks,train
Indiana Pacers,2015-11-06,Miami Heat,train
New Orleans Pelicans,2015-11-06,Atlanta Hawks,train
Phoenix Suns,2015-11-06,Detroit Pistons,train
Sacramento Kings,2015-11-06,Houston Rockets,train
Golden State Warriors,2015-11-06,Denver Nuggets,train
LA Clippers,2015-11-07,Houston Rockets,train
Sacramento Kings,2015-11-07,Golden State Warriors,train
Utah Jazz,2015-11-07,Memphis Grizzlies,train
Milwaukee Bucks,2015-11-07,Brooklyn Nets,train
Dallas Mavericks,2015-11-07,New Orleans Pelicans,train
Atlanta Hawks,2015-11-07,Washington Wizards,train
Philadelphia 76ers,2015-11-07,Orlando Magic,train
Chicago Bulls,2015-11-07,Minnesota Timberwolves,train
San Antonio Spurs,2015-11-07,Charlotte Hornets,train
New York Knicks,2015-11-08,Los Angeles Lakers,train
Cleveland Cavaliers,2015-11-08,Indiana Pacers,train
Miami Heat,2015-11-08,Toronto Raptors,train
Oklahoma City Thunder,2015-11-08,Phoenix Suns,train
Portland Trail Blazers,2015-11-08,Detroit Pistons,train
Golden State Warriors,2015-11-09,Detroit Pistons,train
LA Clippers,2015-11-09,Memphis Grizzlies,train
Sacramento Kings,2015-11-09,San Antonio Spurs,train
Philadelphia 76ers,2015-11-09,Chicago Bulls,train
Atlanta Hawks,2015-11-09,Minnesota Timberwolves,train
Indiana Pacers,2015-11-09,Orlando Magic,train
Denver Nuggets,2015-11-09,Portland Trail Blazers,train
Milwaukee Bucks,2015-11-10,Boston Celtics,train
Minnesota Timberwolves,2015-11-10,Charlotte Hornets,train
New Orleans Pelicans,2015-11-10,Dallas Mavericks,train
Cleveland Cavaliers,2015-11-10,Utah Jazz,train
Miami Heat,2015-11-10,Los Angeles Lakers,train
Washington Wizards,2015-11-10,Oklahoma City Thunder,train
Toronto Raptors,2015-11-10,New York Knicks,train
Portland Trail Blazers,2015-11-11,San Antonio Spurs,train
Orlando Magic,2015-11-11,Los Angeles Lakers,train
Philadelphia 76ers,2015-11-11,Toronto Raptors,train
Charlotte Hornets,2015-11-11,New York Knicks,train
Boston Celtics,2015-11-11,Indiana Pacers,train
Dallas Mavericks,2015-11-11,LA Clippers,train
Atlanta Hawks,2015-11-11,New Orleans Pelicans,train
Memphis Grizzlies,2015-11-11,Golden State Warriors,train
Houston Rockets,2015-11-11,Brooklyn Nets,train
Denver Nuggets,2015-11-11,Milwaukee Bucks,train
Sacramento Kings,2015-11-11,Detroit Pistons,train
Phoenix Suns,2015-11-12,LA Clippers,train
Minnesota Timberwolves,2015-11-12,Golden State Warriors,train
Miami Heat,2015-11-12,Utah Jazz,train
Orlando Magic,2015-11-13,Utah Jazz,train
Indiana Pacers,2015-11-13,Minnesota Timberwolves,train
New York Knicks,2015-11-13,Cleveland Cavaliers,train
Toronto Raptors,2015-11-13,New Orleans Pelicans,train
Boston Celtics,2015-11-13,Atlanta Hawks,train
Oklahoma City Thunder,2015-11-13,Philadelphia 76ers,train
Memphis Grizzlies,2015-11-13,Portland Trail Blazers,train
Chicago Bulls,2015-11-13,Charlotte Hornets,train
Dallas Mavericks,2015-11-13,Los Angeles Lakers,train
Denver Nuggets,2015-11-13,Houston Rockets,train
Sacramento Kings,2015-11-13,Brooklyn Nets,train
Phoenix Suns,2015-11-14,Denver Nuggets,train
Golden State Warriors,2015-11-14,Brooklyn Nets,train
San Antonio Spurs,2015-11-14,Philadelphia 76ers,train
Washington Wizards,2015-11-14,Orlando Magic,train
Houston Rockets,2015-11-14,Dallas Mavericks,train
LA Clippers,2015-11-14,Detroit Pistons,train
Milwaukee Bucks,2015-11-14,Cleveland Cavaliers,train
New York Knicks,2015-11-15,New Orleans Pelicans,train
Minnesota Timberwolves,2015-11-15,Memphis Grizzlies,train
Charlotte Hornets,2015-11-15,Portland Trail Blazers,train
Atlanta Hawks,2015-11-15,Utah Jazz,train
Oklahoma City Thunder,2015-11-15,Boston Celtics,train
Sacramento Kings,2015-11-15,Toronto Raptors,train
Los Angeles Lakers,2015-11-15,Detroit Pistons,train
San Antonio Spurs,2015-11-16,Portland Trail Blazers,train
Memphis Grizzlies,2015-11-16,Oklahoma City Thunder,train
Phoenix Suns,2015-11-16,Los Angeles Lakers,train
Chicago Bulls,2015-11-16,Indiana Pacers,train
Philadelphia 76ers,2015-11-16,Dallas Mavericks,train
Houston Rockets,2015-11-16,Boston Celtics,train
Golden State Warriors,2015-11-17,Toronto Raptors,train
New Orleans Pelicans,2015-11-17,Denver Nuggets,train
New York Knicks,2015-11-17,Charlotte Hornets,train
Brooklyn Nets,2015-11-17,Atlanta Hawks,train
Miami Heat,2015-11-17,Minnesota Timberwolves,train
Washington Wizards,2015-11-17,Milwaukee Bucks,train
Detroit Pistons,2015-11-17,Cleveland Cavaliers,train
Philadelphia 76ers,2015-11-18,Indiana Pacers,train
Orlando Magic,2015-11-18,Minnesota Timberwolves,train
Charlotte Hornets,2015-11-18,Brooklyn Nets,train
Boston Celtics,2015-11-18,Dallas Mavericks,train
Oklahoma City Thunder,2015-11-18,New Orleans Pelicans,train
Houston Rockets,2015-11-18,Portland Trail Blazers,train
Atlanta Hawks,2015-11-18,Sacramento Kings,train
San Antonio Spurs,2015-11-18,Denver Nuggets,train
Utah Jazz,2015-11-18,Toronto Raptors,train
Phoenix Suns,2015-11-18,Chicago Bulls,train
LA Clippers,2015-11-19,Golden State Warriors,train
Miami Heat,2015-11-19,Sacramento Kings,train
Cleveland Cavaliers,2015-11-19,Milwaukee Bucks,train
Los Angeles Lakers,2015-11-20,Toronto Raptors,train
Charlotte Hornets,2015-11-20,Philadelphia 76ers,train
Boston Celtics,2015-11-20,Brooklyn Nets,train
Minnesota Timberwolves,2015-11-20,Detroit Pistons,train
Oklahoma City Thunder,2015-11-20,New York Knicks,train
New Orleans Pelicans,2015-11-20,San Antonio Spurs,train
Memphis Grizzlies,2015-11-20,Houston Rockets,train
Dallas Mavericks,2015-11-20,Utah Jazz,train
Denver Nuggets,2015-11-20,Phoenix Suns,train
Portland Trail Blazers,2015-11-20,LA Clippers,train
Golden State Warriors,2015-11-20,Chicago Bulls,train
Houston Rockets,2015-11-21,New York Knicks,train
Cleveland Cavaliers,2015-11-21,Atlanta Hawks,train
San Antonio Spurs,2015-11-21,Memphis Grizzlies,train
Detroit Pistons,2015-11-21,Washington Wizards,train
Indiana Pacers,2015-11-21,Milwaukee Bucks,train
Orlando Magic,2015-11-21,Sacramento Kings,train
Miami Heat,2015-11-21,Philadelphia 76ers,train
LA Clippers,2015-11-22,Toronto Raptors,train
New Orleans Pelicans,2015-11-22,Phoenix Suns,train
Brooklyn Nets,2015-11-22,Boston Celtics,train
Oklahoma City Thunder,2015-11-22,Dallas Mavericks,train
Denver Nuggets,2015-11-22,Golden State Warriors,train
Los Angeles Lakers,2015-11-22,Portland Trail Blazers,train
Milwaukee Bucks,2015-11-23,Detroit Pistons,train
Utah Jazz,2015-11-23,Oklahoma City Thunder,train
San Antonio Spurs,2015-11-23,Phoenix Suns,train
Miami Heat,2015-11-23,New York Knicks,train
Charlotte Hornets,2015-11-23,Sacramento Kings,train
Cleveland Cavaliers,2015-11-23,Orlando Magic,train
Minnesota Timberwolves,2015-11-23,Philadelphia 76ers,train
Golden State Warriors,2015-11-24,Los Angeles Lakers,train
Washington Wizards,2015-11-24,Indiana Pacers,train
Atlanta Hawks,2015-11-24,Boston Celtics,train
Memphis Grizzlies,2015-11-24,Dallas Mavericks,train
Denver Nuggets,2015-11-24,LA Clippers,train
Portland Trail Blazers,2015-11-24,Chicago Bulls,train
Phoenix Suns,2015-11-25,New Orleans Pelicans,train
San Antonio Spurs,2015-11-25,Dallas Mavericks,train
Minnesota Timberwolves,2015-11-25,Atlanta Hawks,train
LA Clippers,2015-11-25,Utah Jazz,train
Oklahoma City Thunder,2015-11-25,Brooklyn Nets,train
Milwaukee Bucks,2015-11-25,Sacramento Kings,train
Toronto Raptors,2015-11-25,Cleveland Cavaliers,train
Detroit Pistons,2015-11-25,Miami Heat,train
Boston Celtics,2015-11-25,Philadelphia 76ers,train
Charlotte Hornets,2015-11-25,Washington Wizards,train
Orlando Magic,2015-11-25,New York Knicks,train
Houston Rockets,2015-11-25,Memphis Grizzlies,train
Indiana Pacers,2015-11-27,Chicago Bulls,train
LA Clippers,2015-11-27,New Orleans Pelicans,train
Sacramento Kings,2015-11-27,Minnesota Timberwolves,train
Phoenix Suns,2015-11-27,Golden State Warriors,train
Denver Nuggets,2015-11-27,San Antonio Spurs,train
Oklahoma City Thunder,2015-11-27,Detroit Pistons,train
Houston Rockets,2015-11-27,Philadelphia 76ers,train
Boston Celtics,2015-11-27,Washington Wizards,train
New York Knicks,2015-11-27,Miami Heat,train
Charlotte Hornets,2015-11-27,Cleveland Cavaliers,train
Orlando Magic,2015-11-27,Milwaukee Bucks,train
Memphis Grizzlies,2015-11-27,Atlanta Hawks,train
Portland Trail Blazers,2015-11-28,Los Angeles Lakers,train
Washington Wizards,2015-11-28,Toronto Raptors,train
Cleveland Cavaliers,2015-11-28,Brooklyn Nets,train
San Antonio Spurs,2015-11-28,Atlanta Hawks,train
Dallas Mavericks,2015-11-28,Denver Nuggets,train
Utah Jazz,2015-11-28,New Orleans Pelicans,train
Golden State Warriors,2015-11-28,Sacramento Kings,train
Orlando Magic,2015-11-29,Boston Celtics,train
New York Knicks,2015-11-29,Houston Rockets,train
Memphis Grizzlies,2015-11-29,Philadelphia 76ers,train
Los Angeles Lakers,2015-11-29,Indiana Pacers,train
Toronto Raptors,2015-11-29,Phoenix Suns,train
LA Clippers,2015-11-29,Minnesota Timberwolves,train
Charlotte Hornets,2015-11-29,Milwaukee Bucks,train
Brooklyn Nets,2015-11-29,Detroit Pistons,train
Sacramento Kings,2015-11-30,Dallas Mavericks,train
Chicago Bulls,2015-11-30,San Antonio Spurs,train
LA Clippers,2015-11-30,Portland Trail Blazers,train
Utah Jazz,2015-11-30,Golden State Warriors,train
Detroit Pistons,2015-11-30,Houston Rockets,train
Milwaukee Bucks,2015-11-30,Denver Nuggets,train
Atlanta Hawks,2015-11-30,Oklahoma City Thunder,train
Miami Heat,2015-11-30,Boston Celtics,train
Cleveland Cavaliers,2015-12-01,Washington Wizards,train
Philadelphia 76ers,2015-12-01,Los Angeles Lakers,train
Brooklyn Nets,2015-12-01,Phoenix Suns,train
New Orleans Pelicans,2015-12-01,Memphis Grizzlies,train
Minnesota Timberwolves,2015-12-01,Orlando Magic,train
Portland Trail Blazers,2015-12-01,Dallas Mavericks,train
San Antonio Spurs,2015-12-02,Milwaukee Bucks,train
Atlanta Hawks,2015-12-02,Toronto Raptors,train
Houston Rockets,2015-12-02,New Orleans Pelicans,train
Chicago Bulls,2015-12-02,Denver Nuggets,train
LA Clippers,2015-12-02,Indiana Pacers,train
Detroit Pistons,2015-12-02,Phoenix Suns,train
Charlotte Hornets,2015-12-02,Golden State Warriors,train
Washington Wizards,2015-12-02,Los Angeles Lakers,train
New York Knicks,2015-12-02,Philadelphia 76ers,train
Miami Heat,2015-12-03,Oklahoma City Thunder,train
Toronto Raptors,2015-12-03,Denver Nuggets,train
Utah Jazz,2015-12-03,Orlando Magic,train
Memphis Grizzlies,2015-12-03,San Antonio Spurs,train
Sacramento Kings,2015-12-03,Boston Celtics,train
Portland Trail Blazers,2015-12-03,Indiana Pacers,train
New Orleans Pelicans,2015-12-04,Cleveland Cavaliers,train
Dallas Mavericks,2015-12-04,Houston Rockets,train
Atlanta Hawks,2015-12-04,Los Angeles Lakers,train
New York Knicks,2015-12-04,Brooklyn Nets,train
Washington Wizards,2015-12-04,Phoenix Suns,train
Detroit Pistons,2015-12-04,Milwaukee Bucks,train
Milwaukee Bucks,2015-12-05,New York Knicks,train
Utah Jazz,2015-12-05,Indiana Pacers,train
San Antonio Spurs,2015-12-05,Boston Celtics,train
LA Clippers,2015-12-05,Orlando Magic,train
Chicago Bulls,2015-12-05,Charlotte Hornets,train
Miami Heat,2015-12-05,Cleveland Cavaliers,train
Minnesota Timberwolves,2015-12-05,Portland Trail Blazers,train
Toronto Raptors,2015-12-05,Golden State Warriors,train
Philadelphia 76ers,2015-12-05,Denver Nuggets,train
Houston Rockets,2015-12-05,Sacramento Kings,train
Memphis Grizzlies,2015-12-06,Phoenix Suns,train
Detroit Pistons,2015-12-06,Los Angeles Lakers,train
Brooklyn Nets,2015-12-06,Golden State Warriors,train
Washington Wizards,2015-12-06,Dallas Mavericks,train
Oklahoma City Thunder,2015-12-06,Sacramento Kings,train
Minnesota Timberwolves,2015-12-07,LA Clippers,train
Milwaukee Bucks,2015-12-07,Portland Trail Blazers,train
Chicago Bulls,2015-12-07,Phoenix Suns,train
Miami Heat,2015-12-07,Washington Wizards,train
New Orleans Pelicans,2015-12-07,Boston Celtics,train
New York Knicks,2015-12-07,Dallas Mavericks,train
Philadelphia 76ers,2015-12-07,San Antonio Spurs,train
Charlotte Hornets,2015-12-07,Detroit Pistons,train
Toronto Raptors,2015-12-07,Los Angeles Lakers,train
Indiana Pacers,2015-12-08,Golden State Warriors,train
Cleveland Cavaliers,2015-12-08,Portland Trail Blazers,train
Brooklyn Nets,2015-12-08,Houston Rockets,train
Memphis Grizzlies,2015-12-08,Oklahoma City Thunder,train
Denver Nuggets,2015-12-08,Orlando Magic,train
Sacramento Kings,2015-12-08,Utah Jazz,train
Dallas Mavericks,2015-12-09,Atlanta Hawks,train
Utah Jazz,2015-12-09,New York Knicks,train
Phoenix Suns,2015-12-09,Orlando Magic,train
Milwaukee Bucks,2015-12-09,LA Clippers,train
Minnesota Timberwolves,2015-12-09,Los Angeles Lakers,train
Toronto Raptors,2015-12-09,San Antonio Spurs,train
Washington Wizards,2015-12-09,Houston Rockets,train
Charlotte Hornets,2015-12-09,Miami Heat,train
Detroit Pistons,2015-12-09,Memphis Grizzlies,train
Boston Celtics,2015-12-09,Chicago Bulls,train
Brooklyn Nets,2015-12-10,Philadelphia 76ers,train
Oklahoma City Thunder,2015-12-10,Atlanta Hawks,train
Chicago Bulls,2015-12-10,LA Clippers,train
Sacramento Kings,2015-12-10,New York Knicks,train
Utah Jazz,2015-12-11,Oklahoma City Thunder,train
Phoenix Suns,2015-12-11,Portland Trail Blazers,train
San Antonio Spurs,2015-12-11,Los Angeles Lakers,train
Denver Nuggets,2015-12-11,Minnesota Timberwolves,train
New Orleans Pelicans,2015-12-11,Washington Wizards,train
Memphis Grizzlies,2015-12-11,Charlotte Hornets,train
Boston Celtics,2015-12-11,Golden State Warriors,train
Orlando Magic,2015-12-11,Cleveland Cavaliers,train
Indiana Pacers,2015-12-11,Miami Heat,train
Philadelphia 76ers,2015-12-11,Detroit Pistons,train
Toronto Raptors,2015-12-11,Milwaukee Bucks,train
Portland Trail Blazers,2015-12-12,New York Knicks,train
Brooklyn Nets,2015-12-12,LA Clippers,train
Charlotte Hornets,2015-12-12,Boston Celtics,train
Detroit Pistons,2015-12-12,Indiana Pacers,train
Houston Rockets,2015-12-12,Los Angeles Lakers,train
Atlanta Hawks,2015-12-12,San Antonio Spurs,train
Chicago Bulls,2015-12-12,New Orleans Pelicans,train
Milwaukee Bucks,2015-12-12,Golden State Warriors,train
Dallas Mavericks,2015-12-12,Washington Wizards,train
Oklahoma City Thunder,2015-12-13,Utah Jazz,train
Toronto Raptors,2015-12-13,Philadelphia 76ers,train
Phoenix Suns,2015-12-13,Minnesota Timberwolves,train
Miami Heat,2015-12-13,Memphis Grizzlies,train
Indiana Pacers,2015-12-14,Toronto Raptors,train
Detroit Pistons,2015-12-14,LA Clippers,train
Brooklyn Nets,2015-12-14,Orlando Magic,train
Chicago Bulls,2015-12-14,Philadelphia 76ers,train
Atlanta Hawks,2015-12-14,Miami Heat,train
Memphis Grizzlies,2015-12-14,Washington Wizards,train
Dallas Mavericks,2015-12-14,Phoenix Suns,train
San Antonio Spurs,2015-12-14,Utah Jazz,train
Denver Nuggets,2015-12-14,Houston Rockets,train
Portland Trail Blazers,2015-12-14,New Orleans Pelicans,train
Sacramento Kings,2015-12-15,Houston Rockets,train
Los Angeles Lakers,2015-12-15,Milwaukee Bucks,train
Boston Celtics,2015-12-15,Cleveland Cavaliers,train
Minnesota Timberwolves,2015-12-15,Denver Nuggets,train
Golden State Warriors,2015-12-16,Phoenix Suns,train
LA Clippers,2015-12-16,Milwaukee Bucks,train
Utah Jazz,2015-12-16,New Orleans Pelicans,train
San Antonio Spurs,2015-12-16,Washington Wizards,train
Chicago Bulls,2015-12-16,Memphis Grizzlies,train
Oklahoma City Thunder,2015-12-16,Portland Trail Blazers,train
Detroit Pistons,2015-12-16,Boston Celtics,train
Brooklyn Nets,2015-12-16,Miami Heat,train
New York Knicks,2015-12-16,Minnesota Timberwolves,train
Orlando Magic,2015-12-16,Charlotte Hornets,train
Indiana Pacers,2015-12-16,Dallas Mavericks,train
Atlanta Hawks,2015-12-16,Philadelphia 76ers,train
Cleveland Cavaliers,2015-12-17,Oklahoma City Thunder,train
Charlotte Hornets,2015-12-17,Toronto Raptors,train
Los Angeles Lakers,2015-12-17,Houston Rockets,train
Dallas Mavericks,2015-12-18,Memphis Grizzlies,train
Utah Jazz,2015-12-18,Denver Nuggets,train
San Antonio Spurs,2015-12-18,LA Clippers,train
Golden State Warriors,2015-12-18,Milwaukee Bucks,train
Phoenix Suns,2015-12-18,New Orleans Pelicans,train
Minnesota Timberwolves,2015-12-18,Sacramento Kings,train
Orlando Magic,2015-12-18,Portland Trail Blazers,train
Miami Heat,2015-12-18,Toronto Raptors,train
Boston Celtics,2015-12-18,Atlanta Hawks,train
Philadelphia 76ers,2015-12-18,New York Knicks,train
Indiana Pacers,2015-12-18,Brooklyn Nets,train
Chicago Bulls,2015-12-18,Detroit Pistons,train
Oklahoma City Thunder,2015-12-19,Los Angeles Lakers,train
Washington Wizards,2015-12-19,Charlotte Hornets,train
New York Knicks,2015-12-19,Chicago Bulls,train
Memphis Grizzlies,2015-12-19,Indiana Pacers,train
Houston Rockets,2015-12-19,LA Clippers,train
Denver Nuggets,2015-12-20,New Orleans Pelicans,train
Toronto Raptors,2015-12-20,Sacramento Kings,train
Orlando Magic,2015-12-20,Atlanta Hawks,train
Brooklyn Nets,2015-12-20,Minnesota Timberwolves,train
Cleveland Cavaliers,2015-12-20,Philadelphia 76ers,train
Miami Heat,2015-12-20,Portland Trail Blazers,train
Phoenix Suns,2015-12-20,Milwaukee Bucks,train
San Antonio Spurs,2015-12-21,Indiana Pacers,train
LA Clippers,2015-12-21,Oklahoma City Thunder,train
Utah Jazz,2015-12-21,Phoenix Suns,train
Houston Rockets,2015-12-21,Charlotte Hornets,train
Washington Wizards,2015-12-21,Sacramento Kings,train
Chicago Bulls,2015-12-21,Brooklyn Nets,train
New York Knicks,2015-12-21,Orlando Magic,train
Boston Celtics,2015-12-21,Minnesota Timberwolves,train
Atlanta Hawks,2015-12-21,Portland Trail Blazers,train
Philadelphia 76ers,2015-12-22,Memphis Grizzlies,train
Toronto Raptors,2015-12-22,Dallas Mavericks,train
Miami Heat,2015-12-22,Detroit Pistons,train
Denver Nuggets,2015-12-22,Los Angeles Lakers,train
Milwaukee Bucks,2015-12-23,Philadelphia 76ers,train
Los Angeles Lakers,2015-12-23,Oklahoma City Thunder,train
Golden State Warriors,2015-12-23,Utah Jazz,train
Phoenix Suns,2015-12-23,Denver Nuggets,train
Atlanta Hawks,2015-12-23,Detroit Pistons,train
New Orleans Pelicans,2015-12-23,Portland Trail Blazers,train
Indiana Pacers,2015-12-23,Sacramento Kings,train
Brooklyn Nets,2015-12-23,Dallas Mavericks,train
Cleveland Cavaliers,2015-12-23,New York Knicks,train
Charlotte Hornets,2015-12-23,Boston Celtics,train
Minnesota Timberwolves,2015-12-23,San Antonio Spurs,train
Washington Wizards,2015-12-23,Memphis Grizzlies,train
Orlando Magic,2015-12-23,Houston Rockets,train
Miami Heat,2015-12-25,New Orleans Pelicans,train
Oklahoma City Thunder,2015-12-25,Chicago Bulls,train
Houston Rockets,2015-12-25,San Antonio Spurs,train
Los Angeles Lakers,2015-12-25,LA Clippers,train
Golden State Warriors,2015-12-25,Cleveland Cavaliers,train
Portland Trail Blazers,2015-12-26,Cleveland Cavaliers,train
Minnesota Timberwolves,2015-12-26,Indiana Pacers,train
Utah Jazz,2015-12-26,LA Clippers,train
Phoenix Suns,2015-12-26,Philadelphia 76ers,train
San Antonio Spurs,2015-12-26,Denver Nuggets,train
Dallas Mavericks,2015-12-26,Chicago Bulls,train
Detroit Pistons,2015-12-26,Boston Celtics,train
Orlando Magic,2015-12-26,Miami Heat,train
Charlotte Hornets,2015-12-26,Memphis Grizzlies,train
New Orleans Pelicans,2015-12-26,Houston Rockets,train
Milwaukee Bucks,2015-12-26,Toronto Raptors,train
Brooklyn Nets,2015-12-26,Washington Wizards,train
Atlanta Hawks,2015-12-26,New York Knicks,train
Memphis Grizzlies,2015-12-27,Los Angeles Lakers,train
Boston Celtics,2015-12-27,New York Knicks,train
Oklahoma City Thunder,2015-12-27,Denver Nuggets,train
Sacramento Kings,2015-12-27,Portland Trail Blazers,train
Dallas Mavericks,2015-12-28,Milwaukee Bucks,train
Golden State Warriors,2015-12-28,Sacramento Kings,train
Phoenix Suns,2015-12-28,Cleveland Cavaliers,train
Utah Jazz,2015-12-28,Philadelphia 76ers,train
San Antonio Spurs,2015-12-28,Minnesota Timberwolves,train
Washington Wizards,2015-12-28,LA Clippers,train
Miami Heat,2015-12-28,Brooklyn Nets,train
Chicago Bulls,2015-12-28,Toronto Raptors,train
Charlotte Hornets,2015-12-28,Los Angeles Lakers,train
Indiana Pacers,2015-12-28,Atlanta Hawks,train
Orlando Magic,2015-12-28,New Orleans Pelicans,train
New York Knicks,2015-12-29,Detroit Pistons,train
Memphis Grizzlies,2015-12-29,Miami Heat,train
Oklahoma City Thunder,2015-12-29,Milwaukee Bucks,train
Houston Rockets,2015-12-29,Atlanta Hawks,train
Denver Nuggets,2015-12-29,Cleveland Cavaliers,train
Sacramento Kings,2015-12-30,Philadelphia 76ers,train
Portland Trail Blazers,2015-12-30,Denver Nuggets,train
Dallas Mavericks,2015-12-30,Golden State Warriors,train
Minnesota Timberwolves,2015-12-30,Utah Jazz,train
San Antonio Spurs,2015-12-30,Phoenix Suns,train
Toronto Raptors,2015-12-30,Washington Wizards,train
Boston Celtics,2015-12-30,Los Angeles Lakers,train
Chicago Bulls,2015-12-30,Indiana Pacers,train
Charlotte Hornets,2015-12-30,LA Clippers,train
Orlando Magic,2015-12-30,Brooklyn Nets,train
New Orleans Pelicans,2015-12-31,LA Clippers,train
Oklahoma City Thunder,2015-12-31,Phoenix Suns,train
Utah Jazz,2015-12-31,Portland Trail Blazers,train
Detroit Pistons,2015-12-31,Minnesota Timberwolves,train
Indiana Pacers,2015-12-31,Milwaukee Bucks,train
Houston Rockets,2015-12-31,Golden State Warriors,train
Washington Wizards,2016-01-01,Orlando Magic,train
Miami Heat,2016-01-01,Dallas Mavericks,train
Toronto Raptors,2016-01-01,Charlotte Hornets,train
Chicago Bulls,2016-01-01,New York Knicks,train
Los Angeles Lakers,2016-01-01,Philadelphia 76ers,train
San Antonio Spurs,2016-01-02,Houston Rockets,train
Golden State Warriors,2016-01-02,Denver Nuggets,train
LA Clippers,2016-01-02,Philadelphia 76ers,train
Utah Jazz,2016-01-02,Memphis Grizzlies,train
Dallas Mavericks,2016-01-02,New Orleans Pelicans,train
Sacramento Kings,2016-01-02,Phoenix Suns,train
Cleveland Cavaliers,2016-01-02,Orlando Magic,train
Charlotte Hornets,2016-01-02,Oklahoma City Thunder,train
Indiana Pacers,2016-01-02,Detroit Pistons,train
Boston Celtics,2016-01-02,Brooklyn Nets,train
Minnesota Timberwolves,2016-01-02,Milwaukee Bucks,train
New York Knicks,2016-01-03,Atlanta Hawks,train
Toronto Raptors,2016-01-03,Chicago Bulls,train
Washington Wizards,2016-01-03,Miami Heat,train
Denver Nuggets,2016-01-03,Portland Trail Blazers,train
Los Angeles Lakers,2016-01-03,Phoenix Suns,train
Golden State Warriors,2016-01-04,Charlotte Hornets,train
Portland Trail Blazers,2016-01-04,Memphis Grizzlies,train
Utah Jazz,2016-01-04,Houston Rockets,train
Oklahoma City Thunder,2016-01-04,Sacramento Kings,train
Milwaukee Bucks,2016-01-04,San Antonio Spurs,train
Brooklyn Nets,2016-01-04,Boston Celtics,train
Miami Heat,2016-01-04,Indiana Pacers,train
Cleveland Cavaliers,2016-01-04,Toronto Raptors,train
Philadelphia 76ers,2016-01-04,Minnesota Timberwolves,train
Detroit Pistons,2016-01-04,Orlando Magic,train
Atlanta Hawks,2016-01-05,New York Knicks,train
Chicago Bulls,2016-01-05,Milwaukee Bucks,train
Dallas Mavericks,2016-01-05,Sacramento Kings,train
Los Angeles Lakers,2016-01-05,Golden State Warriors,train
San Antonio Spurs,2016-01-06,Utah Jazz,train
Portland Trail Blazers,2016-01-06,LA Clippers,train
Oklahoma City Thunder,2016-01-06,Memphis Grizzlies,train
Phoenix Suns,2016-01-06,Charlotte Hornets,train
Minnesota Timberwolves,2016-01-06,Denver Nuggets,train
Orlando Magic,2016-01-06,Indiana Pacers,train
Boston Celtics,2016-01-06,Detroit Pistons,train
Brooklyn Nets,2016-01-06,Toronto Raptors,train
Washington Wizards,2016-01-06,Cleveland Cavaliers,train
Miami Heat,2016-01-06,New York Knicks,train
New Orleans Pelicans,2016-01-06,Dallas Mavericks,train
Philadelphia 76ers,2016-01-07,Atlanta Hawks,train
Chicago Bulls,2016-01-07,Boston Celtics,train
Houston Rockets,2016-01-07,Utah Jazz,train
Sacramento Kings,2016-01-07,Los Angeles Lakers,train
Los Angeles Lakers,2016-01-08,Oklahoma City Thunder,train
Portland Trail Blazers,2016-01-08,Golden State Warriors,train
Phoenix Suns,2016-01-08,Miami Heat,train
San Antonio Spurs,2016-01-08,New York Knicks,train
Memphis Grizzlies,2016-01-08,Denver Nuggets,train
Minnesota Timberwolves,2016-01-08,Cleveland Cavaliers,train
New Orleans Pelicans,2016-01-08,Indiana Pacers,train
Brooklyn Nets,2016-01-08,Orlando Magic,train
Washington Wizards,2016-01-08,Toronto Raptors,train
Milwaukee Bucks,2016-01-08,Dallas Mavericks,train
LA Clippers,2016-01-09,Charlotte Hornets,train
Atlanta Hawks,2016-01-09,Chicago Bulls,train
Orlando Magic,2016-01-09,Washington Wizards,train
Detroit Pistons,2016-01-09,Brooklyn Nets,train
Philadelphia 76ers,2016-01-09,Toronto Raptors,train
Utah Jazz,2016-01-09,Miami Heat,train
Sacramento Kings,2016-01-09,Golden State Warriors,train
New York Knicks,2016-01-10,Milwaukee Bucks,train
Los Angeles Lakers,2016-01-10,Utah Jazz,train
Portland Trail Blazers,2016-01-10,Oklahoma City Thunder,train
Houston Rockets,2016-01-10,Indiana Pacers,train
Denver Nuggets,2016-01-10,Charlotte Hornets,train
Philadelphia 76ers,2016-01-10,Cleveland Cavaliers,train
Memphis Grizzlies,2016-01-10,Boston Celtics,train
LA Clippers,2016-01-10,New Orleans Pelicans,train
Minnesota Timberwolves,2016-01-10,Dallas Mavericks,train
Brooklyn Nets,2016-01-11,San Antonio Spurs,train
Chicago Bulls,2016-01-11,Washington Wizards,train
Golden State Warriors,2016-01-11,Miami Heat,train
Los Angeles Lakers,2016-01-12,New Orleans Pelicans,train
Dallas Mavericks,2016-01-12,Cleveland Cavaliers,train
Minnesota Timberwolves,2016-01-12,Oklahoma City Thunder,train
Milwaukee Bucks,2016-01-12,Chicago Bulls,train
Detroit Pistons,2016-01-12,San Antonio Spurs,train
New York Knicks,2016-01-12,Boston Celtics,train
Indiana Pacers,2016-01-12,Phoenix Suns,train
Memphis Grizzlies,2016-01-12,Houston Rockets,train
Denver Nuggets,2016-01-13,Golden State Warriors,train
Portland Trail Blazers,2016-01-13,Utah Jazz,train
Sacramento Kings,2016-01-13,New Orleans Pelicans,train
LA Clippers,2016-01-13,Miami Heat,train
Houston Rockets,2016-01-13,Minnesota Timberwolves,train
Brooklyn Nets,2016-01-13,New York Knicks,train
Boston Celtics,2016-01-13,Indiana Pacers,train
Washington Wizards,2016-01-13,Milwaukee Bucks,train
Charlotte Hornets,2016-01-13,Atlanta Hawks,train
Oklahoma City Thunder,2016-01-13,Dallas Mavericks,train
Orlando Magic,2016-01-14,Toronto Raptors,train
Philadelphia 76ers,2016-01-14,Chicago Bulls,train
Memphis Grizzlies,2016-01-14,Detroit Pistons,train
San Antonio Spurs,2016-01-14,Cleveland Cavaliers,train
Utah Jazz,2016-01-14,Sacramento Kings,train
Golden State Warriors,2016-01-14,Los Angeles Lakers,train
New Orleans Pelicans,2016-01-15,Charlotte Hornets,train
Denver Nuggets,2016-01-15,Miami Heat,train
Houston Rockets,2016-01-15,Cleveland Cavaliers,train
Milwaukee Bucks,2016-01-15,Atlanta Hawks,train
Oklahoma City Thunder,2016-01-15,Minnesota Timberwolves,train
Brooklyn Nets,2016-01-15,Portland Trail Blazers,train
Indiana Pacers,2016-01-15,Washington Wizards,train
Chicago Bulls,2016-01-15,Dallas Mavericks,train
Boston Celtics,2016-01-15,Phoenix Suns,train
Washington Wizards,2016-01-16,Boston Celtics,train
Charlotte Hornets,2016-01-16,Milwaukee Bucks,train
Atlanta Hawks,2016-01-16,Brooklyn Nets,train
Philadelphia 76ers,2016-01-16,Portland Trail Blazers,train
Detroit Pistons,2016-01-16,Golden State Warriors,train
Memphis Grizzlies,2016-01-16,New York Knicks,train
Utah Jazz,2016-01-16,Los Angeles Lakers,train
LA Clippers,2016-01-16,Sacramento Kings,train
Denver Nuggets,2016-01-17,Indiana Pacers,train
Los Angeles Lakers,2016-01-17,Houston Rockets,train
San Antonio Spurs,2016-01-17,Dallas Mavericks,train
Minnesota Timberwolves,2016-01-17,Phoenix Suns,train
Oklahoma City Thunder,2016-01-17,Miami Heat,train
LA Clippers,2016-01-18,Houston Rockets,train
New York Knicks,2016-01-18,Philadelphia 76ers,train
Charlotte Hornets,2016-01-18,Utah Jazz,train
Washington Wizards,2016-01-18,Portland Trail Blazers,train
Memphis Grizzlies,2016-01-18,New Orleans Pelicans,train
Detroit Pistons,2016-01-18,Chicago Bulls,train
Atlanta Hawks,2016-01-18,Orlando Magic,train
Toronto Raptors,2016-01-18,Brooklyn Nets,train
Cleveland Cavaliers,2016-01-18,Golden State Warriors,train
Dallas Mavericks,2016-01-18,Boston Celtics,train
Denver Nuggets,2016-01-19,Oklahoma City Thunder,train
Phoenix Suns,2016-01-19,Indiana Pacers,train
Miami Heat,2016-01-19,Milwaukee Bucks,train
New Orleans Pelicans,2016-01-19,Minnesota Timberwolves,train
Orlando Magic,2016-01-20,Philadelphia 76ers,train
Washington Wizards,2016-01-20,Miami Heat,train
Toronto Raptors,2016-01-20,Boston Celtics,train
Brooklyn Nets,2016-01-20,Cleveland Cavaliers,train
New York Knicks,2016-01-20,Utah Jazz,train
Houston Rockets,2016-01-20,Detroit Pistons,train
Chicago Bulls,2016-01-20,Golden State Warriors,train
Oklahoma City Thunder,2016-01-20,Charlotte Hornets,train
Dallas Mavericks,2016-01-20,Minnesota Timberwolves,train
Los Angeles Lakers,2016-01-20,Sacramento Kings,train
Portland Trail Blazers,2016-01-20,Atlanta Hawks,train
Phoenix Suns,2016-01-21,San Antonio Spurs,train
Sacramento Kings,2016-01-21,Atlanta Hawks,train
Denver Nuggets,2016-01-21,Memphis Grizzlies,train
New Orleans Pelicans,2016-01-21,Detroit Pistons,train
Cleveland Cavaliers,2016-01-21,LA Clippers,train
Orlando Magic,2016-01-22,Charlotte Hornets,train
Brooklyn Nets,2016-01-22,Utah Jazz,train
Boston Celtics,2016-01-22,Chicago Bulls,train
New York Knicks,2016-01-22,LA Clippers,train
Houston Rockets,2016-01-22,Milwaukee Bucks,train
Toronto Raptors,2016-01-22,Miami Heat,train
Dallas Mavericks,2016-01-22,Oklahoma City Thunder,train
Golden State Warriors,2016-01-22,Indiana Pacers,train
Los Angeles Lakers,2016-01-22,San Antonio Spurs,train
Denver Nuggets,2016-01-23,Detroit Pistons,train
Portland Trail Blazers,2016-01-23,Los Angeles Lakers,train
Sacramento Kings,2016-01-23,Indiana Pacers,train
Phoenix Suns,2016-01-23,Atlanta Hawks,train
Charlotte Hornets,2016-01-23,New York Knicks,train
Minnesota Timberwolves,2016-01-23,Memphis Grizzlies,train
New Orleans Pelicans,2016-01-23,Milwaukee Bucks,train
Cleveland Cavaliers,2016-01-23,Chicago Bulls,train
Philadelphia 76ers,2016-01-24,Boston Celtics,train
Houston Rockets,2016-01-24,Dallas Mavericks,train
Brooklyn Nets,2016-01-24,Oklahoma City Thunder,train
Toronto Raptors,2016-01-24,LA Clippers,train
Golden State Warriors,2016-01-25,San Antonio Spurs,train
Sacramento Kings,2016-01-25,Charlotte Hornets,train
Denver Nuggets,2016-01-25,Atlanta Hawks,train
Utah Jazz,2016-01-25,Detroit Pistons,train
Memphis Grizzlies,2016-01-25,Orlando Magic,train
Chicago Bulls,2016-01-25,Miami Heat,train
Washington Wizards,2016-01-25,Boston Celtics,train
Cleveland Cavaliers,2016-01-25,Minnesota Timberwolves,train
New Orleans Pelicans,2016-01-25,Houston Rockets,train
Milwaukee Bucks,2016-01-26,Orlando Magic,train
Los Angeles Lakers,2016-01-26,Dallas Mavericks,train
Portland Trail Blazers,2016-01-26,Sacramento Kings,train
New York Knicks,2016-01-26,Oklahoma City Thunder,train
Philadelphia 76ers,2016-01-26,Phoenix Suns,train
Toronto Raptors,2016-01-26,Washington Wizards,train
Indiana Pacers,2016-01-26,LA Clippers,train
Brooklyn Nets,2016-01-26,Miami Heat,train
Cleveland Cavaliers,2016-01-27,Phoenix Suns,train
Boston Celtics,2016-01-27,Denver Nuggets,train
Detroit Pistons,2016-01-27,Philadelphia 76ers,train
San Antonio Spurs,2016-01-27,Houston Rockets,train
Atlanta Hawks,2016-01-27,LA Clippers,train
Minnesota Timberwolves,2016-01-27,Oklahoma City Thunder,train
Utah Jazz,2016-01-27,Charlotte Hornets,train
Golden State Warriors,2016-01-27,Dallas Mavericks,train
New Orleans Pelicans,2016-01-28,Sacramento Kings,train
Los Angeles Lakers,2016-01-28,Chicago Bulls,train
Toronto Raptors,2016-01-28,New York Knicks,train
Washington Wizards,2016-01-28,Denver Nuggets,train
Indiana Pacers,2016-01-28,Atlanta Hawks,train
Memphis Grizzlies,2016-01-28,Milwaukee Bucks,train
New York Knicks,2016-01-29,Phoenix Suns,train
Detroit Pistons,2016-01-29,Cleveland Cavaliers,train
Boston Celtics,2016-01-29,Orlando Magic,train
Milwaukee Bucks,2016-01-29,Miami Heat,train
Oklahoma City Thunder,2016-01-29,Houston Rockets,train
Dallas Mavericks,2016-01-29,Brooklyn Nets,train
Utah Jazz,2016-01-29,Minnesota Timberwolves,train
Portland Trail Blazers,2016-01-29,Charlotte Hornets,train
LA Clippers,2016-01-29,Los Angeles Lakers,train
Cleveland Cavaliers,2016-01-30,San Antonio Spurs,train
Memphis Grizzlies,2016-01-30,Sacramento Kings,train
Houston Rockets,2016-01-30,Washington Wizards,train
New Orleans Pelicans,2016-01-30,Brooklyn Nets,train
Toronto Raptors,2016-01-30,Detroit Pistons,train
Philadelphia 76ers,2016-01-30,Golden State Warriors,train
Indiana Pacers,2016-01-30,Denver Nuggets,train
LA Clippers,2016-01-31,Chicago Bulls,train
Orlando Magic,2016-01-31,Boston Celtics,train
Miami Heat,2016-01-31,Atlanta Hawks,train
Dallas Mavericks,2016-01-31,Phoenix Suns,train
New York Knicks,2016-01-31,Golden State Warriors,train
Portland Trail Blazers,2016-01-31,Minnesota Timberwolves,train
Los Angeles Lakers,2016-01-31,Charlotte Hornets,train
Utah Jazz,2016-02-01,Chicago Bulls,train
Sacramento Kings,2016-02-01,Milwaukee Bucks,train
Denver Nuggets,2016-02-01,Toronto Raptors,train
San Antonio Spurs,2016-02-01,Orlando Magic,train
Brooklyn Nets,2016-02-01,Detroit Pistons,train
New Orleans Pelicans,2016-02-01,Memphis Grizzlies,train
Indiana Pacers,2016-02-01,Cleveland Cavaliers,train
Oklahoma City Thunder,2016-02-01,Washington Wizards,train
Atlanta Hawks,2016-02-01,Dallas Mavericks,train
New York Knicks,2016-02-02,Boston Celtics,train
Houston Rockets,2016-02-02,Miami Heat,train
Phoenix Suns,2016-02-02,Toronto Raptors,train
Portland Trail Blazers,2016-02-02,Milwaukee Bucks,train
Los Angeles Lakers,2016-02-02,Minnesota Timberwolves,train
LA Clippers,2016-02-03,Minnesota Timberwolves,train
Sacramento Kings,2016-02-03,Chicago Bulls,train
Utah Jazz,2016-02-03,Denver Nuggets,train
San Antonio Spurs,2016-02-03,New Orleans Pelicans,train
Washington Wizards,2016-02-03,Golden State Warriors,train
Dallas Mavericks,2016-02-03,Miami Heat,train
Boston Celtics,2016-02-03,Detroit Pistons,train
Brooklyn Nets,2016-02-03,Indiana Pacers,train
Philadelphia 76ers,2016-02-03,Atlanta Hawks,train
Charlotte Hornets,2016-02-03,Cleveland Cavaliers,train
Oklahoma City Thunder,2016-02-03,Orlando Magic,train
Detroit Pistons,2016-02-04,New York Knicks,train
New Orleans Pelicans,2016-02-04,Los Angeles Lakers,train
Portland Trail Blazers,2016-02-04,Toronto Raptors,train
Phoenix Suns,2016-02-04,Houston Rockets,train
Dallas Mavericks,2016-02-05,San Antonio Spurs,train
Denver Nuggets,2016-02-05,Chicago Bulls,train
Utah Jazz,2016-02-05,Milwaukee Bucks,train
Brooklyn Nets,2016-02-05,Sacramento Kings,train
New York Knicks,2016-02-05,Memphis Grizzlies,train
Orlando Magic,2016-02-05,LA Clippers,train
Washington Wizards,2016-02-05,Philadelphia 76ers,train
Atlanta Hawks,2016-02-05,Indiana Pacers,train
Charlotte Hornets,2016-02-05,Miami Heat,train
Cleveland Cavaliers,2016-02-05,Boston Celtics,train
Golden State Warriors,2016-02-06,Oklahoma City Thunder,train
Phoenix Suns,2016-02-06,Utah Jazz,train
San Antonio Spurs,2016-02-06,Los Angeles Lakers,train
Minnesota Timberwolves,2016-02-06,Chicago Bulls,train
Memphis Grizzlies,2016-02-06,Dallas Mavericks,train
Cleveland Cavaliers,2016-02-06,New Orleans Pelicans,train
Indiana Pacers,2016-02-06,Detroit Pistons,train
Charlotte Hornets,2016-02-06,Washington Wizards,train
Houston Rockets,2016-02-06,Portland Trail Blazers,train
Philadelphia 76ers,2016-02-06,Brooklyn Nets,train
Miami Heat,2016-02-07,LA Clippers,train
Orlando Magic,2016-02-07,Atlanta Hawks,train
Boston Celtics,2016-02-07,Sacramento Kings,train
New York Knicks,2016-02-07,Denver Nuggets,train
Charlotte Hornets,2016-02-08,Chicago Bulls,train
Cleveland Cavaliers,2016-02-08,Sacramento Kings,train
Philadelphia 76ers,2016-02-08,LA Clippers,train
Indiana Pacers,2016-02-08,Los Angeles Lakers,train
Brooklyn Nets,2016-02-08,Denver Nuggets,train
Detroit Pistons,2016-02-08,Toronto Raptors,train
Minnesota Timberwolves,2016-02-08,New Orleans Pelicans,train
Atlanta Hawks,2016-02-08,Orlando Magic,train
Memphis Grizzlies,2016-02-08,Portland Trail Blazers,train
Phoenix Suns,2016-02-08,Oklahoma City Thunder,train
Dallas Mavericks,2016-02-09,Utah Jazz,train
Milwaukee Bucks,2016-02-09,Boston Celtics,train
Golden State Warriors,2016-02-09,Houston Rockets,train
Miami Heat,2016-02-09,San Antonio Spurs,train
New York Knicks,2016-02-09,Washington Wizards,train
Orlando Magic,2016-02-10,San Antonio Spurs,train
Phoenix Suns,2016-02-10,Golden State Warriors,train
Minnesota Timberwolves,2016-02-10,Toronto Raptors,train
Chicago Bulls,2016-02-10,Atlanta Hawks,train
New Orleans Pelicans,2016-02-10,Utah Jazz,train
Cleveland Cavaliers,2016-02-10,Los Angeles Lakers,train
Portland Trail Blazers,2016-02-10,Houston Rockets,train
Brooklyn Nets,2016-02-10,Memphis Grizzlies,train
Detroit Pistons,2016-02-10,Denver Nuggets,train
Indiana Pacers,2016-02-10,Charlotte Hornets,train
Philadelphia 76ers,2016-02-10,Sacramento Kings,train
Boston Celtics,2016-02-10,LA Clippers,train
Oklahoma City Thunder,2016-02-11,New Orleans Pelicans,train
Milwaukee Bucks,2016-02-11,Washington Wizards,train
Cleveland Cavaliers,2016-02-18,Chicago Bulls,train
LA Clippers,2016-02-18,San Antonio Spurs,train
Washington Wizards,2016-02-18,Utah Jazz,train
Chicago Bulls,2016-02-19,Toronto Raptors,train
Portland Trail Blazers,2016-02-19,Golden State Warriors,train
Sacramento Kings,2016-02-19,Denver Nuggets,train
Phoenix Suns,2016-02-19,Houston Rockets,train
Milwaukee Bucks,2016-02-19,Charlotte Hornets,train
Memphis Grizzlies,2016-02-19,Minnesota Timberwolves,train
Utah Jazz,2016-02-19,Boston Celtics,train
Atlanta Hawks,2016-02-19,Miami Heat,train
Oklahoma City Thunder,2016-02-19,Indiana Pacers,train
Washington Wizards,2016-02-19,Detroit Pistons,train
Los Angeles Lakers,2016-02-19,San Antonio Spurs,train
Brooklyn Nets,2016-02-19,New York Knicks,train
Orlando Magic,2016-02-19,Dallas Mavericks,train
New Orleans Pelicans,2016-02-19,Philadelphia 76ers,train
Miami Heat,2016-02-20,Washington Wizards,train
Atlanta Hawks,2016-02-20,Milwaukee Bucks,train
Minnesota Timberwolves,2016-02-20,New York Knicks,train
LA Clippers,2016-02-20,Golden State Warriors,train
Chicago Bulls,2016-02-21,Los Angeles Lakers,train
Brooklyn Nets,2016-02-21,Charlotte Hornets,train
Toronto Raptors,2016-02-21,Memphis Grizzlies,train
Orlando Magic,2016-02-21,Indiana Pacers,train
Portland Trail Blazers,2016-02-21,Utah Jazz,train
Phoenix Suns,2016-02-21,San Antonio Spurs,train
Denver Nuggets,2016-02-21,Boston Celtics,train
Dallas Mavericks,2016-02-21,Philadelphia 76ers,train
Oklahoma City Thunder,2016-02-21,Cleveland Cavaliers,train
Detroit Pistons,2016-02-21,New Orleans Pelicans,train
LA Clippers,2016-02-22,Phoenix Suns,train
Milwaukee Bucks,2016-02-22,Los Angeles Lakers,train
Minnesota Timberwolves,2016-02-22,Boston Celtics,train
Atlanta Hawks,2016-02-22,Golden State Warriors,train
Miami Heat,2016-02-22,Indiana Pacers,train
Cleveland Cavaliers,2016-02-22,Detroit Pistons,train
New York Knicks,2016-02-22,Toronto Raptors,train
Philadelphia 76ers,2016-02-23,Orlando Magic,train
Washington Wizards,2016-02-23,New Orleans Pelicans,train
Utah Jazz,2016-02-23,Houston Rockets,train
Denver Nuggets,2016-02-23,Sacramento Kings,train
Portland Trail Blazers,2016-02-23,Brooklyn Nets,train
Chicago Bulls,2016-02-24,Washington Wizards,train
LA Clippers,2016-02-24,Denver Nuggets,train
Dallas Mavericks,2016-02-24,Oklahoma City Thunder,train
Sacramento Kings,2016-02-24,San Antonio Spurs,train
Memphis Grizzlies,2016-02-24,Los Angeles Lakers,train
Toronto Raptors,2016-02-24,Minnesota Timberwolves,train
Detroit Pistons,2016-02-24,Philadelphia 76ers,train
Cleveland Cavaliers,2016-02-24,Charlotte Hornets,train
Indiana Pacers,2016-02-24,New York Knicks,train
Miami Heat,2016-02-24,Golden State Warriors,train
Orlando Magic,2016-02-25,Golden State Warriors,train
Boston Celtics,2016-02-25,Milwaukee Bucks,train
New Orleans Pelicans,2016-02-25,Oklahoma City Thunder,train
Phoenix Suns,2016-02-25,Brooklyn Nets,train
Portland Trail Blazers,2016-02-25,Houston Rockets,train
Utah Jazz,2016-02-25,San Antonio Spurs,train
Los Angeles Lakers,2016-02-26,Memphis Grizzlies,train
Sacramento Kings,2016-02-26,LA Clippers,train
Dallas Mavericks,2016-02-26,Denver Nuggets,train
Atlanta Hawks,2016-02-26,Chicago Bulls,train
Toronto Raptors,2016-02-26,Cleveland Cavaliers,train
New York Knicks,2016-02-26,Orlando Magic,train
Indiana Pacers,2016-02-26,Charlotte Hornets,train
Philadelphia 76ers,2016-02-26,Washington Wizards,train
Boston Celtics,2016-02-27,Miami Heat,train
New Orleans Pelicans,2016-02-27,Minnesota Timberwolves,train
Houston Rockets,2016-02-27,San Antonio Spurs,train
Chicago Bulls,2016-02-27,Portland Trail Blazers,train
Milwaukee Bucks,2016-02-27,Detroit Pistons,train
Oklahoma City Thunder,2016-02-27,Golden State Warriors,train
Utah Jazz,2016-02-27,Brooklyn Nets,train
Phoenix Suns,2016-02-27,Memphis Grizzlies,train
New York Knicks,2016-02-28,Miami Heat,train
Orlando Magic,2016-02-28,Philadelphia 76ers,train
Indiana Pacers,2016-02-28,Portland Trail Blazers,train
Dallas Mavericks,2016-02-28,Minnesota Timberwolves,train
Atlanta Hawks,2016-02-28,Charlotte Hornets,train
Washington Wizards,2016-02-28,Cleveland Cavaliers,train
Detroit Pistons,2016-02-28,Toronto Raptors,train
Cleveland Cavaliers,2016-02-29,Indiana Pacers,train
Washington Wizards,2016-02-29,Philadelphia 76ers,train
Boston Celtics,2016-02-29,Utah Jazz,train
Milwaukee Bucks,2016-02-29,Houston Rockets,train
Denver Nuggets,2016-02-29,Memphis Grizzlies,train
Sacramento Kings,2016-02-29,Oklahoma City Thunder,train
LA Clippers,2016-02-29,Brooklyn Nets,train
Golden State Warriors,2016-03-01,Atlanta Hawks,train
Los Angeles Lakers,2016-03-01,Brooklyn Nets,train
Dallas Mavericks,2016-03-01,Orlando Magic,train
Charlotte Hornets,2016-03-01,Phoenix Suns,train
New York Knicks,2016-03-01,Portland Trail Blazers,train
Miami Heat,2016-03-01,Chicago Bulls,train
Milwaukee Bucks,2016-03-02,Indiana Pacers,train
Denver Nuggets,2016-03-02,Los Angeles Lakers,train
LA Clippers,2016-03-02,Oklahoma City Thunder,train
San Antonio Spurs,2016-03-02,Detroit Pistons,train
Minnesota Timberwolves,2016-03-02,Washington Wizards,train
Philadelphia 76ers,2016-03-02,Charlotte Hornets,train
Memphis Grizzlies,2016-03-02,Sacramento Kings,train
Toronto Raptors,2016-03-02,Utah Jazz,train
Boston Celtics,2016-03-02,Portland Trail Blazers,train
Orlando Magic,2016-03-02,Chicago Bulls,train
Houston Rockets,2016-03-02,New Orleans Pelicans,train
Miami Heat,2016-03-03,Phoenix Suns,train
New Orleans Pelicans,2016-03-03,San Antonio Spurs,train
Dallas Mavericks,2016-03-03,Sacramento Kings,train
Golden State Warriors,2016-03-03,Oklahoma City Thunder,train
Memphis Grizzlies,2016-03-04,Utah Jazz,train
Los Angeles Lakers,2016-03-04,Atlanta Hawks,train
Denver Nuggets,2016-03-04,Brooklyn Nets,train
Cleveland Cavaliers,2016-03-04,Washington Wizards,train
Milwaukee Bucks,2016-03-04,Minnesota Timberwolves,train
Toronto Raptors,2016-03-04,Portland Trail Blazers,train
Orlando Magic,2016-03-04,Phoenix Suns,train
Boston Celtics,2016-03-04,New York Knicks,train
Charlotte Hornets,2016-03-04,Indiana Pacers,train
Philadelphia 76ers,2016-03-04,Miami Heat,train
New Orleans Pelicans,2016-03-05,Utah Jazz,train
Cleveland Cavaliers,2016-03-05,Boston Celtics,train
Washington Wizards,2016-03-05,Indiana Pacers,train
New York Knicks,2016-03-05,Detroit Pistons,train
Minnesota Timberwolves,2016-03-05,Brooklyn Nets,train
San Antonio Spurs,2016-03-05,Sacramento Kings,train
Chicago Bulls,2016-03-05,Houston Rockets,train
LA Clippers,2016-03-05,Atlanta Hawks,train
Toronto Raptors,2016-03-06,Houston Rockets,train
Miami Heat,2016-03-06,Philadelphia 76ers,train
Detroit Pistons,2016-03-06,Portland Trail Blazers,train
Milwaukee Bucks,2016-03-06,Oklahoma City Thunder,train
Memphis Grizzlies,2016-03-06,Phoenix Suns,train
Los Angeles Lakers,2016-03-06,Golden State Warriors,train
Denver Nuggets,2016-03-06,Dallas Mavericks,train
Charlotte Hornets,2016-03-07,Minnesota Timberwolves,train
Cleveland Cavaliers,2016-03-07,Memphis Grizzlies,train
Indiana Pacers,2016-03-07,San Antonio Spurs,train
New Orleans Pelicans,2016-03-07,Sacramento Kings,train
Chicago Bulls,2016-03-07,Milwaukee Bucks,train
Dallas Mavericks,2016-03-07,LA Clippers,train
Golden State Warriors,2016-03-07,Orlando Magic,train
Portland Trail Blazers,2016-03-08,Washington Wizards,train
Los Angeles Lakers,2016-03-08,Orlando Magic,train
Denver Nuggets,2016-03-08,New York Knicks,train
Utah Jazz,2016-03-08,Atlanta Hawks,train
Minnesota Timberwolves,2016-03-08,San Antonio Spurs,train
Toronto Raptors,2016-03-08,Brooklyn Nets,train
Milwaukee Bucks,2016-03-09,Miami Heat,train
Charlotte Hornets,2016-03-09,New Orleans Pelicans,train
Philadelphia 76ers,2016-03-09,Houston Rockets,train
Boston Celtics,2016-03-09,Memphis Grizzlies,train
Dallas Mavericks,2016-03-09,Detroit Pistons,train
Oklahoma City Thunder,2016-03-09,LA Clippers,train
Sacramento Kings,2016-03-09,Cleveland Cavaliers,train
Phoenix Suns,2016-03-09,New York Knicks,train
Golden State Warriors,2016-03-09,Utah Jazz,train
Denver Nuggets,2016-03-10,Phoenix Suns,train
Los Angeles Lakers,2016-03-10,Cleveland Cavaliers,train
Toronto Raptors,2016-03-10,Atlanta Hawks,train
San Antonio Spurs,2016-03-10,Chicago Bulls,train
Philadelphia 76ers,2016-03-11,Brooklyn Nets,train
Charlotte Hornets,2016-03-11,Detroit Pistons,train
Boston Celtics,2016-03-11,Houston Rockets,train
Memphis Grizzlies,2016-03-11,New Orleans Pelicans,train
Oklahoma City Thunder,2016-03-11,Minnesota Timberwolves,train
Chicago Bulls,2016-03-11,Miami Heat,train
Utah Jazz,2016-03-11,Washington Wizards,train
Sacramento Kings,2016-03-11,Orlando Magic,train
LA Clippers,2016-03-11,New York Knicks,train
Golden State Warriors,2016-03-11,Portland Trail Blazers,train
San Antonio Spurs,2016-03-12,Oklahoma City Thunder,train
Golden State Warriors,2016-03-12,Phoenix Suns,train
Denver Nuggets,2016-03-12,Washington Wizards,train
Atlanta Hawks,2016-03-12,Memphis Grizzlies,train
Portland Trail Blazers,2016-03-12,Orlando Magic,train
Toronto Raptors,2016-03-12,Miami Heat,train
Charlotte Hornets,2016-03-12,Houston Rockets,train
Philadelphia 76ers,2016-03-12,Detroit Pistons,train
Milwaukee Bucks,2016-03-12,New Orleans Pelicans,train
Dallas Mavericks,2016-03-12,Indiana Pacers,train
LA Clippers,2016-03-13,Cleveland Cavaliers,train
Atlanta Hawks,2016-03-13,Indiana Pacers,train
Sacramento Kings,2016-03-13,Utah Jazz,train
Brooklyn Nets,2016-03-13,Milwaukee Bucks,train
Los Angeles Lakers,2016-03-13,New York Knicks,train
Phoenix Suns,2016-03-14,Minnesota Timberwolves,train
Utah Jazz,2016-03-14,Cleveland Cavaliers,train
Oklahoma City Thunder,2016-03-14,Portland Trail Blazers,train
Houston Rockets,2016-03-14,Memphis Grizzlies,train
Golden State Warriors,2016-03-14,New Orleans Pelicans,train
Miami Heat,2016-03-14,Denver Nuggets,train
Charlotte Hornets,2016-03-14,Dallas Mavericks,train
Washington Wizards,2016-03-14,Detroit Pistons,train
Toronto Raptors,2016-03-14,Chicago Bulls,train
Indiana Pacers,2016-03-15,Boston Celtics,train
Orlando Magic,2016-03-15,Denver Nuggets,train
Brooklyn Nets,2016-03-15,Philadelphia 76ers,train
Milwaukee Bucks,2016-03-15,Toronto Raptors,train
San Antonio Spurs,2016-03-15,LA Clippers,train
Los Angeles Lakers,2016-03-15,Sacramento Kings,train
Golden State Warriors,2016-03-16,New York Knicks,train
Sacramento Kings,2016-03-16,New Orleans Pelicans,train
Houston Rockets,2016-03-16,LA Clippers,train
Memphis Grizzlies,2016-03-16,Minnesota Timberwolves,train
Cleveland Cavaliers,2016-03-16,Dallas Mavericks,train
Boston Celtics,2016-03-16,Oklahoma City Thunder,train
Washington Wizards,2016-03-16,Chicago Bulls,train
Charlotte Hornets,2016-03-16,Orlando Magic,train
Detroit Pistons,2016-03-16,Atlanta Hawks,train
Chicago Bulls,2016-03-17,Brooklyn Nets,train
Utah Jazz,2016-03-17,Phoenix Suns,train
San Antonio Spurs,2016-03-17,Portland Trail Blazers,train
Milwaukee Bucks,2016-03-17,Memphis Grizzlies,train
Philadelphia 76ers,2016-03-17,Washington Wizards,train
Miami Heat,2016-03-17,Charlotte Hornets,train
Indiana Pacers,2016-03-17,Toronto Raptors,train
Atlanta Hawks,2016-03-17,Denver Nuggets,train
Philadelphia 76ers,2016-03-18,Oklahoma City Thunder,train
Orlando Magic,2016-03-18,Cleveland Cavaliers,train
Detroit Pistons,2016-03-18,Sacramento Kings,train
Toronto Raptors,2016-03-18,Boston Celtics,train
New Orleans Pelicans,2016-03-18,Portland Trail Blazers,train
Houston Rockets,2016-03-18,Minnesota Timberwolves,train
Dallas Mavericks,2016-03-18,Golden State Warriors,train
Los Angeles Lakers,2016-03-18,Phoenix Suns,train
San Antonio Spurs,2016-03-19,Golden State Warriors,train
Memphis Grizzlies,2016-03-19,LA Clippers,train
Chicago Bulls,2016-03-19,Utah Jazz,train
Atlanta Hawks,2016-03-19,Houston Rockets,train
Washington Wizards,2016-03-19,New York Knicks,train
Detroit Pistons,2016-03-19,Brooklyn Nets,train
Indiana Pacers,2016-03-19,Oklahoma City Thunder,train
Charlotte Hornets,2016-03-19,Denver Nuggets,train
Miami Heat,2016-03-19,Cleveland Cavaliers,train
Dallas Mavericks,2016-03-20,Portland Trail Blazers,train
Toronto Raptors,2016-03-20,Orlando Magic,train
Philadelphia 76ers,2016-03-20,Boston Celtics,train
New Orleans Pelicans,2016-03-20,LA Clippers,train
Milwaukee Bucks,2016-03-20,Utah Jazz,train
New York Knicks,2016-03-20,Sacramento Kings,train
Atlanta Hawks,2016-03-21,Washington Wizards,train
Minnesota Timberwolves,2016-03-21,Golden State Warriors,train
Phoenix Suns,2016-03-21,Memphis Grizzlies,train
Boston Celtics,2016-03-21,Orlando Magic,train
Chicago Bulls,2016-03-21,Sacramento Kings,train
Charlotte Hornets,2016-03-21,San Antonio Spurs,train
Cleveland Cavaliers,2016-03-21,Denver Nuggets,train
Indiana Pacers,2016-03-21,Philadelphia 76ers,train
Detroit Pistons,2016-03-21,Milwaukee Bucks,train
Brooklyn Nets,2016-03-22,Charlotte Hornets,train
Oklahoma City Thunder,2016-03-22,Houston Rockets,train
New Orleans Pelicans,2016-03-22,Miami Heat,train
Los Angeles Lakers,2016-03-22,Memphis Grizzlies,train
Golden State Warriors,2016-03-23,LA Clippers,train
Phoenix Suns,2016-03-23,Los Angeles Lakers,train
Denver Nuggets,2016-03-23,Philadelphia 76ers,train
San Antonio Spurs,2016-03-23,Miami Heat,train
Houston Rockets,2016-03-23,Utah Jazz,train
Portland Trail Blazers,2016-03-23,Dallas Mavericks,train
Cleveland Cavaliers,2016-03-23,Milwaukee Bucks,train
Chicago Bulls,2016-03-23,New York Knicks,train
Detroit Pistons,2016-03-23,Orlando Magic,train
Boston Celtics,2016-03-23,Toronto Raptors,train
Washington Wizards,2016-03-23,Atlanta Hawks,train
Minnesota Timberwolves,2016-03-23,Sacramento Kings,train
Indiana Pacers,2016-03-24,New Orleans Pelicans,train
Brooklyn Nets,2016-03-24,Cleveland Cavaliers,train
New York Knicks,2016-03-24,Chicago Bulls,train
Oklahoma City Thunder,2016-03-24,Utah Jazz,train
LA Clippers,2016-03-24,Portland Trail Blazers,train
Golden State Warriors,2016-03-25,Dallas Mavericks,train
Los Angeles Lakers,2016-03-25,Denver Nuggets,train
Sacramento Kings,2016-03-25,Phoenix Suns,train
San Antonio Spurs,2016-03-25,Memphis Grizzlies,train
Detroit Pistons,2016-03-25,Charlotte Hornets,train
Houston Rockets,2016-03-25,Toronto Raptors,train
Atlanta Hawks,2016-03-25,Milwaukee Bucks,train
Washington Wizards,2016-03-25,Minnesota Timberwolves,train
Miami Heat,2016-03-25,Orlando Magic,train
Oklahoma City Thunder,2016-03-26,San Antonio Spurs,train
Portland Trail Blazers,2016-03-26,Philadelphia 76ers,train
Phoenix Suns,2016-03-26,Boston Celtics,train
Milwaukee Bucks,2016-03-26,Charlotte Hornets,train
Minnesota Timberwolves,2016-03-26,Utah Jazz,train
Brooklyn Nets,2016-03-26,Indiana Pacers,train
Detroit Pistons,2016-03-26,Atlanta Hawks,train
Orlando Magic,2016-03-26,Chicago Bulls,train
New Orleans Pelicans,2016-03-26,Toronto Raptors,train
New York Knicks,2016-03-26,Cleveland Cavaliers,train
LA Clippers,2016-03-27,Denver Nuggets,train
Sacramento Kings,2016-03-27,Dallas Mavericks,train
Indiana Pacers,2016-03-27,Houston Rockets,train
Golden State Warriors,2016-03-27,Philadelphia 76ers,train
Los Angeles Lakers,2016-03-27,Washington Wizards,train
LA Clippers,2016-03-28,Boston Celtics,train
Portland Trail Blazers,2016-03-28,Sacramento Kings,train
Utah Jazz,2016-03-28,Los Angeles Lakers,train
Denver Nuggets,2016-03-28,Dallas Mavericks,train
New Orleans Pelicans,2016-03-28,New York Knicks,train
Chicago Bulls,2016-03-28,Atlanta Hawks,train
Minnesota Timberwolves,2016-03-28,Phoenix Suns,train
Toronto Raptors,2016-03-28,Oklahoma City Thunder,train
Miami Heat,2016-03-28,Brooklyn Nets,train
Memphis Grizzlies,2016-03-28,San Antonio Spurs,train
Orlando Magic,2016-03-29,Brooklyn Nets,train
Indiana Pacers,2016-03-29,Chicago Bulls,train
Philadelphia 76ers,2016-03-29,Charlotte Hornets,train
Detroit Pistons,2016-03-29,Oklahoma City Thunder,train
Cleveland Cavaliers,2016-03-29,Houston Rockets,train
Golden State Warriors,2016-03-29,Washington Wizards,train
Los Angeles Lakers,2016-03-30,Miami Heat,train
Sacramento Kings,2016-03-30,Washington Wizards,train
Utah Jazz,2016-03-30,Golden State Warriors,train
Dallas Mavericks,2016-03-30,New York Knicks,train
Minnesota Timberwolves,2016-03-30,LA Clippers,train
Milwaukee Bucks,2016-03-30,Phoenix Suns,train
Memphis Grizzlies,2016-03-30,Denver Nuggets,train
Toronto Raptors,2016-03-30,Atlanta Hawks,train
San Antonio Spurs,2016-03-30,New Orleans Pelicans,train
Indiana Pacers,2016-03-31,Orlando Magic,train
Cleveland Cavaliers,2016-03-31,Brooklyn Nets,train
Houston Rockets,2016-03-31,Chicago Bulls,train
New Orleans Pelicans,2016-03-31,Denver Nuggets,train
Oklahoma City Thunder,2016-03-31,LA Clippers,train
Portland Trail Blazers,2016-03-31,Boston Celtics,train
Phoenix Suns,2016-04-01,Washington Wizards,train
Golden State Warriors,2016-04-01,Boston Celtics,train
Sacramento Kings,2016-04-01,Miami Heat,train
Utah Jazz,2016-04-01,Minnesota Timberwolves,train
Milwaukee Bucks,2016-04-01,Orlando Magic,train
Memphis Grizzlies,2016-04-01,Toronto Raptors,train
Atlanta Hawks,2016-04-01,Cleveland Cavaliers,train
Detroit Pistons,2016-04-01,Dallas Mavericks,train
New York Knicks,2016-04-01,Brooklyn Nets,train
Charlotte Hornets,2016-04-01,Philadelphia 76ers,train
Philadelphia 76ers,2016-04-02,Indiana Pacers,train
Chicago Bulls,2016-04-02,Detroit Pistons,train
San Antonio Spurs,2016-04-02,Toronto Raptors,train
Denver Nuggets,2016-04-02,Sacramento Kings,train
Portland Trail Blazers,2016-04-02,Miami Heat,train
Golden State Warriors,2016-04-03,Portland Trail Blazers,train
New York Knicks,2016-04-03,Indiana Pacers,train
Los Angeles Lakers,2016-04-03,Boston Celtics,train
Orlando Magic,2016-04-03,Memphis Grizzlies,train
Phoenix Suns,2016-04-03,Utah Jazz,train
Milwaukee Bucks,2016-04-03,Chicago Bulls,train
Houston Rockets,2016-04-03,Oklahoma City Thunder,train
Cleveland Cavaliers,2016-04-03,Charlotte Hornets,train
Minnesota Timberwolves,2016-04-03,Dallas Mavericks,train
Brooklyn Nets,2016-04-03,New Orleans Pelicans,train
LA Clippers,2016-04-03,Washington Wizards,train
LA Clippers,2016-04-05,Los Angeles Lakers,train
Golden State Warriors,2016-04-05,Minnesota Timberwolves,train
Sacramento Kings,2016-04-05,Portland Trail Blazers,train
Denver Nuggets,2016-04-05,Oklahoma City Thunder,train
Utah Jazz,2016-04-05,San Antonio Spurs,train
Memphis Grizzlies,2016-04-05,Chicago Bulls,train
Atlanta Hawks,2016-04-05,Phoenix Suns,train
Toronto Raptors,2016-04-05,Charlotte Hornets,train
Miami Heat,2016-04-05,Detroit Pistons,train
Philadelphia 76ers,2016-04-05,New Orleans Pelicans,train
Milwaukee Bucks,2016-04-05,Cleveland Cavaliers,train
Dallas Mavericks,2016-04-06,Houston Rockets,train
Los Angeles Lakers,2016-04-06,LA Clippers,train
Portland Trail Blazers,2016-04-06,Oklahoma City Thunder,train
New York Knicks,2016-04-06,Charlotte Hornets,train
Washington Wizards,2016-04-06,Brooklyn Nets,train
Orlando Magic,2016-04-06,Detroit Pistons,train
Indiana Pacers,2016-04-06,Cleveland Cavaliers,train
Boston Celtics,2016-04-06,New Orleans Pelicans,train
Houston Rockets,2016-04-07,Phoenix Suns,train
Atlanta Hawks,2016-04-07,Toronto Raptors,train
Miami Heat,2016-04-07,Chicago Bulls,train
Sacramento Kings,2016-04-07,Minnesota Timberwolves,train
Golden State Warriors,2016-04-07,San Antonio Spurs,train
Utah Jazz,2016-04-08,LA Clippers,train
Denver Nuggets,2016-04-08,San Antonio Spurs,train
Dallas Mavericks,2016-04-08,Memphis Grizzlies,train
New Orleans Pelicans,2016-04-08,Los Angeles Lakers,train
Boston Celtics,2016-04-08,Milwaukee Bucks,train
Detroit Pistons,2016-04-08,Washington Wizards,train
Orlando Magic,2016-04-08,Miami Heat,train
Philadelphia 76ers,2016-04-08,New York Knicks,train
Charlotte Hornets,2016-04-08,Brooklyn Nets,train
Toronto Raptors,2016-04-08,Indiana Pacers,train
New Orleans Pelicans,2016-04-09,Phoenix Suns,train
Atlanta Hawks,2016-04-09,Boston Celtics,train
Memphis Grizzlies,2016-04-09,Golden State Warriors,train
Chicago Bulls,2016-04-09,Cleveland Cavaliers,train
Portland Trail Blazers,2016-04-09,Minnesota Timberwolves,train
Sacramento Kings,2016-04-09,Oklahoma City Thunder,train
New York Knicks,2016-04-10,Toronto Raptors,train
San Antonio Spurs,2016-04-10,Golden State Warriors,train
Miami Heat,2016-04-10,Orlando Magic,train
Indiana Pacers,2016-04-10,Brooklyn Nets,train
Philadelphia 76ers,2016-04-10,Milwaukee Bucks,train
Denver Nuggets,2016-04-10,Utah Jazz,train
LA Clippers,2016-04-10,Dallas Mavericks,train
Houston Rockets,2016-04-10,Los Angeles Lakers,train
Washington Wizards,2016-04-10,Charlotte Hornets,train
Orlando Magic,2016-04-11,Milwaukee Bucks,train
Cleveland Cavaliers,2016-04-11,Atlanta Hawks,train
Boston Celtics,2016-04-11,Charlotte Hornets,train
Brooklyn Nets,2016-04-11,Washington Wizards,train
Oklahoma City Thunder,2016-04-11,Los Angeles Lakers,train
New Orleans Pelicans,2016-04-11,Chicago Bulls,train
Minnesota Timberwolves,2016-04-11,Houston Rockets,train
Utah Jazz,2016-04-11,Dallas Mavericks,train
Phoenix Suns,2016-04-11,Sacramento Kings,train
LA Clippers,2016-04-12,Memphis Grizzlies,train
Toronto Raptors,2016-04-12,Philadelphia 76ers,train
San Antonio Spurs,2016-04-12,Oklahoma City Thunder,train
Indiana Pacers,2016-04-12,New York Knicks,train
Detroit Pistons,2016-04-12,Miami Heat,train
Portland Trail Blazers,2016-04-13,Denver Nuggets,train
Phoenix Suns,2016-04-13,LA Clippers,train
Golden State Warriors,2016-04-13,Memphis Grizzlies,train
Los Angeles Lakers,2016-04-13,Utah Jazz,train
Charlotte Hornets,2016-04-13,Orlando Magic,train
Boston Celtics,2016-04-13,Miami Heat,train
Chicago Bulls,2016-04-13,Philadelphia 76ers,train
Cleveland Cavaliers,2016-04-13,Detroit Pistons,train
Washington Wizards,2016-04-13,Atlanta Hawks,train
Brooklyn Nets,2016-04-13,Toronto Raptors,train
Minnesota Timberwolves,2016-04-13,New Orleans Pelicans,train
Dallas Mavericks,2016-04-13,San Antonio Spurs,train
Houston Rockets,2016-04-13,Sacramento Kings,train
Milwaukee Bucks,2016-04-13,Indiana Pacers,train
Oklahoma City Thunder,2016-04-16,Dallas Mavericks,train
Atlanta Hawks,2016-04-16,Boston Celtics,train
Toronto Raptors,2016-04-16,Indiana Pacers,train
Golden State Warriors,2016-04-16,Houston Rockets,train
Cleveland Cavaliers,2016-04-17,Detroit Pistons,train
Miami Heat,2016-04-17,Charlotte Hornets,train
San Antonio Spurs,2016-04-17,Memphis Grizzlies,train
LA Clippers,2016-04-17,Portland Trail Blazers,train
Toronto Raptors,2016-04-18,Indiana Pacers,train
Oklahoma City Thunder,2016-04-18,Dallas Mavericks,train
Golden State Warriors,2016-04-18,Houston Rockets,train
San Antonio Spurs,2016-04-19,Memphis Grizzlies,train
Atlanta Hawks,2016-04-19,Boston Celtics,train
Cleveland Cavaliers,2016-04-20,Detroit Pistons,train
LA Clippers,2016-04-20,Portland Trail Blazers,train
Miami Heat,2016-04-20,Charlotte Hornets,train
Indiana Pacers,2016-04-21,Toronto Raptors,train
Houston Rockets,2016-04-21,Golden State Warriors,train
Dallas Mavericks,2016-04-21,Oklahoma City Thunder,train
Detroit Pistons,2016-04-22,Cleveland Cavaliers,train
Boston Celtics,2016-04-22,Atlanta Hawks,train
Memphis Grizzlies,2016-04-22,San Antonio Spurs,train
Indiana Pacers,2016-04-23,Toronto Raptors,train
Charlotte Hornets,2016-04-23,Miami Heat,train
Dallas Mavericks,2016-04-23,Oklahoma City Thunder,train
Portland Trail Blazers,2016-04-23,LA Clippers,train
Memphis Grizzlies,2016-04-24,San Antonio Spurs,train
Houston Rockets,2016-04-24,Golden State Warriors,train
Boston Celtics,2016-04-24,Atlanta Hawks,train
Detroit Pistons,2016-04-24,Cleveland Cavaliers,train
Charlotte Hornets,2016-04-25,Miami Heat,train
Oklahoma City Thunder,2016-04-25,Dallas Mavericks,train
Portland Trail Blazers,2016-04-25,LA Clippers,train
Toronto Raptors,2016-04-26,Indiana Pacers,train
Atlanta Hawks,2016-04-26,Boston Celtics,train
Miami Heat,2016-04-27,Charlotte Hornets,train
LA Clippers,2016-04-27,Portland Trail Blazers,train
Golden State Warriors,2016-04-27,Houston Rockets,train
Boston Celtics,2016-04-28,Atlanta Hawks,train
Charlotte Hornets,2016-04-29,Miami Heat,train
Indiana Pacers,2016-04-29,Toronto Raptors,train
Portland Trail Blazers,2016-04-29,LA Clippers,train
San Antonio Spurs,2016-04-30,Oklahoma City Thunder,train
Golden State Warriors,2016-05-01,Portland Trail Blazers,train
Toronto Raptors,2016-05-01,Indiana Pacers,train
Miami Heat,2016-05-01,Charlotte Hornets,train
Cleveland Cavaliers,2016-05-02,Atlanta Hawks,train
San Antonio Spurs,2016-05-02,Oklahoma City Thunder,train
Toronto Raptors,2016-05-03,Miami Heat,train
Golden State Warriors,2016-05-03,Portland Trail Blazers,train
Cleveland Cavaliers,2016-05-04,Atlanta Hawks,train
Toronto Raptors,2016-05-05,Miami Heat,train
Atlanta Hawks,2016-05-06,Cleveland Cavaliers,train
Oklahoma City Thunder,2016-05-06,San Antonio Spurs,train
Miami Heat,2016-05-07,Toronto Raptors,train
Portland Trail Blazers,2016-05-07,Golden State Warriors,train
Atlanta Hawks,2016-05-08,Cleveland Cavaliers,train
Oklahoma City Thunder,2016-05-08,San Antonio Spurs,train
Miami Heat,2016-05-09,Toronto Raptors,train
Portland Trail Blazers,2016-05-09,Golden State Warriors,train
San Antonio Spurs,2016-05-10,Oklahoma City Thunder,train
Toronto Raptors,2016-05-11,Miami Heat,train
Golden State Warriors,2016-05-11,Portland Trail Blazers,train
Oklahoma City Thunder,2016-05-12,San Antonio Spurs,train
Miami Heat,2016-05-13,Toronto Raptors,train
Toronto Raptors,2016-05-15,Miami Heat,train
Golden State Warriors,2016-05-16,Oklahoma City Thunder,train
Cleveland Cavaliers,2016-05-17,Toronto Raptors,train
Golden State Warriors,2016-05-18,Oklahoma City Thunder,train
Cleveland Cavaliers,2016-05-19,Toronto Raptors,train
Toronto Raptors,2016-05-21,Cleveland Cavaliers,train
Oklahoma City Thunder,2016-05-22,Golden State Warriors,train
Toronto Raptors,2016-05-23,Cleveland Cavaliers,train
Oklahoma City Thunder,2016-05-24,Golden State Warriors,train
Cleveland Cavaliers,2016-05-25,Toronto Raptors,train
Golden State Warriors,2016-05-26,Oklahoma City Thunder,train
Toronto Raptors,2016-05-27,Cleveland Cavaliers,train
Oklahoma City Thunder,2016-05-28,Golden State Warriors,train
Golden State Warriors,2016-05-30,Oklahoma City Thunder,train
Golden State Warriors,2016-06-02,Cleveland Cavaliers,train
Golden State Warriors,2016-06-05,Cleveland Cavaliers,train
Cleveland Cavaliers,2016-06-08,Golden State Warriors,train
Cleveland Cavaliers,2016-06-10,Golden State Warriors,train
Golden State Warriors,2016-06-13,Cleveland Cavaliers,train
Cleveland Cavaliers,2016-06-16,Golden State Warriors,train
Golden State Warriors,2016-06-19,Cleveland Cavaliers,train
Toronto Raptors,2016-10-28,Cleveland Cavaliers,train
Detroit Pistons,2016-10-28,Orlando Magic,train
Brooklyn Nets,2016-10-28,Indiana Pacers,train
Oklahoma City Thunder,2016-10-28,Phoenix Suns,train
Miami Heat,2016-10-28,Charlotte Hornets,train
Dallas Mavericks,2016-10-28,Houston Rockets,train
Utah Jazz,2016-10-28,Los Angeles Lakers,train
New Orleans Pelicans,2016-10-28,Golden State Warriors,train
Sacramento Kings,2016-10-29,Minnesota Timberwolves,train
San Antonio Spurs,2016-10-29,New Orleans Pelicans,train
Chicago Bulls,2016-10-29,Indiana Pacers,train
Milwaukee Bucks,2016-10-29,Brooklyn Nets,train
Denver Nuggets,2016-10-29,Portland Trail Blazers,train
Cleveland Cavaliers,2016-10-29,Orlando Magic,train
Charlotte Hornets,2016-10-29,Boston Celtics,train
Philadelphia 76ers,2016-10-29,Atlanta Hawks,train
New York Knicks,2016-10-29,Memphis Grizzlies,train
Houston Rockets,2016-10-30,Dallas Mavericks,train
Oklahoma City Thunder,2016-10-30,Los Angeles Lakers,train
Miami Heat,2016-10-30,San Antonio Spurs,train
Memphis Grizzlies,2016-10-30,Washington Wizards,train
Phoenix Suns,2016-10-30,Golden State Warriors,train
LA Clippers,2016-10-30,Utah Jazz,train
Detroit Pistons,2016-10-30,Milwaukee Bucks,train
Toronto Raptors,2016-10-31,Denver Nuggets,train
Brooklyn Nets,2016-10-31,Chicago Bulls,train
Atlanta Hawks,2016-10-31,Sacramento Kings,train
LA Clippers,2016-10-31,Phoenix Suns,train
New Orleans Pelicans,2016-11-01,Milwaukee Bucks,train
Portland Trail Blazers,2016-11-01,Golden State Warriors,train
San Antonio Spurs,2016-11-01,Utah Jazz,train
Minnesota Timberwolves,2016-11-01,Memphis Grizzlies,train
Detroit Pistons,2016-11-01,New York Knicks,train
Philadelphia 76ers,2016-11-01,Orlando Magic,train
Indiana Pacers,2016-11-01,Los Angeles Lakers,train
Cleveland Cavaliers,2016-11-01,Houston Rockets,train
Miami Heat,2016-11-01,Sacramento Kings,train
Brooklyn Nets,2016-11-02,Detroit Pistons,train
Washington Wizards,2016-11-02,Toronto Raptors,train
Charlotte Hornets,2016-11-02,Philadelphia 76ers,train
New York Knicks,2016-11-02,Houston Rockets,train
Atlanta Hawks,2016-11-02,Los Angeles Lakers,train
Memphis Grizzlies,2016-11-02,New Orleans Pelicans,train
Boston Celtics,2016-11-02,Chicago Bulls,train
Utah Jazz,2016-11-02,Dallas Mavericks,train
Phoenix Suns,2016-11-02,Portland Trail Blazers,train
LA Clippers,2016-11-02,Oklahoma City Thunder,train
Cleveland Cavaliers,2016-11-03,Boston Celtics,train
Golden State Warriors,2016-11-03,Oklahoma City Thunder,train
Milwaukee Bucks,2016-11-03,Indiana Pacers,train
Orlando Magic,2016-11-03,Sacramento Kings,train
Minnesota Timberwolves,2016-11-03,Denver Nuggets,train
Los Angeles Lakers,2016-11-04,Golden State Warriors,train
Washington Wizards,2016-11-04,Atlanta Hawks,train
Brooklyn Nets,2016-11-04,Charlotte Hornets,train
Toronto Raptors,2016-11-04,Miami Heat,train
Chicago Bulls,2016-11-04,New York Knicks,train
New Orleans Pelicans,2016-11-04,Phoenix Suns,train
Memphis Grizzlies,2016-11-04,LA Clippers,train
Dallas Mavericks,2016-11-04,Portland Trail Blazers,train
Utah Jazz,2016-11-04,San Antonio Spurs,train
Milwaukee Bucks,2016-11-05,Sacramento Kings,train
Atlanta Hawks,2016-11-05,Houston Rockets,train
San Antonio Spurs,2016-11-05,LA Clippers,train
Indiana Pacers,2016-11-05,Chicago Bulls,train
Orlando Magic,2016-11-05,Washington Wizards,train
Philadelphia 76ers,2016-11-05,Cleveland Cavaliers,train
Detroit Pistons,2016-11-05,Denver Nuggets,train
Oklahoma City Thunder,2016-11-05,Minnesota Timberwolves,train
New York Knicks,2016-11-06,Utah Jazz,train
Memphis Grizzlies,2016-11-06,Portland Trail Blazers,train
Toronto Raptors,2016-11-06,Sacramento Kings,train
Dallas Mavericks,2016-11-06,Milwaukee Bucks,train
Boston Celtics,2016-11-06,Denver Nuggets,train
Los Angeles Lakers,2016-11-06,Phoenix Suns,train
Golden State Warriors,2016-11-07,New Orleans Pelicans,train
LA Clippers,2016-11-07,Detroit Pistons,train
Oklahoma City Thunder,2016-11-07,Miami Heat,train
Chicago Bulls,2016-11-07,Orlando Magic,train
Washington Wizards,2016-11-07,Houston Rockets,train
Charlotte Hornets,2016-11-07,Indiana Pacers,train
Philadelphia 76ers,2016-11-07,Utah Jazz,train
Cleveland Cavaliers,2016-11-08,Atlanta Hawks,train
Brooklyn Nets,2016-11-08,Minnesota Timberwolves,train
Memphis Grizzlies,2016-11-08,Denver Nuggets,train
Portland Trail Blazers,2016-11-08,Phoenix Suns,train
Sacramento Kings,2016-11-08,New Orleans Pelicans,train
Los Angeles Lakers,2016-11-08,Dallas Mavericks,train
Oklahoma City Thunder,2016-11-09,Toronto Raptors,train
Golden State Warriors,2016-11-09,Dallas Mavericks,train
San Antonio Spurs,2016-11-09,Houston Rockets,train
Phoenix Suns,2016-11-09,Detroit Pistons,train
Atlanta Hawks,2016-11-09,Chicago Bulls,train
LA Clippers,2016-11-09,Portland Trail Blazers,train
Charlotte Hornets,2016-11-09,Utah Jazz,train
Washington Wizards,2016-11-09,Boston Celtics,train
New York Knicks,2016-11-09,Brooklyn Nets,train
Indiana Pacers,2016-11-09,Philadelphia 76ers,train
Orlando Magic,2016-11-09,Minnesota Timberwolves,train
Milwaukee Bucks,2016-11-10,New Orleans Pelicans,train
Miami Heat,2016-11-10,Chicago Bulls,train
Denver Nuggets,2016-11-10,Golden State Warriors,train
Sacramento Kings,2016-11-10,Los Angeles Lakers,train
Portland Trail Blazers,2016-11-11,Sacramento Kings,train
San Antonio Spurs,2016-11-11,Detroit Pistons,train
Oklahoma City Thunder,2016-11-11,LA Clippers,train
Boston Celtics,2016-11-11,New York Knicks,train
Orlando Magic,2016-11-11,Utah Jazz,train
Washington Wizards,2016-11-11,Cleveland Cavaliers,train
Philadelphia 76ers,2016-11-11,Indiana Pacers,train
Charlotte Hornets,2016-11-11,Toronto Raptors,train
Miami Heat,2016-11-12,Utah Jazz,train
Denver Nuggets,2016-11-12,Detroit Pistons,train
Phoenix Suns,2016-11-12,Brooklyn Nets,train
Milwaukee Bucks,2016-11-12,Memphis Grizzlies,train
Chicago Bulls,2016-11-12,Washington Wizards,train
Indiana Pacers,2016-11-12,Boston Celtics,train
Houston Rockets,2016-11-12,San Antonio Spurs,train
Atlanta Hawks,2016-11-12,Philadelphia 76ers,train
Toronto Raptors,2016-11-12,New York Knicks,train
New Orleans Pelicans,2016-11-12,Los Angeles Lakers,train
Minnesota Timberwolves,2016-11-12,LA Clippers,train
Cleveland Cavaliers,2016-11-13,Charlotte Hornets,train
Minnesota Timberwolves,2016-11-13,Los Angeles Lakers,train
Oklahoma City Thunder,2016-11-13,Orlando Magic,train
Golden State Warriors,2016-11-13,Phoenix Suns,train
Portland Trail Blazers,2016-11-13,Denver Nuggets,train
Utah Jazz,2016-11-14,Memphis Grizzlies,train
LA Clippers,2016-11-14,Brooklyn Nets,train
Houston Rockets,2016-11-14,Philadelphia 76ers,train
San Antonio Spurs,2016-11-14,Miami Heat,train
New York Knicks,2016-11-14,Dallas Mavericks,train
New Orleans Pelicans,2016-11-14,Boston Celtics,train
Detroit Pistons,2016-11-14,Oklahoma City Thunder,train
Indiana Pacers,2016-11-14,Orlando Magic,train
Cleveland Cavaliers,2016-11-15,Toronto Raptors,train
Miami Heat,2016-11-15,Atlanta Hawks,train
Minnesota Timberwolves,2016-11-15,Charlotte Hornets,train
Portland Trail Blazers,2016-11-15,Chicago Bulls,train
Los Angeles Lakers,2016-11-15,Brooklyn Nets,train
LA Clippers,2016-11-16,Memphis Grizzlies,train
Sacramento Kings,2016-11-16,San Antonio Spurs,train
Denver Nuggets,2016-11-16,Phoenix Suns,train
Oklahoma City Thunder,2016-11-16,Houston Rockets,train
Toronto Raptors,2016-11-16,Golden State Warriors,train
New York Knicks,2016-11-16,Detroit Pistons,train
Boston Celtics,2016-11-16,Dallas Mavericks,train
Atlanta Hawks,2016-11-16,Milwaukee Bucks,train
Philadelphia 76ers,2016-11-16,Washington Wizards,train
Orlando Magic,2016-11-16,New Orleans Pelicans,train
Indiana Pacers,2016-11-16,Cleveland Cavaliers,train
Washington Wizards,2016-11-17,New York Knicks,train
Miami Heat,2016-11-17,Milwaukee Bucks,train
Houston Rockets,2016-11-17,Portland Trail Blazers,train
Minnesota Timberwolves,2016-11-17,Philadelphia 76ers,train
Utah Jazz,2016-11-17,Chicago Bulls,train
Sacramento Kings,2016-11-18,LA Clippers,train
Denver Nuggets,2016-11-18,Toronto Raptors,train
Dallas Mavericks,2016-11-18,Memphis Grizzlies,train
New Orleans Pelicans,2016-11-18,Portland Trail Blazers,train
Los Angeles Lakers,2016-11-18,San Antonio Spurs,train
Oklahoma City Thunder,2016-11-18,Brooklyn Nets,train
Cleveland Cavaliers,2016-11-18,Detroit Pistons,train
Charlotte Hornets,2016-11-18,Atlanta Hawks,train
Indiana Pacers,2016-11-18,Phoenix Suns,train
Boston Celtics,2016-11-18,Golden State Warriors,train
Houston Rockets,2016-11-19,Utah Jazz,train
Detroit Pistons,2016-11-19,Boston Celtics,train
Orlando Magic,2016-11-19,Dallas Mavericks,train
Washington Wizards,2016-11-19,Miami Heat,train
New Orleans Pelicans,2016-11-19,Charlotte Hornets,train
Philadelphia 76ers,2016-11-19,Phoenix Suns,train
Memphis Grizzlies,2016-11-19,Minnesota Timberwolves,train
Milwaukee Bucks,2016-11-19,Golden State Warriors,train
LA Clippers,2016-11-19,Chicago Bulls,train
Sacramento Kings,2016-11-20,Toronto Raptors,train
Denver Nuggets,2016-11-20,Utah Jazz,train
Los Angeles Lakers,2016-11-20,Chicago Bulls,train
Brooklyn Nets,2016-11-20,Portland Trail Blazers,train
New York Knicks,2016-11-20,Atlanta Hawks,train
Oklahoma City Thunder,2016-11-20,Indiana Pacers,train
LA Clippers,2016-11-21,Toronto Raptors,train
Minnesota Timberwolves,2016-11-21,Boston Celtics,train
Milwaukee Bucks,2016-11-21,Orlando Magic,train
Detroit Pistons,2016-11-21,Houston Rockets,train
San Antonio Spurs,2016-11-21,Dallas Mavericks,train
Philadelphia 76ers,2016-11-21,Miami Heat,train
Indiana Pacers,2016-11-21,Golden State Warriors,train
Washington Wizards,2016-11-21,Phoenix Suns,train
Charlotte Hornets,2016-11-21,Memphis Grizzlies,train
Atlanta Hawks,2016-11-22,New Orleans Pelicans,train
New York Knicks,2016-11-22,Portland Trail Blazers,train
Denver Nuggets,2016-11-22,Chicago Bulls,train
Los Angeles Lakers,2016-11-22,Oklahoma City Thunder,train
Dallas Mavericks,2016-11-23,LA Clippers,train
Golden State Warriors,2016-11-23,Los Angeles Lakers,train
Sacramento Kings,2016-11-23,Oklahoma City Thunder,train
New Orleans Pelicans,2016-11-23,Minnesota Timberwolves,train
Utah Jazz,2016-11-23,Denver Nuggets,train
Houston Rockets,2016-11-23,Toronto Raptors,train
Orlando Magic,2016-11-23,Phoenix Suns,train
Detroit Pistons,2016-11-23,Miami Heat,train
Philadelphia 76ers,2016-11-23,Memphis Grizzlies,train
Charlotte Hornets,2016-11-23,San Antonio Spurs,train
Indiana Pacers,2016-11-23,Atlanta Hawks,train
Cleveland Cavaliers,2016-11-23,Portland Trail Blazers,train
Brooklyn Nets,2016-11-23,Boston Celtics,train
Los Angeles Lakers,2016-11-25,Golden State Warriors,train
Sacramento Kings,2016-11-25,Houston Rockets,train
Portland Trail Blazers,2016-11-25,New Orleans Pelicans,train
Denver Nuggets,2016-11-25,Oklahoma City Thunder,train
Phoenix Suns,2016-11-25,Minnesota Timberwolves,train
Indiana Pacers,2016-11-25,Brooklyn Nets,train
Milwaukee Bucks,2016-11-25,Toronto Raptors,train
Memphis Grizzlies,2016-11-25,Miami Heat,train
Philadelphia 76ers,2016-11-25,Chicago Bulls,train
Detroit Pistons,2016-11-25,LA Clippers,train
Cleveland Cavaliers,2016-11-25,Dallas Mavericks,train
New York Knicks,2016-11-25,Charlotte Hornets,train
Orlando Magic,2016-11-25,Washington Wizards,train
Boston Celtics,2016-11-25,San Antonio Spurs,train
Utah Jazz,2016-11-25,Atlanta Hawks,train
Charlotte Hornets,2016-11-26,New York Knicks,train
Washington Wizards,2016-11-26,San Antonio Spurs,train
Oklahoma City Thunder,2016-11-26,Detroit Pistons,train
Miami Heat,2016-11-26,Memphis Grizzlies,train
Golden State Warriors,2016-11-26,Minnesota Timberwolves,train
Los Angeles Lakers,2016-11-27,Atlanta Hawks,train
Portland Trail Blazers,2016-11-27,Houston Rockets,train
Dallas Mavericks,2016-11-27,New Orleans Pelicans,train
Indiana Pacers,2016-11-27,LA Clippers,train
Brooklyn Nets,2016-11-27,Sacramento Kings,train
Phoenix Suns,2016-11-27,Denver Nuggets,train
Philadelphia 76ers,2016-11-27,Cleveland Cavaliers,train
Orlando Magic,2016-11-27,Milwaukee Bucks,train
Washington Wizards,2016-11-28,Sacramento Kings,train
Toronto Raptors,2016-11-28,Philadelphia 76ers,train
New York Knicks,2016-11-28,Oklahoma City Thunder,train
Miami Heat,2016-11-28,Boston Celtics,train
Minnesota Timberwolves,2016-11-28,Utah Jazz,train
Memphis Grizzlies,2016-11-28,Charlotte Hornets,train
Golden State Warriors,2016-11-28,Atlanta Hawks,train
Utah Jazz,2016-11-29,Houston Rockets,train
San Antonio Spurs,2016-11-29,Orlando Magic,train
New Orleans Pelicans,2016-11-29,Los Angeles Lakers,train
Brooklyn Nets,2016-11-29,LA Clippers,train
Charlotte Hornets,2016-11-29,Detroit Pistons,train
Milwaukee Bucks,2016-11-29,Cleveland Cavaliers,train
Toronto Raptors,2016-11-30,Memphis Grizzlies,train
Boston Celtics,2016-11-30,Detroit Pistons,train
Oklahoma City Thunder,2016-11-30,Washington Wizards,train
Minnesota Timberwolves,2016-11-30,New York Knicks,train
Chicago Bulls,2016-11-30,Los Angeles Lakers,train
Dallas Mavericks,2016-11-30,San Antonio Spurs,train
Denver Nuggets,2016-11-30,Miami Heat,train
Phoenix Suns,2016-11-30,Atlanta Hawks,train
Portland Trail Blazers,2016-11-30,Indiana Pacers,train
Golden State Warriors,2016-12-01,Houston Rockets,train
Utah Jazz,2016-12-01,Miami Heat,train
Memphis Grizzlies,2016-12-01,Orlando Magic,train
Cleveland Cavaliers,2016-12-01,LA Clippers,train
Brooklyn Nets,2016-12-01,Milwaukee Bucks,train
Charlotte Hornets,2016-12-01,Dallas Mavericks,train
Philadelphia 76ers,2016-12-02,Orlando Magic,train
Toronto Raptors,2016-12-02,Los Angeles Lakers,train
Boston Celtics,2016-12-02,Sacramento Kings,train
New York Knicks,2016-12-02,Minnesota Timberwolves,train
Atlanta Hawks,2016-12-02,Detroit Pistons,train
Chicago Bulls,2016-12-02,Cleveland Cavaliers,train
New Orleans Pelicans,2016-12-02,LA Clippers,train
San Antonio Spurs,2016-12-02,Washington Wizards,train
Denver Nuggets,2016-12-02,Houston Rockets,train
Golden State Warriors,2016-12-03,Phoenix Suns,train
Portland Trail Blazers,2016-12-03,Miami Heat,train
Utah Jazz,2016-12-03,Denver Nuggets,train
Dallas Mavericks,2016-12-03,Chicago Bulls,train
Philadelphia 76ers,2016-12-03,Boston Celtics,train
Toronto Raptors,2016-12-03,Atlanta Hawks,train
Charlotte Hornets,2016-12-03,Minnesota Timberwolves,train
Milwaukee Bucks,2016-12-03,Brooklyn Nets,train
Memphis Grizzlies,2016-12-03,Los Angeles Lakers,train
Detroit Pistons,2016-12-04,Orlando Magic,train
Oklahoma City Thunder,2016-12-04,New Orleans Pelicans,train
New York Knicks,2016-12-04,Sacramento Kings,train
LA Clippers,2016-12-04,Indiana Pacers,train
Milwaukee Bucks,2016-12-05,San Antonio Spurs,train
Golden State Warriors,2016-12-05,Indiana Pacers,train
Los Angeles Lakers,2016-12-05,Utah Jazz,train
Dallas Mavericks,2016-12-05,Charlotte Hornets,train
Houston Rockets,2016-12-05,Boston Celtics,train
Chicago Bulls,2016-12-05,Portland Trail Blazers,train
New Orleans Pelicans,2016-12-05,Memphis Grizzlies,train
Brooklyn Nets,2016-12-05,Washington Wizards,train
Toronto Raptors,2016-12-05,Cleveland Cavaliers,train
Atlanta Hawks,2016-12-05,Oklahoma City Thunder,train
Philadelphia 76ers,2016-12-05,Denver Nuggets,train
Washington Wizards,2016-12-06,Orlando Magic,train
Detroit Pistons,2016-12-06,Chicago Bulls,train
Miami Heat,2016-12-06,New York Knicks,train
Memphis Grizzlies,2016-12-06,Philadelphia 76ers,train
Minnesota Timberwolves,2016-12-06,San Antonio Spurs,train
Utah Jazz,2016-12-06,Phoenix Suns,train
LA Clippers,2016-12-07,Golden State Warriors,train
Phoenix Suns,2016-12-07,Indiana Pacers,train
Dallas Mavericks,2016-12-07,Sacramento Kings,train
Milwaukee Bucks,2016-12-07,Portland Trail Blazers,train
New York Knicks,2016-12-07,Cleveland Cavaliers,train
Atlanta Hawks,2016-12-07,Miami Heat,train
Brooklyn Nets,2016-12-07,Denver Nuggets,train
Orlando Magic,2016-12-07,Boston Celtics,train
Charlotte Hornets,2016-12-07,Detroit Pistons,train
Houston Rockets,2016-12-07,Los Angeles Lakers,train
Chicago Bulls,2016-12-08,San Antonio Spurs,train
Washington Wizards,2016-12-08,Denver Nuggets,train
Toronto Raptors,2016-12-08,Minnesota Timberwolves,train
Memphis Grizzlies,2016-12-08,Portland Trail Blazers,train
New Orleans Pelicans,2016-12-08,Philadelphia 76ers,train
Utah Jazz,2016-12-08,Golden State Warriors,train
Sacramento Kings,2016-12-09,New York Knicks,train
Dallas Mavericks,2016-12-09,Indiana Pacers,train
Los Angeles Lakers,2016-12-09,Phoenix Suns,train
Minnesota Timberwolves,2016-12-09,Detroit Pistons,train
Oklahoma City Thunder,2016-12-09,Houston Rockets,train
Boston Celtics,2016-12-09,Toronto Raptors,train
Cleveland Cavaliers,2016-12-09,Miami Heat,train
Charlotte Hornets,2016-12-09,Orlando Magic,train
Milwaukee Bucks,2016-12-09,Atlanta Hawks,train
LA Clippers,2016-12-10,New Orleans Pelicans,train
San Antonio Spurs,2016-12-10,Brooklyn Nets,train
Memphis Grizzlies,2016-12-10,Golden State Warriors,train
Chicago Bulls,2016-12-10,Miami Heat,train
Utah Jazz,2016-12-10,Sacramento Kings,train
Cleveland Cavaliers,2016-12-10,Charlotte Hornets,train
Indiana Pacers,2016-12-10,Portland Trail Blazers,train
Washington Wizards,2016-12-10,Milwaukee Bucks,train
Orlando Magic,2016-12-10,Denver Nuggets,train
Houston Rockets,2016-12-10,Dallas Mavericks,train
Los Angeles Lakers,2016-12-11,New York Knicks,train
Minnesota Timberwolves,2016-12-11,Golden State Warriors,train
Phoenix Suns,2016-12-11,New Orleans Pelicans,train
Detroit Pistons,2016-12-11,Philadelphia 76ers,train
Oklahoma City Thunder,2016-12-11,Boston Celtics,train
Sacramento Kings,2016-12-12,Los Angeles Lakers,train
Indiana Pacers,2016-12-12,Charlotte Hornets,train
Toronto Raptors,2016-12-12,Milwaukee Bucks,train
Miami Heat,2016-12-12,Washington Wizards,train
Houston Rockets,2016-12-12,Brooklyn Nets,train
Dallas Mavericks,2016-12-12,Denver Nuggets,train
LA Clippers,2016-12-12,Portland Trail Blazers,train
Portland Trail Blazers,2016-12-13,Oklahoma City Thunder,train
Phoenix Suns,2016-12-13,New York Knicks,train
New Orleans Pelicans,2016-12-13,Golden State Warriors,train
Atlanta Hawks,2016-12-13,Orlando Magic,train
Cleveland Cavaliers,2016-12-13,Memphis Grizzlies,train
Chicago Bulls,2016-12-13,Minnesota Timberwolves,train
Miami Heat,2016-12-14,Indiana Pacers,train
Philadelphia 76ers,2016-12-14,Toronto Raptors,train
Orlando Magic,2016-12-14,LA Clippers,train
Washington Wizards,2016-12-14,Charlotte Hornets,train
Brooklyn Nets,2016-12-14,Los Angeles Lakers,train
Memphis Grizzlies,2016-12-14,Cleveland Cavaliers,train
Houston Rockets,2016-12-14,Sacramento Kings,train
Dallas Mavericks,2016-12-14,Detroit Pistons,train
Utah Jazz,2016-12-14,Oklahoma City Thunder,train
San Antonio Spurs,2016-12-14,Boston Celtics,train
Milwaukee Bucks,2016-12-15,Chicago Bulls,train
Golden State Warriors,2016-12-15,New York Knicks,train
Denver Nuggets,2016-12-15,Portland Trail Blazers,train
New Orleans Pelicans,2016-12-15,Indiana Pacers,train
Phoenix Suns,2016-12-15,San Antonio Spurs,train
Miami Heat,2016-12-16,LA Clippers,train
Orlando Magic,2016-12-16,Brooklyn Nets,train
Washington Wizards,2016-12-16,Detroit Pistons,train
Toronto Raptors,2016-12-16,Atlanta Hawks,train
Boston Celtics,2016-12-16,Charlotte Hornets,train
Chicago Bulls,2016-12-16,Milwaukee Bucks,train
Memphis Grizzlies,2016-12-16,Sacramento Kings,train
Houston Rockets,2016-12-16,New Orleans Pelicans,train
Philadelphia 76ers,2016-12-16,Los Angeles Lakers,train
Utah Jazz,2016-12-16,Dallas Mavericks,train
Minnesota Timberwolves,2016-12-17,Houston Rockets,train
Atlanta Hawks,2016-12-17,Charlotte Hornets,train
Denver Nuggets,2016-12-17,New York Knicks,train
Detroit Pistons,2016-12-17,Indiana Pacers,train
Oklahoma City Thunder,2016-12-17,Phoenix Suns,train
Cleveland Cavaliers,2016-12-17,Los Angeles Lakers,train
Golden State Warriors,2016-12-17,Portland Trail Blazers,train
Memphis Grizzlies,2016-12-18,Utah Jazz,train
Dallas Mavericks,2016-12-18,Sacramento Kings,train
Orlando Magic,2016-12-18,Toronto Raptors,train
San Antonio Spurs,2016-12-18,New Orleans Pelicans,train
Philadelphia 76ers,2016-12-18,Brooklyn Nets,train
Washington Wizards,2016-12-18,LA Clippers,train
Miami Heat,2016-12-18,Boston Celtics,train
Indiana Pacers,2016-12-19,Washington Wizards,train
Oklahoma City Thunder,2016-12-19,Atlanta Hawks,train
Chicago Bulls,2016-12-19,Detroit Pistons,train
Minnesota Timberwolves,2016-12-19,Phoenix Suns,train
Denver Nuggets,2016-12-19,Dallas Mavericks,train
Golden State Warriors,2016-12-20,Utah Jazz,train
LA Clippers,2016-12-20,Denver Nuggets,train
Sacramento Kings,2016-12-20,Portland Trail Blazers,train
Houston Rockets,2016-12-20,San Antonio Spurs,train
Memphis Grizzlies,2016-12-20,Boston Celtics,train
Milwaukee Bucks,2016-12-20,Cleveland Cavaliers,train
Miami Heat,2016-12-20,Orlando Magic,train
Toronto Raptors,2016-12-20,Brooklyn Nets,train
Charlotte Hornets,2016-12-20,Los Angeles Lakers,train
Philadelphia 76ers,2016-12-20,New Orleans Pelicans,train
New York Knicks,2016-12-20,Indiana Pacers,train
Cleveland Cavaliers,2016-12-21,Milwaukee Bucks,train
Detroit Pistons,2016-12-21,Memphis Grizzlies,train
Atlanta Hawks,2016-12-21,Minnesota Timberwolves,train
Chicago Bulls,2016-12-21,Washington Wizards,train
New Orleans Pelicans,2016-12-21,Oklahoma City Thunder,train
Phoenix Suns,2016-12-21,Houston Rockets,train
Utah Jazz,2016-12-21,Sacramento Kings,train
Portland Trail Blazers,2016-12-21,Dallas Mavericks,train
Indiana Pacers,2016-12-22,Boston Celtics,train
Brooklyn Nets,2016-12-22,Golden State Warriors,train
LA Clippers,2016-12-22,San Antonio Spurs,train
New York Knicks,2016-12-22,Orlando Magic,train
Miami Heat,2016-12-22,Los Angeles Lakers,train
LA Clippers,2016-12-23,Dallas Mavericks,train
Portland Trail Blazers,2016-12-23,San Antonio Spurs,train
Utah Jazz,2016-12-23,Toronto Raptors,train
Denver Nuggets,2016-12-23,Atlanta Hawks,train
Phoenix Suns,2016-12-23,Philadelphia 76ers,train
Minnesota Timberwolves,2016-12-23,Sacramento Kings,train
Memphis Grizzlies,2016-12-23,Houston Rockets,train
New Orleans Pelicans,2016-12-23,Miami Heat,train
Boston Celtics,2016-12-23,Oklahoma City Thunder,train
Cleveland Cavaliers,2016-12-23,Brooklyn Nets,train
Detroit Pistons,2016-12-23,Golden State Warriors,train
Orlando Magic,2016-12-23,Los Angeles Lakers,train
Charlotte Hornets,2016-12-23,Chicago Bulls,train
Milwaukee Bucks,2016-12-23,Washington Wizards,train
Los Angeles Lakers,2016-12-25,LA Clippers,train
Oklahoma City Thunder,2016-12-25,Minnesota Timberwolves,train
New York Knicks,2016-12-25,Boston Celtics,train
Cleveland Cavaliers,2016-12-25,Golden State Warriors,train
San Antonio Spurs,2016-12-25,Chicago Bulls,train
LA Clippers,2016-12-26,Denver Nuggets,train
Orlando Magic,2016-12-26,Memphis Grizzlies,train
Washington Wizards,2016-12-26,Milwaukee Bucks,train
Detroit Pistons,2016-12-26,Cleveland Cavaliers,train
Brooklyn Nets,2016-12-26,Charlotte Hornets,train
New Orleans Pelicans,2016-12-26,Dallas Mavericks,train
Houston Rockets,2016-12-26,Phoenix Suns,train
Minnesota Timberwolves,2016-12-26,Atlanta Hawks,train
Chicago Bulls,2016-12-26,Indiana Pacers,train
Portland Trail Blazers,2016-12-26,Toronto Raptors,train
Sacramento Kings,2016-12-26,Philadelphia 76ers,train
Los Angeles Lakers,2016-12-27,Utah Jazz,train
Dallas Mavericks,2016-12-27,Houston Rockets,train
Boston Celtics,2016-12-27,Memphis Grizzlies,train
Miami Heat,2016-12-27,Oklahoma City Thunder,train
Washington Wizards,2016-12-28,Indiana Pacers,train
Orlando Magic,2016-12-28,Charlotte Hornets,train
Detroit Pistons,2016-12-28,Milwaukee Bucks,train
Atlanta Hawks,2016-12-28,New York Knicks,train
Chicago Bulls,2016-12-28,Brooklyn Nets,train
New Orleans Pelicans,2016-12-28,LA Clippers,train
San Antonio Spurs,2016-12-28,Phoenix Suns,train
Denver Nuggets,2016-12-28,Minnesota Timberwolves,train
Portland Trail Blazers,2016-12-28,Sacramento Kings,train
Golden State Warriors,2016-12-28,Toronto Raptors,train
Utah Jazz,2016-12-29,Philadelphia 76ers,train
Los Angeles Lakers,2016-12-29,Dallas Mavericks,train
Phoenix Suns,2016-12-29,Toronto Raptors,train
Cleveland Cavaliers,2016-12-29,Boston Celtics,train
Charlotte Hornets,2016-12-29,Miami Heat,train
Memphis Grizzlies,2016-12-29,Oklahoma City Thunder,train
Denver Nuggets,2016-12-30,Philadelphia 76ers,train
Indiana Pacers,2016-12-30,Chicago Bulls,train
Washington Wizards,2016-12-30,Brooklyn Nets,train
Boston Celtics,2016-12-30,Miami Heat,train
Atlanta Hawks,2016-12-30,Detroit Pistons,train
Minnesota Timberwolves,2016-12-30,Milwaukee Bucks,train
New Orleans Pelicans,2016-12-30,New York Knicks,train
Houston Rockets,2016-12-30,LA Clippers,train
San Antonio Spurs,2016-12-30,Portland Trail Blazers,train
Golden State Warriors,2016-12-30,Dallas Mavericks,train
Utah Jazz,2016-12-31,Phoenix Suns,train
Oklahoma City Thunder,2016-12-31,LA Clippers,train
Houston Rockets,2016-12-31,New York Knicks,train
Chicago Bulls,2016-12-31,Milwaukee Bucks,train
Charlotte Hornets,2016-12-31,Cleveland Cavaliers,train
Sacramento Kings,2016-12-31,Memphis Grizzlies,train
Indiana Pacers,2017-01-01,Orlando Magic,train
Miami Heat,2017-01-01,Detroit Pistons,train
Atlanta Hawks,2017-01-01,San Antonio Spurs,train
Minnesota Timberwolves,2017-01-01,Portland Trail Blazers,train
Los Angeles Lakers,2017-01-01,Toronto Raptors,train
Golden State Warriors,2017-01-02,Denver Nuggets,train
Chicago Bulls,2017-01-02,Charlotte Hornets,train
Houston Rockets,2017-01-02,Washington Wizards,train
LA Clippers,2017-01-02,Phoenix Suns,train
Brooklyn Nets,2017-01-02,Utah Jazz,train
Milwaukee Bucks,2017-01-02,Oklahoma City Thunder,train
Cleveland Cavaliers,2017-01-02,New Orleans Pelicans,train
New York Knicks,2017-01-02,Orlando Magic,train
Los Angeles Lakers,2017-01-03,Memphis Grizzlies,train
Denver Nuggets,2017-01-03,Sacramento Kings,train
Dallas Mavericks,2017-01-03,Washington Wizards,train
Phoenix Suns,2017-01-03,Miami Heat,train
Detroit Pistons,2017-01-03,Indiana Pacers,train
Boston Celtics,2017-01-03,Utah Jazz,train
Philadelphia 76ers,2017-01-03,Minnesota Timberwolves,train
San Antonio Spurs,2017-01-03,Toronto Raptors,train
Golden State Warriors,2017-01-04,Portland Trail Blazers,train
Orlando Magic,2017-01-04,Atlanta Hawks,train
Charlotte Hornets,2017-01-04,Oklahoma City Thunder,train
New York Knicks,2017-01-04,Milwaukee Bucks,train
Cleveland Cavaliers,2017-01-04,Chicago Bulls,train
LA Clippers,2017-01-04,Memphis Grizzlies,train
Sacramento Kings,2017-01-04,Miami Heat,train
Dallas Mavericks,2017-01-05,Phoenix Suns,train
Denver Nuggets,2017-01-05,San Antonio Spurs,train
New Orleans Pelicans,2017-01-05,Atlanta Hawks,train
Portland Trail Blazers,2017-01-05,Los Angeles Lakers,train
Detroit Pistons,2017-01-05,Charlotte Hornets,train
Indiana Pacers,2017-01-05,Brooklyn Nets,train
Houston Rockets,2017-01-05,Oklahoma City Thunder,train
Toronto Raptors,2017-01-05,Utah Jazz,train
Washington Wizards,2017-01-06,Minnesota Timberwolves,train
Orlando Magic,2017-01-06,Houston Rockets,train
Brooklyn Nets,2017-01-06,Cleveland Cavaliers,train
Boston Celtics,2017-01-06,Philadelphia 76ers,train
Milwaukee Bucks,2017-01-06,New York Knicks,train
Los Angeles Lakers,2017-01-06,Miami Heat,train
Golden State Warriors,2017-01-06,Memphis Grizzlies,train
Sacramento Kings,2017-01-06,LA Clippers,train
San Antonio Spurs,2017-01-07,Charlotte Hornets,train
Chicago Bulls,2017-01-07,Toronto Raptors,train
Oklahoma City Thunder,2017-01-07,Denver Nuggets,train
Dallas Mavericks,2017-01-07,Atlanta Hawks,train
Boston Celtics,2017-01-07,New Orleans Pelicans,train
Indiana Pacers,2017-01-07,New York Knicks,train
Minnesota Timberwolves,2017-01-07,Utah Jazz,train
Portland Trail Blazers,2017-01-08,Detroit Pistons,train
Los Angeles Lakers,2017-01-08,Orlando Magic,train
Phoenix Suns,2017-01-08,Cleveland Cavaliers,train
Memphis Grizzlies,2017-01-08,Utah Jazz,train
Sacramento Kings,2017-01-08,Golden State Warriors,train
Milwaukee Bucks,2017-01-08,Washington Wizards,train
LA Clippers,2017-01-08,Miami Heat,train
Brooklyn Nets,2017-01-08,Philadelphia 76ers,train
Toronto Raptors,2017-01-08,Houston Rockets,train
New York Knicks,2017-01-09,New Orleans Pelicans,train
Minnesota Timberwolves,2017-01-09,Dallas Mavericks,train
Chicago Bulls,2017-01-09,Oklahoma City Thunder,train
Utah Jazz,2017-01-10,Cleveland Cavaliers,train
Golden State Warriors,2017-01-10,Miami Heat,train
Los Angeles Lakers,2017-01-10,Portland Trail Blazers,train
Sacramento Kings,2017-01-10,Detroit Pistons,train
Houston Rockets,2017-01-10,Charlotte Hornets,train
Brooklyn Nets,2017-01-10,Atlanta Hawks,train
Toronto Raptors,2017-01-10,Boston Celtics,train
Washington Wizards,2017-01-10,Chicago Bulls,train
San Antonio Spurs,2017-01-10,Milwaukee Bucks,train
Portland Trail Blazers,2017-01-11,Cleveland Cavaliers,train
Minnesota Timberwolves,2017-01-11,Houston Rockets,train
LA Clippers,2017-01-11,Orlando Magic,train
Boston Celtics,2017-01-11,Washington Wizards,train
Philadelphia 76ers,2017-01-11,New York Knicks,train
Oklahoma City Thunder,2017-01-11,Memphis Grizzlies,train
Denver Nuggets,2017-01-12,Indiana Pacers,train
Brooklyn Nets,2017-01-12,New Orleans Pelicans,train
New York Knicks,2017-01-12,Chicago Bulls,train
San Antonio Spurs,2017-01-12,Los Angeles Lakers,train
Phoenix Suns,2017-01-12,Dallas Mavericks,train
Golden State Warriors,2017-01-12,Detroit Pistons,train
Portland Trail Blazers,2017-01-13,Orlando Magic,train
Sacramento Kings,2017-01-13,Cleveland Cavaliers,train
Utah Jazz,2017-01-13,Detroit Pistons,train
Minnesota Timberwolves,2017-01-13,Oklahoma City Thunder,train
Philadelphia 76ers,2017-01-13,Charlotte Hornets,train
Milwaukee Bucks,2017-01-13,Miami Heat,train
Atlanta Hawks,2017-01-13,Boston Celtics,train
Toronto Raptors,2017-01-13,Brooklyn Nets,train
Houston Rockets,2017-01-13,Memphis Grizzlies,train
LA Clippers,2017-01-14,Los Angeles Lakers,train
Chicago Bulls,2017-01-14,New Orleans Pelicans,train
Phoenix Suns,2017-01-14,San Antonio Spurs,train
Washington Wizards,2017-01-14,Philadelphia 76ers,train
Utah Jazz,2017-01-14,Orlando Magic,train
Los Angeles Lakers,2017-01-15,Detroit Pistons,train
Sacramento Kings,2017-01-15,Oklahoma City Thunder,train
Memphis Grizzlies,2017-01-15,Chicago Bulls,train
Atlanta Hawks,2017-01-15,Milwaukee Bucks,train
Dallas Mavericks,2017-01-15,Minnesota Timberwolves,train
Toronto Raptors,2017-01-15,New York Knicks,train
Brooklyn Nets,2017-01-15,Houston Rockets,train
LA Clippers,2017-01-16,Oklahoma City Thunder,train
Golden State Warriors,2017-01-16,Cleveland Cavaliers,train
Boston Celtics,2017-01-16,Charlotte Hornets,train
Denver Nuggets,2017-01-16,Orlando Magic,train
Phoenix Suns,2017-01-16,Utah Jazz,train
Milwaukee Bucks,2017-01-16,Philadelphia 76ers,train
Washington Wizards,2017-01-16,Portland Trail Blazers,train
New York Knicks,2017-01-16,Atlanta Hawks,train
Indiana Pacers,2017-01-16,New Orleans Pelicans,train
Brooklyn Nets,2017-01-17,Toronto Raptors,train
Miami Heat,2017-01-17,Houston Rockets,train
Chicago Bulls,2017-01-17,Dallas Mavericks,train
San Antonio Spurs,2017-01-17,Minnesota Timberwolves,train
Los Angeles Lakers,2017-01-17,Denver Nuggets,train
Houston Rockets,2017-01-18,Milwaukee Bucks,train
Golden State Warriors,2017-01-18,Oklahoma City Thunder,train
Sacramento Kings,2017-01-18,Indiana Pacers,train
Detroit Pistons,2017-01-18,Atlanta Hawks,train
Charlotte Hornets,2017-01-18,Portland Trail Blazers,train
Boston Celtics,2017-01-18,New York Knicks,train
Philadelphia 76ers,2017-01-18,Toronto Raptors,train
Washington Wizards,2017-01-18,Memphis Grizzlies,train
New Orleans Pelicans,2017-01-18,Orlando Magic,train
Cleveland Cavaliers,2017-01-19,Phoenix Suns,train
Miami Heat,2017-01-19,Dallas Mavericks,train
New York Knicks,2017-01-19,Washington Wizards,train
San Antonio Spurs,2017-01-19,Denver Nuggets,train
LA Clippers,2017-01-19,Minnesota Timberwolves,train
Houston Rockets,2017-01-20,Golden State Warriors,train
Dallas Mavericks,2017-01-20,Utah Jazz,train
Los Angeles Lakers,2017-01-20,Indiana Pacers,train
Memphis Grizzlies,2017-01-20,Sacramento Kings,train
Charlotte Hornets,2017-01-20,Toronto Raptors,train
New Orleans Pelicans,2017-01-20,Brooklyn Nets,train
Orlando Magic,2017-01-20,Milwaukee Bucks,train
Philadelphia 76ers,2017-01-20,Portland Trail Blazers,train
Atlanta Hawks,2017-01-20,Chicago Bulls,train
Utah Jazz,2017-01-21,Indiana Pacers,train
Chicago Bulls,2017-01-21,Sacramento Kings,train
Cleveland Cavaliers,2017-01-21,San Antonio Spurs,train
Memphis Grizzlies,2017-01-21,Houston Rockets,train
New York Knicks,2017-01-21,Phoenix Suns,train
Denver Nuggets,2017-01-21,LA Clippers,train
Atlanta Hawks,2017-01-21,Philadelphia 76ers,train
Charlotte Hornets,2017-01-21,Brooklyn Nets,train
Detroit Pistons,2017-01-21,Washington Wizards,train
Boston Celtics,2017-01-21,Portland Trail Blazers,train
Miami Heat,2017-01-21,Milwaukee Bucks,train
Orlando Magic,2017-01-22,Golden State Warriors,train
Dallas Mavericks,2017-01-22,Los Angeles Lakers,train
Toronto Raptors,2017-01-22,Phoenix Suns,train
Minnesota Timberwolves,2017-01-22,Denver Nuggets,train
Utah Jazz,2017-01-23,Oklahoma City Thunder,train
Indiana Pacers,2017-01-23,New York Knicks,train
New Orleans Pelicans,2017-01-23,Cleveland Cavaliers,train
Milwaukee Bucks,2017-01-23,Houston Rockets,train
Charlotte Hornets,2017-01-23,Washington Wizards,train
Miami Heat,2017-01-23,Golden State Warriors,train
Brooklyn Nets,2017-01-23,San Antonio Spurs,train
Detroit Pistons,2017-01-23,Sacramento Kings,train
Atlanta Hawks,2017-01-23,LA Clippers,train
Denver Nuggets,2017-01-24,Utah Jazz,train
Philadelphia 76ers,2017-01-24,LA Clippers,train
Phoenix Suns,2017-01-24,Minnesota Timberwolves,train
Orlando Magic,2017-01-24,Chicago Bulls,train
Washington Wizards,2017-01-24,Boston Celtics,train
Toronto Raptors,2017-01-24,San Antonio Spurs,train
Cleveland Cavaliers,2017-01-25,Sacramento Kings,train
Boston Celtics,2017-01-25,Houston Rockets,train
Brooklyn Nets,2017-01-25,Miami Heat,train
Milwaukee Bucks,2017-01-25,Philadelphia 76ers,train
Chicago Bulls,2017-01-25,Atlanta Hawks,train
Memphis Grizzlies,2017-01-25,Toronto Raptors,train
Charlotte Hornets,2017-01-25,Golden State Warriors,train
New Orleans Pelicans,2017-01-25,Oklahoma City Thunder,train
Dallas Mavericks,2017-01-25,New York Knicks,train
Portland Trail Blazers,2017-01-25,Los Angeles Lakers,train
Utah Jazz,2017-01-26,Los Angeles Lakers,train
Denver Nuggets,2017-01-26,Phoenix Suns,train
Oklahoma City Thunder,2017-01-26,Dallas Mavericks,train
Minnesota Timberwolves,2017-01-26,Indiana Pacers,train
Philadelphia 76ers,2017-01-27,Houston Rockets,train
Indiana Pacers,2017-01-27,Sacramento Kings,train
Toronto Raptors,2017-01-27,Milwaukee Bucks,train
Cleveland Cavaliers,2017-01-27,Brooklyn Nets,train
Boston Celtics,2017-01-27,Orlando Magic,train
New York Knicks,2017-01-27,Charlotte Hornets,train
Atlanta Hawks,2017-01-27,Washington Wizards,train
Chicago Bulls,2017-01-27,Miami Heat,train
New Orleans Pelicans,2017-01-27,San Antonio Spurs,train
Portland Trail Blazers,2017-01-27,Memphis Grizzlies,train
Utah Jazz,2017-01-28,Memphis Grizzlies,train
Phoenix Suns,2017-01-28,Denver Nuggets,train
Minnesota Timberwolves,2017-01-28,Brooklyn Nets,train
Milwaukee Bucks,2017-01-28,Boston Celtics,train
Miami Heat,2017-01-28,Detroit Pistons,train
Charlotte Hornets,2017-01-28,Sacramento Kings,train
Golden State Warriors,2017-01-28,LA Clippers,train
Atlanta Hawks,2017-01-29,New York Knicks,train
Cleveland Cavaliers,2017-01-29,Oklahoma City Thunder,train
New Orleans Pelicans,2017-01-29,Washington Wizards,train
Toronto Raptors,2017-01-29,Orlando Magic,train
Indiana Pacers,2017-01-29,Houston Rockets,train
San Antonio Spurs,2017-01-29,Dallas Mavericks,train
Chicago Bulls,2017-01-29,Philadelphia 76ers,train
Portland Trail Blazers,2017-01-29,Golden State Warriors,train
Boston Celtics,2017-01-30,Detroit Pistons,train
Philadelphia 76ers,2017-01-30,Sacramento Kings,train
Phoenix Suns,2017-01-30,Memphis Grizzlies,train
Miami Heat,2017-01-30,Brooklyn Nets,train
Minnesota Timberwolves,2017-01-30,Orlando Magic,train
Dallas Mavericks,2017-01-30,Cleveland Cavaliers,train
Los Angeles Lakers,2017-01-31,Denver Nuggets,train
Washington Wizards,2017-01-31,New York Knicks,train
Toronto Raptors,2017-01-31,New Orleans Pelicans,train
Houston Rockets,2017-01-31,Sacramento Kings,train
San Antonio Spurs,2017-01-31,Oklahoma City Thunder,train
Portland Trail Blazers,2017-01-31,Charlotte Hornets,train
Denver Nuggets,2017-02-01,Memphis Grizzlies,train
Utah Jazz,2017-02-01,Milwaukee Bucks,train
Golden State Warriors,2017-02-01,Charlotte Hornets,train
Oklahoma City Thunder,2017-02-01,Chicago Bulls,train
Dallas Mavericks,2017-02-01,Philadelphia 76ers,train
Phoenix Suns,2017-02-01,LA Clippers,train
Detroit Pistons,2017-02-01,New Orleans Pelicans,train
Brooklyn Nets,2017-02-01,New York Knicks,train
Miami Heat,2017-02-01,Atlanta Hawks,train
Boston Celtics,2017-02-01,Toronto Raptors,train
Orlando Magic,2017-02-01,Indiana Pacers,train
Cleveland Cavaliers,2017-02-01,Minnesota Timberwolves,train
Washington Wizards,2017-02-02,Los Angeles Lakers,train
Houston Rockets,2017-02-02,Atlanta Hawks,train
San Antonio Spurs,2017-02-02,Philadelphia 76ers,train
LA Clippers,2017-02-02,Golden State Warriors,train
Portland Trail Blazers,2017-02-03,Dallas Mavericks,train
Denver Nuggets,2017-02-03,Milwaukee Bucks,train
Boston Celtics,2017-02-03,Los Angeles Lakers,train
Houston Rockets,2017-02-03,Chicago Bulls,train
Sacramento Kings,2017-02-03,Phoenix Suns,train
Brooklyn Nets,2017-02-03,Indiana Pacers,train
Detroit Pistons,2017-02-03,Minnesota Timberwolves,train
Orlando Magic,2017-02-03,Toronto Raptors,train
Oklahoma City Thunder,2017-02-03,Memphis Grizzlies,train
Sacramento Kings,2017-02-04,Golden State Warriors,train
Utah Jazz,2017-02-04,Charlotte Hornets,train
Phoenix Suns,2017-02-04,Milwaukee Bucks,train
Minnesota Timberwolves,2017-02-04,Memphis Grizzlies,train
San Antonio Spurs,2017-02-04,Denver Nuggets,train
Miami Heat,2017-02-04,Philadelphia 76ers,train
Washington Wizards,2017-02-04,New Orleans Pelicans,train
Indiana Pacers,2017-02-04,Detroit Pistons,train
Atlanta Hawks,2017-02-04,Orlando Magic,train
New York Knicks,2017-02-04,Cleveland Cavaliers,train
Brooklyn Nets,2017-02-05,Toronto Raptors,train
Boston Celtics,2017-02-05,LA Clippers,train
Oklahoma City Thunder,2017-02-05,Portland Trail Blazers,train
New Orleans Pelicans,2017-02-06,Phoenix Suns,train
Memphis Grizzlies,2017-02-06,San Antonio Spurs,train
Sacramento Kings,2017-02-06,Chicago Bulls,train
Denver Nuggets,2017-02-06,Dallas Mavericks,train
Minnesota Timberwolves,2017-02-06,Miami Heat,train
New York Knicks,2017-02-06,Los Angeles Lakers,train
Atlanta Hawks,2017-02-06,Utah Jazz,train
Toronto Raptors,2017-02-06,LA Clippers,train
Indiana Pacers,2017-02-06,Oklahoma City Thunder,train
Washington Wizards,2017-02-06,Cleveland Cavaliers,train
Detroit Pistons,2017-02-06,Philadelphia 76ers,train
Charlotte Hornets,2017-02-07,Brooklyn Nets,train
Houston Rockets,2017-02-07,Orlando Magic,train
Dallas Mavericks,2017-02-07,Portland Trail Blazers,train
Sacramento Kings,2017-02-08,Boston Celtics,train
Golden State Warriors,2017-02-08,Chicago Bulls,train
New York Knicks,2017-02-08,LA Clippers,train
Minnesota Timberwolves,2017-02-08,Toronto Raptors,train
New Orleans Pelicans,2017-02-08,Utah Jazz,train
Memphis Grizzlies,2017-02-08,Phoenix Suns,train
Brooklyn Nets,2017-02-08,Washington Wizards,train
Detroit Pistons,2017-02-08,Los Angeles Lakers,train
Atlanta Hawks,2017-02-08,Denver Nuggets,train
Philadelphia 76ers,2017-02-08,San Antonio Spurs,train
Indiana Pacers,2017-02-08,Cleveland Cavaliers,train
Milwaukee Bucks,2017-02-08,Miami Heat,train
Orlando Magic,2017-02-09,Philadelphia 76ers,train
Charlotte Hornets,2017-02-09,Houston Rockets,train
Oklahoma City Thunder,2017-02-09,Cleveland Cavaliers,train
Dallas Mavericks,2017-02-09,Utah Jazz,train
Portland Trail Blazers,2017-02-09,Boston Celtics,train
Washington Wizards,2017-02-10,Indiana Pacers,train
Sacramento Kings,2017-02-10,Atlanta Hawks,train
Memphis Grizzlies,2017-02-10,Golden State Warriors,train
Minnesota Timberwolves,2017-02-10,New Orleans Pelicans,train
Phoenix Suns,2017-02-10,Chicago Bulls,train
New York Knicks,2017-02-10,Denver Nuggets,train
Detroit Pistons,2017-02-10,San Antonio Spurs,train
Brooklyn Nets,2017-02-10,Miami Heat,train
Milwaukee Bucks,2017-02-10,Los Angeles Lakers,train
Utah Jazz,2017-02-11,Boston Celtics,train
Houston Rockets,2017-02-11,Phoenix Suns,train
Oklahoma City Thunder,2017-02-11,Golden State Warriors,train
Dallas Mavericks,2017-02-11,Orlando Magic,train
Philadelphia 76ers,2017-02-11,Miami Heat,train
Indiana Pacers,2017-02-11,Milwaukee Bucks,train
Charlotte Hornets,2017-02-11,LA Clippers,train
Cleveland Cavaliers,2017-02-11,Denver Nuggets,train
New York Knicks,2017-02-12,San Antonio Spurs,train
Minnesota Timberwolves,2017-02-12,Chicago Bulls,train
Toronto Raptors,2017-02-12,Detroit Pistons,train
Sacramento Kings,2017-02-12,New Orleans Pelicans,train
Phoenix Suns,2017-02-13,New Orleans Pelicans,train
Portland Trail Blazers,2017-02-13,Atlanta Hawks,train
Utah Jazz,2017-02-13,LA Clippers,train
Denver Nuggets,2017-02-13,Golden State Warriors,train
Dallas Mavericks,2017-02-13,Boston Celtics,train
Miami Heat,2017-02-13,Orlando Magic,train
Indiana Pacers,2017-02-13,San Antonio Spurs,train
Brooklyn Nets,2017-02-13,Memphis Grizzlies,train
Washington Wizards,2017-02-13,Oklahoma City Thunder,train
Charlotte Hornets,2017-02-13,Philadelphia 76ers,train
Milwaukee Bucks,2017-02-13,Detroit Pistons,train
Chicago Bulls,2017-02-14,Toronto Raptors,train
Minnesota Timberwolves,2017-02-14,Cleveland Cavaliers,train
Los Angeles Lakers,2017-02-14,Sacramento Kings,train
Denver Nuggets,2017-02-15,Minnesota Timberwolves,train
LA Clippers,2017-02-15,Atlanta Hawks,train
Oklahoma City Thunder,2017-02-15,New York Knicks,train
Golden State Warriors,2017-02-15,Sacramento Kings,train
Utah Jazz,2017-02-15,Portland Trail Blazers,train
Phoenix Suns,2017-02-15,Los Angeles Lakers,train
Memphis Grizzlies,2017-02-15,New Orleans Pelicans,train
Detroit Pistons,2017-02-15,Dallas Mavericks,train
Toronto Raptors,2017-02-15,Charlotte Hornets,train
Boston Celtics,2017-02-15,Philadelphia 76ers,train
Brooklyn Nets,2017-02-15,Milwaukee Bucks,train
Orlando Magic,2017-02-15,San Antonio Spurs,train
Cleveland Cavaliers,2017-02-15,Indiana Pacers,train
Houston Rockets,2017-02-15,Miami Heat,train
Indiana Pacers,2017-02-16,Washington Wizards,train
Chicago Bulls,2017-02-16,Boston Celtics,train
Sacramento Kings,2017-02-23,Denver Nuggets,train
Cleveland Cavaliers,2017-02-23,New York Knicks,train
Golden State Warriors,2017-02-23,LA Clippers,train
Detroit Pistons,2017-02-23,Charlotte Hornets,train
Orlando Magic,2017-02-23,Portland Trail Blazers,train
New Orleans Pelicans,2017-02-23,Houston Rockets,train
Indiana Pacers,2017-02-24,Memphis Grizzlies,train
Philadelphia 76ers,2017-02-24,Washington Wizards,train
Toronto Raptors,2017-02-24,Boston Celtics,train
Atlanta Hawks,2017-02-24,Miami Heat,train
Milwaukee Bucks,2017-02-24,Utah Jazz,train
Oklahoma City Thunder,2017-02-24,Los Angeles Lakers,train
Chicago Bulls,2017-02-24,Phoenix Suns,train
Minnesota Timberwolves,2017-02-24,Dallas Mavericks,train
Denver Nuggets,2017-02-24,Brooklyn Nets,train
LA Clippers,2017-02-24,San Antonio Spurs,train
Golden State Warriors,2017-02-25,Brooklyn Nets,train
Houston Rockets,2017-02-25,Minnesota Timberwolves,train
Dallas Mavericks,2017-02-25,New Orleans Pelicans,train
Cleveland Cavaliers,2017-02-25,Chicago Bulls,train
New York Knicks,2017-02-25,Philadelphia 76ers,train
Orlando Magic,2017-02-25,Atlanta Hawks,train
Sacramento Kings,2017-02-25,Charlotte Hornets,train
Miami Heat,2017-02-25,Indiana Pacers,train
Los Angeles Lakers,2017-02-26,San Antonio Spurs,train
Milwaukee Bucks,2017-02-26,Phoenix Suns,train
Washington Wizards,2017-02-26,Utah Jazz,train
Denver Nuggets,2017-02-26,Memphis Grizzlies,train
Toronto Raptors,2017-02-26,Portland Trail Blazers,train
Detroit Pistons,2017-02-26,Boston Celtics,train
Oklahoma City Thunder,2017-02-26,New Orleans Pelicans,train
LA Clippers,2017-02-26,Charlotte Hornets,train
Sacramento Kings,2017-02-27,Minnesota Timberwolves,train
Dallas Mavericks,2017-02-27,Miami Heat,train
Houston Rockets,2017-02-27,Indiana Pacers,train
Philadelphia 76ers,2017-02-27,Golden State Warriors,train
Cleveland Cavaliers,2017-02-27,Milwaukee Bucks,train
New York Knicks,2017-02-27,Toronto Raptors,train
Boston Celtics,2017-02-27,Atlanta Hawks,train
Washington Wizards,2017-02-28,Golden State Warriors,train
Detroit Pistons,2017-02-28,Portland Trail Blazers,train
Chicago Bulls,2017-02-28,Denver Nuggets,train
Memphis Grizzlies,2017-02-28,Phoenix Suns,train
Oklahoma City Thunder,2017-02-28,Utah Jazz,train
Los Angeles Lakers,2017-02-28,Charlotte Hornets,train
New Orleans Pelicans,2017-03-01,Detroit Pistons,train
Sacramento Kings,2017-03-01,Brooklyn Nets,train
Utah Jazz,2017-03-01,Minnesota Timberwolves,train
San Antonio Spurs,2017-03-01,Indiana Pacers,train
Milwaukee Bucks,2017-03-01,Denver Nuggets,train
LA Clippers,2017-03-01,Houston Rockets,train
Atlanta Hawks,2017-03-01,Dallas Mavericks,train
Miami Heat,2017-03-01,Philadelphia 76ers,train
Toronto Raptors,2017-03-01,Washington Wizards,train
Orlando Magic,2017-03-01,New York Knicks,train
Boston Celtics,2017-03-01,Cleveland Cavaliers,train
Chicago Bulls,2017-03-02,Golden State Warriors,train
Phoenix Suns,2017-03-02,Charlotte Hornets,train
Portland Trail Blazers,2017-03-02,Oklahoma City Thunder,train
Los Angeles Lakers,2017-03-03,Boston Celtics,train
New Orleans Pelicans,2017-03-03,San Antonio Spurs,train
Phoenix Suns,2017-03-03,Oklahoma City Thunder,train
Utah Jazz,2017-03-03,Brooklyn Nets,train
Dallas Mavericks,2017-03-03,Memphis Grizzlies,train
Orlando Magic,2017-03-03,Miami Heat,train
Atlanta Hawks,2017-03-03,Cleveland Cavaliers,train
Philadelphia 76ers,2017-03-03,New York Knicks,train
Washington Wizards,2017-03-03,Toronto Raptors,train
Milwaukee Bucks,2017-03-03,LA Clippers,train
Houston Rockets,2017-03-04,Memphis Grizzlies,train
Portland Trail Blazers,2017-03-04,Brooklyn Nets,train
Denver Nuggets,2017-03-04,Charlotte Hornets,train
San Antonio Spurs,2017-03-04,Minnesota Timberwolves,train
Philadelphia 76ers,2017-03-04,Detroit Pistons,train
Milwaukee Bucks,2017-03-04,Toronto Raptors,train
Miami Heat,2017-03-04,Cleveland Cavaliers,train
Chicago Bulls,2017-03-04,LA Clippers,train
Atlanta Hawks,2017-03-05,Indiana Pacers,train
New York Knicks,2017-03-05,Golden State Warriors,train
Washington Wizards,2017-03-05,Orlando Magic,train
Phoenix Suns,2017-03-05,Boston Celtics,train
Sacramento Kings,2017-03-05,Utah Jazz,train
Dallas Mavericks,2017-03-05,Oklahoma City Thunder,train
Los Angeles Lakers,2017-03-05,New Orleans Pelicans,train
Memphis Grizzlies,2017-03-06,Brooklyn Nets,train
Denver Nuggets,2017-03-06,Sacramento Kings,train
Utah Jazz,2017-03-06,New Orleans Pelicans,train
LA Clippers,2017-03-06,Boston Celtics,train
Charlotte Hornets,2017-03-06,Indiana Pacers,train
San Antonio Spurs,2017-03-06,Houston Rockets,train
Detroit Pistons,2017-03-06,Chicago Bulls,train
Philadelphia 76ers,2017-03-06,Milwaukee Bucks,train
Cleveland Cavaliers,2017-03-06,Miami Heat,train
Orlando Magic,2017-03-06,New York Knicks,train
Atlanta Hawks,2017-03-06,Golden State Warriors,train
Oklahoma City Thunder,2017-03-07,Portland Trail Blazers,train
Dallas Mavericks,2017-03-07,Los Angeles Lakers,train
Phoenix Suns,2017-03-07,Washington Wizards,train
Denver Nuggets,2017-03-08,Washington Wizards,train
San Antonio Spurs,2017-03-08,Sacramento Kings,train
Houston Rockets,2017-03-08,Utah Jazz,train
Indiana Pacers,2017-03-08,Detroit Pistons,train
New Orleans Pelicans,2017-03-08,Toronto Raptors,train
Golden State Warriors,2017-03-08,Boston Celtics,train
Milwaukee Bucks,2017-03-08,New York Knicks,train
Atlanta Hawks,2017-03-08,Brooklyn Nets,train
Miami Heat,2017-03-08,Charlotte Hornets,train
Orlando Magic,2017-03-08,Chicago Bulls,train
Minnesota Timberwolves,2017-03-08,LA Clippers,train
Detroit Pistons,2017-03-09,Cleveland Cavaliers,train
Oklahoma City Thunder,2017-03-09,San Antonio Spurs,train
Memphis Grizzlies,2017-03-09,LA Clippers,train
Portland Trail Blazers,2017-03-09,Philadelphia 76ers,train
Phoenix Suns,2017-03-09,Los Angeles Lakers,train
Sacramento Kings,2017-03-10,Washington Wizards,train
Dallas Mavericks,2017-03-10,Brooklyn Nets,train
Denver Nuggets,2017-03-10,Boston Celtics,train
Milwaukee Bucks,2017-03-10,Indiana Pacers,train
Minnesota Timberwolves,2017-03-10,Golden State Warriors,train
Chicago Bulls,2017-03-10,Houston Rockets,train
Charlotte Hornets,2017-03-10,Orlando Magic,train
Atlanta Hawks,2017-03-10,Toronto Raptors,train
San Antonio Spurs,2017-03-11,Golden State Warriors,train
Sacramento Kings,2017-03-11,Denver Nuggets,train
Portland Trail Blazers,2017-03-11,Washington Wizards,train
Memphis Grizzlies,2017-03-11,Atlanta Hawks,train
Dallas Mavericks,2017-03-11,Phoenix Suns,train
Milwaukee Bucks,2017-03-11,Minnesota Timberwolves,train
LA Clippers,2017-03-11,Philadelphia 76ers,train
Orlando Magic,2017-03-11,Cleveland Cavaliers,train
Charlotte Hornets,2017-03-11,New Orleans Pelicans,train
Detroit Pistons,2017-03-11,New York Knicks,train
Oklahoma City Thunder,2017-03-11,Utah Jazz,train
Miami Heat,2017-03-11,Toronto Raptors,train
Boston Celtics,2017-03-12,Chicago Bulls,train
Indiana Pacers,2017-03-12,Miami Heat,train
Brooklyn Nets,2017-03-12,New York Knicks,train
Houston Rockets,2017-03-12,Cleveland Cavaliers,train
Phoenix Suns,2017-03-12,Portland Trail Blazers,train
Los Angeles Lakers,2017-03-12,Philadelphia 76ers,train
Sacramento Kings,2017-03-13,Orlando Magic,train
Denver Nuggets,2017-03-13,Los Angeles Lakers,train
Utah Jazz,2017-03-13,LA Clippers,train
Minnesota Timberwolves,2017-03-13,Washington Wizards,train
Memphis Grizzlies,2017-03-13,Milwaukee Bucks,train
Toronto Raptors,2017-03-13,Dallas Mavericks,train
Charlotte Hornets,2017-03-13,Chicago Bulls,train
San Antonio Spurs,2017-03-13,Atlanta Hawks,train
Cleveland Cavaliers,2017-03-14,Detroit Pistons,train
New York Knicks,2017-03-14,Indiana Pacers,train
Brooklyn Nets,2017-03-14,Oklahoma City Thunder,train
New Orleans Pelicans,2017-03-14,Portland Trail Blazers,train
Golden State Warriors,2017-03-14,Philadelphia 76ers,train
San Antonio Spurs,2017-03-15,Portland Trail Blazers,train
LA Clippers,2017-03-15,Milwaukee Bucks,train
Phoenix Suns,2017-03-15,Sacramento Kings,train
Houston Rockets,2017-03-15,Los Angeles Lakers,train
Chicago Bulls,2017-03-15,Memphis Grizzlies,train
Detroit Pistons,2017-03-15,Utah Jazz,train
Miami Heat,2017-03-15,New Orleans Pelicans,train
Boston Celtics,2017-03-15,Minnesota Timberwolves,train
Washington Wizards,2017-03-15,Dallas Mavericks,train
Indiana Pacers,2017-03-15,Charlotte Hornets,train
Cleveland Cavaliers,2017-03-16,Utah Jazz,train
Toronto Raptors,2017-03-16,Oklahoma City Thunder,train
Atlanta Hawks,2017-03-16,Memphis Grizzlies,train
New York Knicks,2017-03-16,Brooklyn Nets,train
Denver Nuggets,2017-03-16,LA Clippers,train
Golden State Warriors,2017-03-16,Orlando Magic,train
Los Angeles Lakers,2017-03-17,Milwaukee Bucks,train
Phoenix Suns,2017-03-17,Orlando Magic,train
New Orleans Pelicans,2017-03-17,Houston Rockets,train
Miami Heat,2017-03-17,Minnesota Timberwolves,train
Detroit Pistons,2017-03-17,Toronto Raptors,train
Washington Wizards,2017-03-17,Chicago Bulls,train
Philadelphia 76ers,2017-03-17,Dallas Mavericks,train
Brooklyn Nets,2017-03-17,Boston Celtics,train
Oklahoma City Thunder,2017-03-18,Sacramento Kings,train
Atlanta Hawks,2017-03-18,Portland Trail Blazers,train
Charlotte Hornets,2017-03-18,Washington Wizards,train
LA Clippers,2017-03-18,Cleveland Cavaliers,train
Chicago Bulls,2017-03-18,Utah Jazz,train
Memphis Grizzlies,2017-03-18,San Antonio Spurs,train
Denver Nuggets,2017-03-18,Houston Rockets,train
Golden State Warriors,2017-03-18,Milwaukee Bucks,train
New Orleans Pelicans,2017-03-19,Minnesota Timberwolves,train
San Antonio Spurs,2017-03-19,Sacramento Kings,train
Toronto Raptors,2017-03-19,Indiana Pacers,train
Los Angeles Lakers,2017-03-19,Cleveland Cavaliers,train
Detroit Pistons,2017-03-19,Phoenix Suns,train
Philadelphia 76ers,2017-03-19,Boston Celtics,train
Brooklyn Nets,2017-03-19,Dallas Mavericks,train
Miami Heat,2017-03-19,Portland Trail Blazers,train
Orlando Magic,2017-03-20,Philadelphia 76ers,train
Charlotte Hornets,2017-03-20,Atlanta Hawks,train
Indiana Pacers,2017-03-20,Utah Jazz,train
Boston Celtics,2017-03-20,Washington Wizards,train
Houston Rockets,2017-03-20,Denver Nuggets,train
Oklahoma City Thunder,2017-03-20,Golden State Warriors,train
LA Clippers,2017-03-20,New York Knicks,train
Portland Trail Blazers,2017-03-21,Milwaukee Bucks,train
Minnesota Timberwolves,2017-03-21,San Antonio Spurs,train
Dallas Mavericks,2017-03-21,Golden State Warriors,train
Los Angeles Lakers,2017-03-21,LA Clippers,train
Miami Heat,2017-03-21,Phoenix Suns,train
Brooklyn Nets,2017-03-21,Detroit Pistons,train
Toronto Raptors,2017-03-21,Chicago Bulls,train
New Orleans Pelicans,2017-03-21,Memphis Grizzlies,train
Utah Jazz,2017-03-22,New York Knicks,train
Denver Nuggets,2017-03-22,Cleveland Cavaliers,train
Oklahoma City Thunder,2017-03-22,Philadelphia 76ers,train
Sacramento Kings,2017-03-22,Milwaukee Bucks,train
Chicago Bulls,2017-03-22,Detroit Pistons,train
Boston Celtics,2017-03-22,Indiana Pacers,train
Orlando Magic,2017-03-22,Charlotte Hornets,train
Washington Wizards,2017-03-22,Atlanta Hawks,train
Miami Heat,2017-03-23,Toronto Raptors,train
Brooklyn Nets,2017-03-23,Phoenix Suns,train
Dallas Mavericks,2017-03-23,LA Clippers,train
San Antonio Spurs,2017-03-23,Memphis Grizzlies,train
Portland Trail Blazers,2017-03-23,New York Knicks,train
Houston Rockets,2017-03-24,New Orleans Pelicans,train
Los Angeles Lakers,2017-03-24,Minnesota Timberwolves,train
Chicago Bulls,2017-03-24,Philadelphia 76ers,train
Golden State Warriors,2017-03-24,Sacramento Kings,train
Milwaukee Bucks,2017-03-24,Atlanta Hawks,train
Charlotte Hornets,2017-03-24,Cleveland Cavaliers,train
Orlando Magic,2017-03-24,Detroit Pistons,train
Indiana Pacers,2017-03-24,Denver Nuggets,train
Washington Wizards,2017-03-24,Brooklyn Nets,train
Boston Celtics,2017-03-24,Phoenix Suns,train
LA Clippers,2017-03-25,Utah Jazz,train
Cleveland Cavaliers,2017-03-25,Washington Wizards,train
San Antonio Spurs,2017-03-25,New York Knicks,train
Dallas Mavericks,2017-03-25,Toronto Raptors,train
Portland Trail Blazers,2017-03-25,Minnesota Timberwolves,train
Denver Nuggets,2017-03-26,New Orleans Pelicans,train
Golden State Warriors,2017-03-26,Memphis Grizzlies,train
Indiana Pacers,2017-03-26,Philadelphia 76ers,train
Boston Celtics,2017-03-26,Miami Heat,train
Los Angeles Lakers,2017-03-26,Portland Trail Blazers,train
Houston Rockets,2017-03-26,Oklahoma City Thunder,train
LA Clippers,2017-03-26,Sacramento Kings,train
Charlotte Hornets,2017-03-26,Phoenix Suns,train
Atlanta Hawks,2017-03-26,Brooklyn Nets,train
Milwaukee Bucks,2017-03-26,Chicago Bulls,train
Toronto Raptors,2017-03-27,Orlando Magic,train
New York Knicks,2017-03-27,Detroit Pistons,train
San Antonio Spurs,2017-03-27,Cleveland Cavaliers,train
Dallas Mavericks,2017-03-27,Oklahoma City Thunder,train
Utah Jazz,2017-03-27,New Orleans Pelicans,train
Sacramento Kings,2017-03-27,Memphis Grizzlies,train
Los Angeles Lakers,2017-03-28,Washington Wizards,train
Portland Trail Blazers,2017-03-28,Denver Nuggets,train
Houston Rockets,2017-03-28,Golden State Warriors,train
Brooklyn Nets,2017-03-28,Philadelphia 76ers,train
Indiana Pacers,2017-03-28,Minnesota Timberwolves,train
Detroit Pistons,2017-03-28,Miami Heat,train
Charlotte Hornets,2017-03-28,Milwaukee Bucks,train
Atlanta Hawks,2017-03-28,Phoenix Suns,train
New Orleans Pelicans,2017-03-29,Dallas Mavericks,train
LA Clippers,2017-03-29,Washington Wizards,train
Sacramento Kings,2017-03-29,Utah Jazz,train
San Antonio Spurs,2017-03-29,Golden State Warriors,train
Memphis Grizzlies,2017-03-29,Indiana Pacers,train
Orlando Magic,2017-03-29,Oklahoma City Thunder,train
New York Knicks,2017-03-29,Miami Heat,train
Toronto Raptors,2017-03-29,Charlotte Hornets,train
Philadelphia 76ers,2017-03-29,Atlanta Hawks,train
Boston Celtics,2017-03-29,Milwaukee Bucks,train
Detroit Pistons,2017-03-30,Brooklyn Nets,train
Chicago Bulls,2017-03-30,Cleveland Cavaliers,train
Minnesota Timberwolves,2017-03-30,Los Angeles Lakers,train
Phoenix Suns,2017-03-30,LA Clippers,train
Portland Trail Blazers,2017-03-30,Houston Rockets,train
Golden State Warriors,2017-03-31,Houston Rockets,train
Oklahoma City Thunder,2017-03-31,San Antonio Spurs,train
Utah Jazz,2017-03-31,Washington Wizards,train
New Orleans Pelicans,2017-03-31,Sacramento Kings,train
Milwaukee Bucks,2017-03-31,Detroit Pistons,train
Memphis Grizzlies,2017-03-31,Dallas Mavericks,train
Boston Celtics,2017-03-31,Orlando Magic,train
Cleveland Cavaliers,2017-03-31,Philadelphia 76ers,train
Toronto Raptors,2017-03-31,Indiana Pacers,train
Charlotte Hornets,2017-03-31,Denver Nuggets,train
Miami Heat,2017-03-31,New York Knicks,train
LA Clippers,2017-04-01,Los Angeles Lakers,train
Chicago Bulls,2017-04-01,Atlanta Hawks,train
Brooklyn Nets,2017-04-01,Orlando Magic,train
Minnesota Timberwolves,2017-04-01,Sacramento Kings,train
Portland Trail Blazers,2017-04-01,Phoenix Suns,train
Brooklyn Nets,2017-04-02,Atlanta Hawks,train
Phoenix Suns,2017-04-02,Houston Rockets,train
Golden State Warriors,2017-04-02,Washington Wizards,train
Toronto Raptors,2017-04-02,Philadelphia 76ers,train
New Orleans Pelicans,2017-04-02,Chicago Bulls,train
Cleveland Cavaliers,2017-04-02,Indiana Pacers,train
New York Knicks,2017-04-02,Boston Celtics,train
Los Angeles Lakers,2017-04-02,Memphis Grizzlies,train
San Antonio Spurs,2017-04-02,Utah Jazz,train
Milwaukee Bucks,2017-04-02,Dallas Mavericks,train
Oklahoma City Thunder,2017-04-02,Charlotte Hornets,train
Miami Heat,2017-04-02,Denver Nuggets,train
Minnesota Timberwolves,2017-04-03,Portland Trail Blazers,train
Utah Jazz,2017-04-04,Portland Trail Blazers,train
Golden State Warriors,2017-04-04,Minnesota Timberwolves,train
Sacramento Kings,2017-04-04,Dallas Mavericks,train
New Orleans Pelicans,2017-04-04,Denver Nuggets,train
Oklahoma City Thunder,2017-04-04,Milwaukee Bucks,train
San Antonio Spurs,2017-04-04,Memphis Grizzlies,train
Washington Wizards,2017-04-04,Charlotte Hornets,train
Indiana Pacers,2017-04-04,Toronto Raptors,train
Cleveland Cavaliers,2017-04-04,Orlando Magic,train
Philadelphia 76ers,2017-04-04,Brooklyn Nets,train
New York Knicks,2017-04-04,Chicago Bulls,train
Charlotte Hornets,2017-04-05,Miami Heat,train
Detroit Pistons,2017-04-05,Toronto Raptors,train
Boston Celtics,2017-04-05,Cleveland Cavaliers,train
Houston Rockets,2017-04-05,Denver Nuggets,train
Memphis Grizzlies,2017-04-05,Oklahoma City Thunder,train
San Antonio Spurs,2017-04-05,Los Angeles Lakers,train
Phoenix Suns,2017-04-05,Golden State Warriors,train
LA Clippers,2017-04-05,Dallas Mavericks,train
Portland Trail Blazers,2017-04-06,Minnesota Timberwolves,train
New York Knicks,2017-04-06,Washington Wizards,train
Atlanta Hawks,2017-04-06,Boston Celtics,train
Philadelphia 76ers,2017-04-06,Chicago Bulls,train
Orlando Magic,2017-04-06,Brooklyn Nets,train
Indiana Pacers,2017-04-06,Milwaukee Bucks,train
Toronto Raptors,2017-04-07,Miami Heat,train
Cleveland Cavaliers,2017-04-07,Atlanta Hawks,train
Houston Rockets,2017-04-07,Detroit Pistons,train
Memphis Grizzlies,2017-04-07,New York Knicks,train
Dallas Mavericks,2017-04-07,San Antonio Spurs,train
Utah Jazz,2017-04-07,Minnesota Timberwolves,train
Denver Nuggets,2017-04-07,New Orleans Pelicans,train
Phoenix Suns,2017-04-07,Oklahoma City Thunder,train
Los Angeles Lakers,2017-04-07,Sacramento Kings,train
Golden State Warriors,2017-04-08,New Orleans Pelicans,train
Portland Trail Blazers,2017-04-08,Utah Jazz,train
San Antonio Spurs,2017-04-08,LA Clippers,train
Philadelphia 76ers,2017-04-08,Milwaukee Bucks,train
Washington Wizards,2017-04-08,Miami Heat,train
Charlotte Hornets,2017-04-08,Boston Celtics,train
Brooklyn Nets,2017-04-08,Chicago Bulls,train
Orlando Magic,2017-04-08,Indiana Pacers,train
New York Knicks,2017-04-09,Toronto Raptors,train
Atlanta Hawks,2017-04-09,Cleveland Cavaliers,train
Denver Nuggets,2017-04-09,Oklahoma City Thunder,train
Memphis Grizzlies,2017-04-09,Detroit Pistons,train
Sacramento Kings,2017-04-09,Houston Rockets,train
Phoenix Suns,2017-04-09,Dallas Mavericks,train
Los Angeles Lakers,2017-04-09,Minnesota Timberwolves,train
Milwaukee Bucks,2017-04-10,Charlotte Hornets,train
LA Clippers,2017-04-10,Houston Rockets,train
Portland Trail Blazers,2017-04-10,San Antonio Spurs,train
Chicago Bulls,2017-04-10,Orlando Magic,train
Golden State Warriors,2017-04-10,Utah Jazz,train
Boston Celtics,2017-04-10,Brooklyn Nets,train
Miami Heat,2017-04-10,Cleveland Cavaliers,train
Philadelphia 76ers,2017-04-10,Indiana Pacers,train
Detroit Pistons,2017-04-10,Washington Wizards,train
Atlanta Hawks,2017-04-11,Charlotte Hornets,train
Minnesota Timberwolves,2017-04-11,Oklahoma City Thunder,train
Dallas Mavericks,2017-04-11,Denver Nuggets,train
Los Angeles Lakers,2017-04-11,New Orleans Pelicans,train
Sacramento Kings,2017-04-11,Phoenix Suns,train
LA Clippers,2017-04-12,Sacramento Kings,train
Golden State Warriors,2017-04-12,Los Angeles Lakers,train
Portland Trail Blazers,2017-04-12,New Orleans Pelicans,train
Utah Jazz,2017-04-12,San Antonio Spurs,train
Chicago Bulls,2017-04-12,Brooklyn Nets,train
Miami Heat,2017-04-12,Washington Wizards,train
New York Knicks,2017-04-12,Philadelphia 76ers,train
Orlando Magic,2017-04-12,Detroit Pistons,train
Boston Celtics,2017-04-12,Milwaukee Bucks,train
Indiana Pacers,2017-04-12,Atlanta Hawks,train
Cleveland Cavaliers,2017-04-12,Toronto Raptors,train
Oklahoma City Thunder,2017-04-12,Denver Nuggets,train
Memphis Grizzlies,2017-04-12,Dallas Mavericks,train
Houston Rockets,2017-04-12,Minnesota Timberwolves,train
Cleveland Cavaliers,2017-04-15,Indiana Pacers,train
Toronto Raptors,2017-04-15,Milwaukee Bucks,train
San Antonio Spurs,2017-04-15,Memphis Grizzlies,train
LA Clippers,2017-04-15,Utah Jazz,train
Washington Wizards,2017-04-16,Atlanta Hawks,train
Golden State Warriors,2017-04-16,Portland Trail Blazers,train
Boston Celtics,2017-04-16,Chicago Bulls,train
Houston Rockets,2017-04-16,Oklahoma City Thunder,train
San Antonio Spurs,2017-04-17,Memphis Grizzlies,train
Cleveland Cavaliers,2017-04-17,Indiana Pacers,train
Toronto Raptors,2017-04-18,Milwaukee Bucks,train
Boston Celtics,2017-04-18,Chicago Bulls,train
LA Clippers,2017-04-18,Utah Jazz,train
Washington Wizards,2017-04-19,Atlanta Hawks,train
Houston Rockets,2017-04-19,Oklahoma City Thunder,train
Golden State Warriors,2017-04-19,Portland Trail Blazers,train
Indiana Pacers,2017-04-20,Cleveland Cavaliers,train
Milwaukee Bucks,2017-04-20,Toronto Raptors,train
Memphis Grizzlies,2017-04-20,San Antonio Spurs,train
Chicago Bulls,2017-04-21,Boston Celtics,train
Oklahoma City Thunder,2017-04-21,Houston Rockets,train
Utah Jazz,2017-04-21,LA Clippers,train
Memphis Grizzlies,2017-04-22,San Antonio Spurs,train
Portland Trail Blazers,2017-04-22,Golden State Warriors,train
Milwaukee Bucks,2017-04-22,Toronto Raptors,train
Atlanta Hawks,2017-04-22,Washington Wizards,train
Indiana Pacers,2017-04-23,Cleveland Cavaliers,train
Oklahoma City Thunder,2017-04-23,Houston Rockets,train
Chicago Bulls,2017-04-23,Boston Celtics,train
Utah Jazz,2017-04-23,LA Clippers,train
Atlanta Hawks,2017-04-24,Washington Wizards,train
Portland Trail Blazers,2017-04-24,Golden State Warriors,train
Toronto Raptors,2017-04-24,Milwaukee Bucks,train
San Antonio Spurs,2017-04-25,Memphis Grizzlies,train
Houston Rockets,2017-04-25,Oklahoma City Thunder,train
LA Clippers,2017-04-25,Utah Jazz,train
Washington Wizards,2017-04-26,Atlanta Hawks,train
Boston Celtics,2017-04-26,Chicago Bulls,train
Memphis Grizzlies,2017-04-27,San Antonio Spurs,train
Milwaukee Bucks,2017-04-27,Toronto Raptors,train
Atlanta Hawks,2017-04-28,Washington Wizards,train
Chicago Bulls,2017-04-28,Boston Celtics,train
Utah Jazz,2017-04-28,LA Clippers,train
LA Clippers,2017-04-30,Utah Jazz,train
Boston Celtics,2017-04-30,Washington Wizards,train
Cleveland Cavaliers,2017-05-01,Toronto Raptors,train
San Antonio Spurs,2017-05-01,Houston Rockets,train
Boston Celtics,2017-05-02,Washington Wizards,train
Golden State Warriors,2017-05-02,Utah Jazz,train
Cleveland Cavaliers,2017-05-03,Toronto Raptors,train
San Antonio Spurs,2017-05-03,Houston Rockets,train
Washington Wizards,2017-05-04,Boston Celtics,train
Golden State Warriors,2017-05-04,Utah Jazz,train
Toronto Raptors,2017-05-05,Cleveland Cavaliers,train
Houston Rockets,2017-05-05,San Antonio Spurs,train
Washington Wizards,2017-05-06,Boston Celtics,train
Houston Rockets,2017-05-06,San Antonio Spurs,train
Toronto Raptors,2017-05-06,Cleveland Cavaliers,train
Utah Jazz,2017-05-07,Golden State Warriors,train
Utah Jazz,2017-05-08,Golden State Warriors,train
San Antonio Spurs,2017-05-09,Houston Rockets,train
Boston Celtics,2017-05-10,Washington Wizards,train
Houston Rockets,2017-05-11,San Antonio Spurs,train
Washington Wizards,2017-05-12,Boston Celtics,train
Golden State Warriors,2017-05-14,San Antonio Spurs,train
Boston Celtics,2017-05-15,Washington Wizards,train
Golden State Warriors,2017-05-16,San Antonio Spurs,train
Boston Celtics,2017-05-17,Cleveland Cavaliers,train
Boston Celtics,2017-05-19,Cleveland Cavaliers,train
San Antonio Spurs,2017-05-20,Golden State Warriors,train
Cleveland Cavaliers,2017-05-21,Boston Celtics,train
San Antonio Spurs,2017-05-22,Golden State Warriors,train
Cleveland Cavaliers,2017-05-23,Boston Celtics,train
Boston Celtics,2017-05-25,Cleveland Cavaliers,train
Golden State Warriors,2017-06-01,Cleveland Cavaliers,train
Golden State Warriors,2017-06-04,Cleveland Cavaliers,train
Cleveland Cavaliers,2017-06-07,Golden State Warriors,train
Cleveland Cavaliers,2017-06-09,Golden State Warriors,train
Golden State Warriors,2017-06-12,Cleveland Cavaliers,train
Phoenix Suns,2017-10-20,Los Angeles Lakers,train
New Orleans Pelicans,2017-10-20,Golden State Warriors,train
Dallas Mavericks,2017-10-20,Sacramento Kings,train
Minnesota Timberwolves,2017-10-20,Utah Jazz,train
Brooklyn Nets,2017-10-20,Orlando Magic,train
Indiana Pacers,2017-10-20,Portland Trail Blazers,train
Milwaukee Bucks,2017-10-20,Cleveland Cavaliers,train
Washington Wizards,2017-10-20,Detroit Pistons,train
Charlotte Hornets,2017-10-20,Atlanta Hawks,train
Philadelphia 76ers,2017-10-20,Boston Celtics,train
LA Clippers,2017-10-21,Phoenix Suns,train
Utah Jazz,2017-10-21,Oklahoma City Thunder,train
Denver Nuggets,2017-10-21,Sacramento Kings,train
Milwaukee Bucks,2017-10-21,Portland Trail Blazers,train
Memphis Grizzlies,2017-10-21,Golden State Warriors,train
Toronto Raptors,2017-10-21,Philadelphia 76ers,train
Miami Heat,2017-10-21,Indiana Pacers,train
New York Knicks,2017-10-21,Detroit Pistons,train
Houston Rockets,2017-10-21,Dallas Mavericks,train
Cleveland Cavaliers,2017-10-21,Orlando Magic,train
Chicago Bulls,2017-10-21,San Antonio Spurs,train
Brooklyn Nets,2017-10-22,Atlanta Hawks,train
Oklahoma City Thunder,2017-10-22,Minnesota Timberwolves,train
Los Angeles Lakers,2017-10-22,New Orleans Pelicans,train
San Antonio Spurs,2017-10-23,Toronto Raptors,train
Denver Nuggets,2017-10-23,Washington Wizards,train
Dallas Mavericks,2017-10-23,Golden State Warriors,train
Phoenix Suns,2017-10-23,Sacramento Kings,train
Houston Rockets,2017-10-23,Memphis Grizzlies,train
Miami Heat,2017-10-23,Atlanta Hawks,train
Detroit Pistons,2017-10-23,Philadelphia 76ers,train
Milwaukee Bucks,2017-10-23,Charlotte Hornets,train
Orlando Magic,2017-10-24,Brooklyn Nets,train
Cleveland Cavaliers,2017-10-24,Chicago Bulls,train
Boston Celtics,2017-10-24,New York Knicks,train
Minnesota Timberwolves,2017-10-24,Indiana Pacers,train
Portland Trail Blazers,2017-10-24,New Orleans Pelicans,train
LA Clippers,2017-10-24,Utah Jazz,train
Golden State Warriors,2017-10-25,Toronto Raptors,train
Los Angeles Lakers,2017-10-25,Washington Wizards,train
Dallas Mavericks,2017-10-25,Memphis Grizzlies,train
Oklahoma City Thunder,2017-10-25,Indiana Pacers,train
Phoenix Suns,2017-10-25,Utah Jazz,train
Brooklyn Nets,2017-10-25,Cleveland Cavaliers,train
Charlotte Hornets,2017-10-25,Denver Nuggets,train
Philadelphia 76ers,2017-10-25,Houston Rockets,train
Detroit Pistons,2017-10-25,Minnesota Timberwolves,train
Miami Heat,2017-10-25,San Antonio Spurs,train
Memphis Grizzlies,2017-10-26,Dallas Mavericks,train
Milwaukee Bucks,2017-10-26,Boston Celtics,train
Chicago Bulls,2017-10-26,Atlanta Hawks,train
Portland Trail Blazers,2017-10-26,LA Clippers,train
Sacramento Kings,2017-10-26,New Orleans Pelicans,train
Golden State Warriors,2017-10-27,Washington Wizards,train
Los Angeles Lakers,2017-10-27,Toronto Raptors,train
Minnesota Timberwolves,2017-10-27,Oklahoma City Thunder,train
Orlando Magic,2017-10-27,San Antonio Spurs,train
New York Knicks,2017-10-27,Brooklyn Nets,train
Charlotte Hornets,2017-10-27,Houston Rockets,train
Atlanta Hawks,2017-10-27,Denver Nuggets,train
Utah Jazz,2017-10-28,Los Angeles Lakers,train
LA Clippers,2017-10-28,Detroit Pistons,train
Portland Trail Blazers,2017-10-28,Phoenix Suns,train
Dallas Mavericks,2017-10-28,Philadelphia 76ers,train
New Orleans Pelicans,2017-10-28,Cleveland Cavaliers,train
Miami Heat,2017-10-28,Boston Celtics,train
Memphis Grizzlies,2017-10-28,Houston Rockets,train
Chicago Bulls,2017-10-28,Oklahoma City Thunder,train
Atlanta Hawks,2017-10-29,Milwaukee Bucks,train
Indiana Pacers,2017-10-29,San Antonio Spurs,train
Charlotte Hornets,2017-10-29,Orlando Magic,train
Sacramento Kings,2017-10-29,Washington Wizards,train
Brooklyn Nets,2017-10-29,Denver Nuggets,train
Cleveland Cavaliers,2017-10-29,New York Knicks,train
Golden State Warriors,2017-10-29,Detroit Pistons,train
LA Clippers,2017-10-30,Golden State Warriors,train
Portland Trail Blazers,2017-10-30,Toronto Raptors,train
Utah Jazz,2017-10-30,Dallas Mavericks,train
Houston Rockets,2017-10-30,Philadelphia 76ers,train
Memphis Grizzlies,2017-10-30,Charlotte Hornets,train
Miami Heat,2017-10-30,Minnesota Timberwolves,train
New York Knicks,2017-10-30,Denver Nuggets,train
Boston Celtics,2017-10-30,San Antonio Spurs,train
New Orleans Pelicans,2017-10-30,Orlando Magic,train
Indiana Pacers,2017-10-31,Sacramento Kings,train
Brooklyn Nets,2017-10-31,Phoenix Suns,train
Milwaukee Bucks,2017-10-31,Oklahoma City Thunder,train
Los Angeles Lakers,2017-10-31,Detroit Pistons,train
New York Knicks,2017-11-01,Houston Rockets,train
Utah Jazz,2017-11-01,Portland Trail Blazers,train
Denver Nuggets,2017-11-01,Toronto Raptors,train
LA Clippers,2017-11-01,Dallas Mavericks,train
Memphis Grizzlies,2017-11-01,Orlando Magic,train
New Orleans Pelicans,2017-11-01,Minnesota Timberwolves,train
Boston Celtics,2017-11-01,Sacramento Kings,train
Washington Wizards,2017-11-01,Phoenix Suns,train
Charlotte Hornets,2017-11-01,Milwaukee Bucks,train
Miami Heat,2017-11-01,Chicago Bulls,train
Cleveland Cavaliers,2017-11-01,Indiana Pacers,train
Philadelphia 76ers,2017-11-01,Atlanta Hawks,train
San Antonio Spurs,2017-11-02,Golden State Warriors,train
Portland Trail Blazers,2017-11-02,Los Angeles Lakers,train
Oklahoma City Thunder,2017-11-03,Boston Celtics,train
Utah Jazz,2017-11-03,Toronto Raptors,train
Dallas Mavericks,2017-11-03,New Orleans Pelicans,train
San Antonio Spurs,2017-11-03,Charlotte Hornets,train
New York Knicks,2017-11-03,Phoenix Suns,train
Los Angeles Lakers,2017-11-03,Brooklyn Nets,train
Philadelphia 76ers,2017-11-03,Indiana Pacers,train
Atlanta Hawks,2017-11-03,Houston Rockets,train
Washington Wizards,2017-11-03,Cleveland Cavaliers,train
Denver Nuggets,2017-11-03,Miami Heat,train
Orlando Magic,2017-11-03,Chicago Bulls,train
Detroit Pistons,2017-11-03,Milwaukee Bucks,train
Minnesota Timberwolves,2017-11-04,Dallas Mavericks,train
Chicago Bulls,2017-11-04,New Orleans Pelicans,train
Denver Nuggets,2017-11-04,Golden State Warriors,train
LA Clippers,2017-11-04,Memphis Grizzlies,train
Detroit Pistons,2017-11-04,Sacramento Kings,train
Cleveland Cavaliers,2017-11-05,Atlanta Hawks,train
Los Angeles Lakers,2017-11-05,Memphis Grizzlies,train
Toronto Raptors,2017-11-05,Washington Wizards,train
Orlando Magic,2017-11-05,Boston Celtics,train
Houston Rockets,2017-11-05,Utah Jazz,train
San Antonio Spurs,2017-11-05,Phoenix Suns,train
New York Knicks,2017-11-05,Indiana Pacers,train
Minnesota Timberwolves,2017-11-05,Charlotte Hornets,train
Portland Trail Blazers,2017-11-05,Oklahoma City Thunder,train
LA Clippers,2017-11-05,Miami Heat,train
Golden State Warriors,2017-11-06,Miami Heat,train
Atlanta Hawks,2017-11-06,Boston Celtics,train
Phoenix Suns,2017-11-06,Brooklyn Nets,train
Denver Nuggets,2017-11-07,Brooklyn Nets,train
Cleveland Cavaliers,2017-11-07,Milwaukee Bucks,train
Washington Wizards,2017-11-07,Dallas Mavericks,train
Indiana Pacers,2017-11-07,New Orleans Pelicans,train
Toronto Raptors,2017-11-07,Chicago Bulls,train
New York Knicks,2017-11-07,Charlotte Hornets,train
San Antonio Spurs,2017-11-07,LA Clippers,train
Utah Jazz,2017-11-07,Philadelphia 76ers,train
Portland Trail Blazers,2017-11-07,Memphis Grizzlies,train
Sacramento Kings,2017-11-07,Oklahoma City Thunder,train
Golden State Warriors,2017-11-08,Minnesota Timberwolves,train
Boston Celtics,2017-11-08,Los Angeles Lakers,train
Phoenix Suns,2017-11-08,Miami Heat,train
Orlando Magic,2017-11-08,New York Knicks,train
Detroit Pistons,2017-11-08,Indiana Pacers,train
Denver Nuggets,2017-11-09,Oklahoma City Thunder,train
Sacramento Kings,2017-11-09,Philadelphia 76ers,train
Washington Wizards,2017-11-09,Los Angeles Lakers,train
Toronto Raptors,2017-11-09,New Orleans Pelicans,train
Houston Rockets,2017-11-09,Cleveland Cavaliers,train
Portland Trail Blazers,2017-11-10,Brooklyn Nets,train
Detroit Pistons,2017-11-10,Atlanta Hawks,train
Boston Celtics,2017-11-10,Charlotte Hornets,train
Chicago Bulls,2017-11-10,Indiana Pacers,train
San Antonio Spurs,2017-11-10,Milwaukee Bucks,train
Phoenix Suns,2017-11-10,Orlando Magic,train
Utah Jazz,2017-11-10,Miami Heat,train
Oklahoma City Thunder,2017-11-10,LA Clippers,train
Denver Nuggets,2017-11-11,Orlando Magic,train
San Antonio Spurs,2017-11-11,Chicago Bulls,train
Phoenix Suns,2017-11-11,Minnesota Timberwolves,train
Utah Jazz,2017-11-11,Brooklyn Nets,train
Golden State Warriors,2017-11-11,Philadelphia 76ers,train
New York Knicks,2017-11-11,Sacramento Kings,train
Dallas Mavericks,2017-11-11,Cleveland Cavaliers,train
Washington Wizards,2017-11-11,Atlanta Hawks,train
New Orleans Pelicans,2017-11-11,LA Clippers,train
Milwaukee Bucks,2017-11-11,Los Angeles Lakers,train
Houston Rockets,2017-11-11,Memphis Grizzlies,train
Boston Celtics,2017-11-12,Toronto Raptors,train
Detroit Pistons,2017-11-12,Miami Heat,train
Indiana Pacers,2017-11-12,Houston Rockets,train
Oklahoma City Thunder,2017-11-12,Dallas Mavericks,train
Golden State Warriors,2017-11-13,Orlando Magic,train
LA Clippers,2017-11-13,Philadelphia 76ers,train
Portland Trail Blazers,2017-11-13,Denver Nuggets,train
Utah Jazz,2017-11-13,Minnesota Timberwolves,train
Phoenix Suns,2017-11-13,Los Angeles Lakers,train
Milwaukee Bucks,2017-11-13,Memphis Grizzlies,train
New York Knicks,2017-11-13,Cleveland Cavaliers,train
Washington Wizards,2017-11-13,Sacramento Kings,train
New Orleans Pelicans,2017-11-13,Atlanta Hawks,train
Brooklyn Nets,2017-11-14,Boston Celtics,train
Houston Rockets,2017-11-14,Toronto Raptors,train
Dallas Mavericks,2017-11-14,San Antonio Spurs,train
Oklahoma City Thunder,2017-11-15,Chicago Bulls,train
Portland Trail Blazers,2017-11-15,Orlando Magic,train
Milwaukee Bucks,2017-11-15,Detroit Pistons,train
Memphis Grizzlies,2017-11-15,Indiana Pacers,train
New Orleans Pelicans,2017-11-15,Toronto Raptors,train
Los Angeles Lakers,2017-11-15,Philadelphia 76ers,train
Minnesota Timberwolves,2017-11-15,San Antonio Spurs,train
Atlanta Hawks,2017-11-15,Sacramento Kings,train
New York Knicks,2017-11-15,Utah Jazz,train
Miami Heat,2017-11-15,Washington Wizards,train
Charlotte Hornets,2017-11-15,Cleveland Cavaliers,train
Phoenix Suns,2017-11-16,Houston Rockets,train
Boston Celtics,2017-11-16,Golden State Warriors,train
Sacramento Kings,2017-11-17,Portland Trail Blazers,train
Indiana Pacers,2017-11-17,Detroit Pistons,train
Washington Wizards,2017-11-17,Miami Heat,train
Toronto Raptors,2017-11-17,New York Knicks,train
Cleveland Cavaliers,2017-11-17,LA Clippers,train
Brooklyn Nets,2017-11-17,Utah Jazz,train
San Antonio Spurs,2017-11-17,Oklahoma City Thunder,train
Chicago Bulls,2017-11-17,Charlotte Hornets,train
Dallas Mavericks,2017-11-17,Minnesota Timberwolves,train
Denver Nuggets,2017-11-17,New Orleans Pelicans,train
Los Angeles Lakers,2017-11-17,Phoenix Suns,train
Portland Trail Blazers,2017-11-18,Sacramento Kings,train
Dallas Mavericks,2017-11-18,Milwaukee Bucks,train
Memphis Grizzlies,2017-11-18,Houston Rockets,train
Charlotte Hornets,2017-11-18,LA Clippers,train
Philadelphia 76ers,2017-11-18,Golden State Warriors,train
Orlando Magic,2017-11-18,Utah Jazz,train
Atlanta Hawks,2017-11-18,Boston Celtics,train
Los Angeles Lakers,2017-11-19,Denver Nuggets,train
Miami Heat,2017-11-19,Indiana Pacers,train
Toronto Raptors,2017-11-19,Washington Wizards,train
Brooklyn Nets,2017-11-19,Golden State Warriors,train
Minnesota Timberwolves,2017-11-19,Detroit Pistons,train
Phoenix Suns,2017-11-19,Chicago Bulls,train
San Antonio Spurs,2017-11-20,Atlanta Hawks,train
Dallas Mavericks,2017-11-20,Boston Celtics,train
Milwaukee Bucks,2017-11-20,Washington Wizards,train
Sacramento Kings,2017-11-20,Denver Nuggets,train
Memphis Grizzlies,2017-11-20,Portland Trail Blazers,train
New Orleans Pelicans,2017-11-20,Oklahoma City Thunder,train
Orlando Magic,2017-11-20,Indiana Pacers,train
Charlotte Hornets,2017-11-20,Minnesota Timberwolves,train
Detroit Pistons,2017-11-20,Cleveland Cavaliers,train
Philadelphia 76ers,2017-11-20,Utah Jazz,train
New York Knicks,2017-11-20,LA Clippers,train
Los Angeles Lakers,2017-11-21,Chicago Bulls,train
Sacramento Kings,2017-11-22,Los Angeles Lakers,train
Phoenix Suns,2017-11-22,Milwaukee Bucks,train
New Orleans Pelicans,2017-11-22,San Antonio Spurs,train
Memphis Grizzlies,2017-11-22,Dallas Mavericks,train
Houston Rockets,2017-11-22,Denver Nuggets,train
Oklahoma City Thunder,2017-11-22,Golden State Warriors,train
Utah Jazz,2017-11-22,Chicago Bulls,train
Miami Heat,2017-11-22,Boston Celtics,train
New York Knicks,2017-11-22,Toronto Raptors,train
Atlanta Hawks,2017-11-22,LA Clippers,train
Philadelphia 76ers,2017-11-22,Portland Trail Blazers,train
Cleveland Cavaliers,2017-11-22,Brooklyn Nets,train
Charlotte Hornets,2017-11-22,Washington Wizards,train
Minnesota Timberwolves,2017-11-22,Orlando Magic,train
Golden State Warriors,2017-11-24,Chicago Bulls,train
Phoenix Suns,2017-11-24,New Orleans Pelicans,train
Denver Nuggets,2017-11-24,Memphis Grizzlies,train
Cleveland Cavaliers,2017-11-24,Charlotte Hornets,train
Indiana Pacers,2017-11-24,Toronto Raptors,train
Oklahoma City Thunder,2017-11-24,Detroit Pistons,train
Boston Celtics,2017-11-24,Orlando Magic,train
Atlanta Hawks,2017-11-24,New York Knicks,train
Brooklyn Nets,2017-11-24,Portland Trail Blazers,train
Minnesota Timberwolves,2017-11-24,Miami Heat,train
Sacramento Kings,2017-11-25,LA Clippers,train
Utah Jazz,2017-11-25,Milwaukee Bucks,train
Dallas Mavericks,2017-11-25,Oklahoma City Thunder,train
Golden State Warriors,2017-11-25,New Orleans Pelicans,train
Houston Rockets,2017-11-25,New York Knicks,train
Atlanta Hawks,2017-11-25,Toronto Raptors,train
Washington Wizards,2017-11-25,Portland Trail Blazers,train
Charlotte Hornets,2017-11-25,San Antonio Spurs,train
Philadelphia 76ers,2017-11-25,Orlando Magic,train
Indiana Pacers,2017-11-25,Boston Celtics,train
Chicago Bulls,2017-11-26,Miami Heat,train
Minnesota Timberwolves,2017-11-26,Phoenix Suns,train
Memphis Grizzlies,2017-11-26,Brooklyn Nets,train
LA Clippers,2017-11-27,Los Angeles Lakers,train
Golden State Warriors,2017-11-27,Sacramento Kings,train
San Antonio Spurs,2017-11-27,Dallas Mavericks,train
Houston Rockets,2017-11-27,Brooklyn Nets,train
Philadelphia 76ers,2017-11-27,Cleveland Cavaliers,train
New York Knicks,2017-11-27,Portland Trail Blazers,train
Indiana Pacers,2017-11-27,Orlando Magic,train
Boston Celtics,2017-11-27,Detroit Pistons,train
Sacramento Kings,2017-11-28,Milwaukee Bucks,train
Utah Jazz,2017-11-28,Denver Nuggets,train
Cleveland Cavaliers,2017-11-28,Miami Heat,train
Minnesota Timberwolves,2017-11-28,Washington Wizards,train
Chicago Bulls,2017-11-28,Phoenix Suns,train
Philadelphia 76ers,2017-11-29,Washington Wizards,train
Detroit Pistons,2017-11-29,Phoenix Suns,train
Orlando Magic,2017-11-29,Oklahoma City Thunder,train
Toronto Raptors,2017-11-29,Charlotte Hornets,train
New York Knicks,2017-11-29,Miami Heat,train
Houston Rockets,2017-11-29,Indiana Pacers,train
New Orleans Pelicans,2017-11-29,Minnesota Timberwolves,train
San Antonio Spurs,2017-11-29,Memphis Grizzlies,train
Dallas Mavericks,2017-11-29,Brooklyn Nets,train
Los Angeles Lakers,2017-11-29,Golden State Warriors,train
Portland Trail Blazers,2017-11-30,Milwaukee Bucks,train
LA Clippers,2017-11-30,Utah Jazz,train
Atlanta Hawks,2017-11-30,Cleveland Cavaliers,train
Boston Celtics,2017-11-30,Philadelphia 76ers,train
Denver Nuggets,2017-11-30,Chicago Bulls,train
Washington Wizards,2017-12-01,Detroit Pistons,train
Orlando Magic,2017-12-01,Golden State Warriors,train
Toronto Raptors,2017-12-01,Indiana Pacers,train
Oklahoma City Thunder,2017-12-01,Minnesota Timberwolves,train
Memphis Grizzlies,2017-12-01,San Antonio Spurs,train
Chicago Bulls,2017-12-01,Sacramento Kings,train
Miami Heat,2017-12-01,Charlotte Hornets,train
Utah Jazz,2017-12-01,New Orleans Pelicans,train
Portland Trail Blazers,2017-12-02,New Orleans Pelicans,train
Denver Nuggets,2017-12-02,Los Angeles Lakers,train
Milwaukee Bucks,2017-12-02,Sacramento Kings,train
Cleveland Cavaliers,2017-12-02,Memphis Grizzlies,train
Brooklyn Nets,2017-12-02,Atlanta Hawks,train
Dallas Mavericks,2017-12-02,LA Clippers,train
Boston Celtics,2017-12-02,Phoenix Suns,train
Philadelphia 76ers,2017-12-02,Detroit Pistons,train
New York Knicks,2017-12-03,Orlando Magic,train
Miami Heat,2017-12-03,Golden State Warriors,train
Minnesota Timberwolves,2017-12-03,LA Clippers,train
Oklahoma City Thunder,2017-12-03,San Antonio Spurs,train
Los Angeles Lakers,2017-12-03,Houston Rockets,train
Memphis Grizzlies,2017-12-04,Minnesota Timberwolves,train
Utah Jazz,2017-12-04,Washington Wizards,train
New Orleans Pelicans,2017-12-04,Golden State Warriors,train
Chicago Bulls,2017-12-04,Cleveland Cavaliers,train
San Antonio Spurs,2017-12-04,Detroit Pistons,train
Boston Celtics,2017-12-04,Milwaukee Bucks,train
Atlanta Hawks,2017-12-04,Brooklyn Nets,train
Indiana Pacers,2017-12-04,New York Knicks,train
Dallas Mavericks,2017-12-04,Denver Nuggets,train
Charlotte Hornets,2017-12-04,Orlando Magic,train
Philadelphia 76ers,2017-12-04,Phoenix Suns,train
Toronto Raptors,2017-12-05,Phoenix Suns,train
Oklahoma City Thunder,2017-12-05,Utah Jazz,train
Portland Trail Blazers,2017-12-05,Washington Wizards,train
San Antonio Spurs,2017-12-06,Miami Heat,train
LA Clippers,2017-12-06,Minnesota Timberwolves,train
Milwaukee Bucks,2017-12-06,Detroit Pistons,train
Charlotte Hornets,2017-12-06,Golden State Warriors,train
New Orleans Pelicans,2017-12-06,Denver Nuggets,train
New York Knicks,2017-12-06,Memphis Grizzlies,train
Cleveland Cavaliers,2017-12-06,Sacramento Kings,train
Indiana Pacers,2017-12-06,Chicago Bulls,train
Orlando Magic,2017-12-06,Atlanta Hawks,train
Boston Celtics,2017-12-06,Dallas Mavericks,train
Utah Jazz,2017-12-07,Houston Rockets,train
Brooklyn Nets,2017-12-07,Oklahoma City Thunder,train
Philadelphia 76ers,2017-12-07,Los Angeles Lakers,train
Phoenix Suns,2017-12-07,Washington Wizards,train
Charlotte Hornets,2017-12-08,Chicago Bulls,train
Indiana Pacers,2017-12-08,Cleveland Cavaliers,train
Orlando Magic,2017-12-08,Denver Nuggets,train
Detroit Pistons,2017-12-08,Golden State Warriors,train
New Orleans Pelicans,2017-12-08,Sacramento Kings,train
Milwaukee Bucks,2017-12-08,Dallas Mavericks,train
Memphis Grizzlies,2017-12-08,Toronto Raptors,train
San Antonio Spurs,2017-12-08,Boston Celtics,train
Milwaukee Bucks,2017-12-09,Utah Jazz,train
Memphis Grizzlies,2017-12-09,Oklahoma City Thunder,train
Phoenix Suns,2017-12-09,San Antonio Spurs,train
Portland Trail Blazers,2017-12-09,Houston Rockets,train
Chicago Bulls,2017-12-09,New York Knicks,train
Atlanta Hawks,2017-12-09,Orlando Magic,train
Charlotte Hornets,2017-12-09,Los Angeles Lakers,train
Brooklyn Nets,2017-12-09,Miami Heat,train
LA Clippers,2017-12-09,Washington Wizards,train
Cleveland Cavaliers,2017-12-09,Philadelphia 76ers,train
Sacramento Kings,2017-12-10,Toronto Raptors,train
Detroit Pistons,2017-12-10,Boston Celtics,train
Indiana Pacers,2017-12-10,Denver Nuggets,train
Minnesota Timberwolves,2017-12-10,Dallas Mavericks,train
New Orleans Pelicans,2017-12-10,Philadelphia 76ers,train
New York Knicks,2017-12-10,Atlanta Hawks,train
LA Clippers,2017-12-11,Toronto Raptors,train
Golden State Warriors,2017-12-11,Portland Trail Blazers,train
Oklahoma City Thunder,2017-12-11,Charlotte Hornets,train
Houston Rockets,2017-12-11,New Orleans Pelicans,train
Memphis Grizzlies,2017-12-11,Miami Heat,train
Chicago Bulls,2017-12-11,Boston Celtics,train
Cleveland Cavaliers,2017-12-12,Atlanta Hawks,train
Detroit Pistons,2017-12-12,Denver Nuggets,train
New York Knicks,2017-12-12,Los Angeles Lakers,train
Brooklyn Nets,2017-12-12,Washington Wizards,train
Minnesota Timberwolves,2017-12-12,Philadelphia 76ers,train
Dallas Mavericks,2017-12-12,San Antonio Spurs,train
Sacramento Kings,2017-12-12,Phoenix Suns,train
Phoenix Suns,2017-12-13,Toronto Raptors,train
New Orleans Pelicans,2017-12-13,Milwaukee Bucks,train
Chicago Bulls,2017-12-13,Utah Jazz,train
Miami Heat,2017-12-13,Portland Trail Blazers,train
Houston Rockets,2017-12-13,Charlotte Hornets,train
Indiana Pacers,2017-12-13,Oklahoma City Thunder,train
Washington Wizards,2017-12-13,Memphis Grizzlies,train
Orlando Magic,2017-12-13,LA Clippers,train
Boston Celtics,2017-12-13,Denver Nuggets,train
Atlanta Hawks,2017-12-14,Detroit Pistons,train
Brooklyn Nets,2017-12-14,New York Knicks,train
Cleveland Cavaliers,2017-12-14,Los Angeles Lakers,train
Minnesota Timberwolves,2017-12-14,Sacramento Kings,train
Golden State Warriors,2017-12-14,Dallas Mavericks,train
Houston Rockets,2017-12-15,San Antonio Spurs,train
Memphis Grizzlies,2017-12-15,Atlanta Hawks,train
Milwaukee Bucks,2017-12-15,Chicago Bulls,train
Toronto Raptors,2017-12-15,Brooklyn Nets,train
Boston Celtics,2017-12-15,Utah Jazz,train
Denver Nuggets,2017-12-15,New Orleans Pelicans,train
Orlando Magic,2017-12-15,Portland Trail Blazers,train
Washington Wizards,2017-12-15,LA Clippers,train
Charlotte Hornets,2017-12-15,Miami Heat,train
Indiana Pacers,2017-12-15,Detroit Pistons,train
Philadelphia 76ers,2017-12-15,Oklahoma City Thunder,train
Memphis Grizzlies,2017-12-16,Boston Celtics,train
San Antonio Spurs,2017-12-16,Dallas Mavericks,train
Minnesota Timberwolves,2017-12-16,Phoenix Suns,train
Houston Rockets,2017-12-16,Milwaukee Bucks,train
New York Knicks,2017-12-16,Oklahoma City Thunder,train
Cleveland Cavaliers,2017-12-16,Utah Jazz,train
Charlotte Hornets,2017-12-16,Portland Trail Blazers,train
Miami Heat,2017-12-16,LA Clippers,train
Toronto Raptors,2017-12-17,Sacramento Kings,train
Detroit Pistons,2017-12-17,Orlando Magic,train
Brooklyn Nets,2017-12-17,Indiana Pacers,train
Washington Wizards,2017-12-17,Cleveland Cavaliers,train
Minnesota Timberwolves,2017-12-18,Portland Trail Blazers,train
San Antonio Spurs,2017-12-18,LA Clippers,train
Dallas Mavericks,2017-12-18,Phoenix Suns,train
Los Angeles Lakers,2017-12-18,Golden State Warriors,train
Houston Rockets,2017-12-18,Utah Jazz,train
Atlanta Hawks,2017-12-18,Miami Heat,train
Chicago Bulls,2017-12-18,Philadelphia 76ers,train
Indiana Pacers,2017-12-18,Boston Celtics,train
Charlotte Hornets,2017-12-18,New York Knicks,train
Oklahoma City Thunder,2017-12-18,Denver Nuggets,train
Washington Wizards,2017-12-19,New Orleans Pelicans,train
Philadelphia 76ers,2017-12-19,Sacramento Kings,train
Milwaukee Bucks,2017-12-19,Cleveland Cavaliers,train
LA Clippers,2017-12-20,Phoenix Suns,train
Golden State Warriors,2017-12-20,Memphis Grizzlies,train
Portland Trail Blazers,2017-12-20,San Antonio Spurs,train
Denver Nuggets,2017-12-20,Minnesota Timberwolves,train
Dallas Mavericks,2017-12-20,Detroit Pistons,train
Chicago Bulls,2017-12-20,Orlando Magic,train
Oklahoma City Thunder,2017-12-20,Utah Jazz,train
Boston Celtics,2017-12-20,Miami Heat,train
Atlanta Hawks,2017-12-20,Indiana Pacers,train
Brooklyn Nets,2017-12-20,Sacramento Kings,train
Charlotte Hornets,2017-12-20,Toronto Raptors,train
Houston Rockets,2017-12-20,Los Angeles Lakers,train
Philadelphia 76ers,2017-12-21,Toronto Raptors,train
Cleveland Cavaliers,2017-12-21,Chicago Bulls,train
New York Knicks,2017-12-21,Boston Celtics,train
Phoenix Suns,2017-12-21,Memphis Grizzlies,train
Utah Jazz,2017-12-21,San Antonio Spurs,train
Houston Rockets,2017-12-22,LA Clippers,train
Golden State Warriors,2017-12-22,Los Angeles Lakers,train
Milwaukee Bucks,2017-12-22,Charlotte Hornets,train
Oklahoma City Thunder,2017-12-22,Atlanta Hawks,train
Portland Trail Blazers,2017-12-22,Denver Nuggets,train
Brooklyn Nets,2017-12-22,Washington Wizards,train
Orlando Magic,2017-12-22,New Orleans Pelicans,train
Detroit Pistons,2017-12-22,New York Knicks,train
Miami Heat,2017-12-22,Dallas Mavericks,train
Sacramento Kings,2017-12-23,San Antonio Spurs,train
Los Angeles Lakers,2017-12-23,Portland Trail Blazers,train
Phoenix Suns,2017-12-23,Minnesota Timberwolves,train
Golden State Warriors,2017-12-23,Denver Nuggets,train
Utah Jazz,2017-12-23,Oklahoma City Thunder,train
Memphis Grizzlies,2017-12-23,LA Clippers,train
Atlanta Hawks,2017-12-23,Dallas Mavericks,train
Boston Celtics,2017-12-23,Chicago Bulls,train
Charlotte Hornets,2017-12-23,Milwaukee Bucks,train
Indiana Pacers,2017-12-23,Brooklyn Nets,train
Washington Wizards,2017-12-23,Orlando Magic,train
Toronto Raptors,2017-12-23,Philadelphia 76ers,train
Miami Heat,2017-12-23,New Orleans Pelicans,train
Los Angeles Lakers,2017-12-25,Minnesota Timberwolves,train
Oklahoma City Thunder,2017-12-25,Houston Rockets,train
New York Knicks,2017-12-25,Philadelphia 76ers,train
Golden State Warriors,2017-12-25,Cleveland Cavaliers,train
Boston Celtics,2017-12-25,Washington Wizards,train
Dallas Mavericks,2017-12-26,Toronto Raptors,train
Detroit Pistons,2017-12-26,Indiana Pacers,train
Miami Heat,2017-12-26,Orlando Magic,train
Milwaukee Bucks,2017-12-26,Chicago Bulls,train
San Antonio Spurs,2017-12-26,Brooklyn Nets,train
Denver Nuggets,2017-12-26,Utah Jazz,train
Phoenix Suns,2017-12-26,Memphis Grizzlies,train
LA Clippers,2017-12-26,Sacramento Kings,train
Minnesota Timberwolves,2017-12-27,Denver Nuggets,train
Golden State Warriors,2017-12-27,Utah Jazz,train
Los Angeles Lakers,2017-12-27,Memphis Grizzlies,train
Sacramento Kings,2017-12-27,Cleveland Cavaliers,train
Oklahoma City Thunder,2017-12-27,Toronto Raptors,train
New Orleans Pelicans,2017-12-27,Brooklyn Nets,train
Chicago Bulls,2017-12-27,New York Knicks,train
Atlanta Hawks,2017-12-27,Washington Wizards,train
Indiana Pacers,2017-12-27,Dallas Mavericks,train
Charlotte Hornets,2017-12-27,Boston Celtics,train
Orlando Magic,2017-12-28,Detroit Pistons,train
Boston Celtics,2017-12-28,Houston Rockets,train
Milwaukee Bucks,2017-12-28,Minnesota Timberwolves,train
San Antonio Spurs,2017-12-28,New York Knicks,train
Portland Trail Blazers,2017-12-28,Philadelphia 76ers,train
Golden State Warriors,2017-12-29,Charlotte Hornets,train
Los Angeles Lakers,2017-12-29,LA Clippers,train
Sacramento Kings,2017-12-29,Phoenix Suns,train
New Orleans Pelicans,2017-12-29,Dallas Mavericks,train
Miami Heat,2017-12-29,Brooklyn Nets,train
Chicago Bulls,2017-12-29,Indiana Pacers,train
Toronto Raptors,2017-12-29,Atlanta Hawks,train
Washington Wizards,2017-12-29,Houston Rockets,train
Oklahoma City Thunder,2017-12-29,Milwaukee Bucks,train
New Orleans Pelicans,2017-12-30,New York Knicks,train
Orlando Magic,2017-12-30,Miami Heat,train
Detroit Pistons,2017-12-30,San Antonio Spurs,train
Atlanta Hawks,2017-12-30,Portland Trail Blazers,train
Utah Jazz,2017-12-30,Cleveland Cavaliers,train
Golden State Warriors,2017-12-30,Memphis Grizzlies,train
Denver Nuggets,2017-12-30,Philadelphia 76ers,train
Houston Rockets,2017-12-31,Los Angeles Lakers,train
Phoenix Suns,2017-12-31,Philadelphia 76ers,train
LA Clippers,2017-12-31,Charlotte Hornets,train
Sacramento Kings,2017-12-31,Memphis Grizzlies,train
Oklahoma City Thunder,2017-12-31,Dallas Mavericks,train
Boston Celtics,2017-12-31,Brooklyn Nets,train
Indiana Pacers,2017-12-31,Minnesota Timberwolves,train
Washington Wizards,2017-12-31,Chicago Bulls,train
Brooklyn Nets,2018-01-01,Orlando Magic,train
Toronto Raptors,2018-01-01,Milwaukee Bucks,train
Minnesota Timberwolves,2018-01-01,Los Angeles Lakers,train
Chicago Bulls,2018-01-01,Portland Trail Blazers,train
LA Clippers,2018-01-02,Memphis Grizzlies,train
Sacramento Kings,2018-01-02,Charlotte Hornets,train
New York Knicks,2018-01-02,San Antonio Spurs,train
Cleveland Cavaliers,2018-01-02,Portland Trail Blazers,train
Phoenix Suns,2018-01-02,Atlanta Hawks,train
Boston Celtics,2018-01-03,Cleveland Cavaliers,train
Los Angeles Lakers,2018-01-03,Oklahoma City Thunder,train
Utah Jazz,2018-01-03,New Orleans Pelicans,train
Denver Nuggets,2018-01-03,Phoenix Suns,train
Dallas Mavericks,2018-01-03,Golden State Warriors,train
Chicago Bulls,2018-01-03,Toronto Raptors,train
Philadelphia 76ers,2018-01-03,San Antonio Spurs,train
Miami Heat,2018-01-03,Detroit Pistons,train
Brooklyn Nets,2018-01-03,Minnesota Timberwolves,train
Orlando Magic,2018-01-03,Houston Rockets,train
Washington Wizards,2018-01-03,New York Knicks,train
Milwaukee Bucks,2018-01-03,Indiana Pacers,train
LA Clippers,2018-01-04,Oklahoma City Thunder,train
Houston Rockets,2018-01-04,Golden State Warriors,train
Portland Trail Blazers,2018-01-05,Atlanta Hawks,train
Denver Nuggets,2018-01-05,Utah Jazz,train
Los Angeles Lakers,2018-01-05,Charlotte Hornets,train
San Antonio Spurs,2018-01-05,Phoenix Suns,train
Memphis Grizzlies,2018-01-05,Washington Wizards,train
Milwaukee Bucks,2018-01-05,Toronto Raptors,train
Boston Celtics,2018-01-05,Minnesota Timberwolves,train
Dallas Mavericks,2018-01-05,Chicago Bulls,train
Philadelphia 76ers,2018-01-05,Detroit Pistons,train
Miami Heat,2018-01-05,New York Knicks,train
LA Clippers,2018-01-06,Golden State Warriors,train
Brooklyn Nets,2018-01-06,Boston Celtics,train
Indiana Pacers,2018-01-06,Chicago Bulls,train
Orlando Magic,2018-01-06,Cleveland Cavaliers,train
Detroit Pistons,2018-01-06,Houston Rockets,train
Washington Wizards,2018-01-06,Milwaukee Bucks,train
Minnesota Timberwolves,2018-01-06,New Orleans Pelicans,train
Sacramento Kings,2018-01-06,Denver Nuggets,train
Portland Trail Blazers,2018-01-07,San Antonio Spurs,train
Phoenix Suns,2018-01-07,Oklahoma City Thunder,train
Los Angeles Lakers,2018-01-07,Atlanta Hawks,train
Miami Heat,2018-01-07,Utah Jazz,train
Dallas Mavericks,2018-01-07,New York Knicks,train
LA Clippers,2018-01-08,Atlanta Hawks,train
Sacramento Kings,2018-01-08,San Antonio Spurs,train
New Orleans Pelicans,2018-01-08,Detroit Pistons,train
Golden State Warriors,2018-01-08,Denver Nuggets,train
Minnesota Timberwolves,2018-01-08,Cleveland Cavaliers,train
Brooklyn Nets,2018-01-08,Toronto Raptors,train
Indiana Pacers,2018-01-08,Milwaukee Bucks,train
Chicago Bulls,2018-01-08,Houston Rockets,train
Toronto Raptors,2018-01-09,Miami Heat,train
Oklahoma City Thunder,2018-01-09,Portland Trail Blazers,train
Dallas Mavericks,2018-01-09,Orlando Magic,train
Los Angeles Lakers,2018-01-09,Sacramento Kings,train
Houston Rockets,2018-01-10,Portland Trail Blazers,train
Golden State Warriors,2018-01-10,LA Clippers,train
Denver Nuggets,2018-01-10,Atlanta Hawks,train
Minnesota Timberwolves,2018-01-10,Oklahoma City Thunder,train
Memphis Grizzlies,2018-01-10,New Orleans Pelicans,train
New York Knicks,2018-01-10,Chicago Bulls,train
Brooklyn Nets,2018-01-10,Detroit Pistons,train
Charlotte Hornets,2018-01-10,Dallas Mavericks,train
Washington Wizards,2018-01-10,Utah Jazz,train
Indiana Pacers,2018-01-10,Miami Heat,train
Milwaukee Bucks,2018-01-10,Orlando Magic,train
Toronto Raptors,2018-01-11,Cleveland Cavaliers,train
Sacramento Kings,2018-01-11,LA Clippers,train
Los Angeles Lakers,2018-01-11,San Antonio Spurs,train
Philadelphia 76ers,2018-01-11,Boston Celtics,train
Denver Nuggets,2018-01-12,Memphis Grizzlies,train
Phoenix Suns,2018-01-12,Houston Rockets,train
Milwaukee Bucks,2018-01-12,Golden State Warriors,train
Minnesota Timberwolves,2018-01-12,New York Knicks,train
New Orleans Pelicans,2018-01-12,Portland Trail Blazers,train
Washington Wizards,2018-01-12,Orlando Magic,train
Charlotte Hornets,2018-01-12,Utah Jazz,train
Indiana Pacers,2018-01-12,Cleveland Cavaliers,train
Atlanta Hawks,2018-01-12,Brooklyn Nets,train
Dallas Mavericks,2018-01-13,Los Angeles Lakers,train
LA Clippers,2018-01-13,Sacramento Kings,train
Charlotte Hornets,2018-01-13,Oklahoma City Thunder,train
Washington Wizards,2018-01-13,Brooklyn Nets,train
Toronto Raptors,2018-01-13,Golden State Warriors,train
Chicago Bulls,2018-01-13,Detroit Pistons,train
San Antonio Spurs,2018-01-13,Denver Nuggets,train
Minnesota Timberwolves,2018-01-14,Portland Trail Blazers,train
Miami Heat,2018-01-14,Milwaukee Bucks,train
New York Knicks,2018-01-14,New Orleans Pelicans,train
Phoenix Suns,2018-01-14,Indiana Pacers,train
Oklahoma City Thunder,2018-01-15,Sacramento Kings,train
Cleveland Cavaliers,2018-01-15,Golden State Warriors,train
LA Clippers,2018-01-15,Houston Rockets,train
Utah Jazz,2018-01-15,Indiana Pacers,train
Memphis Grizzlies,2018-01-15,Los Angeles Lakers,train
Detroit Pistons,2018-01-15,Charlotte Hornets,train
Brooklyn Nets,2018-01-15,New York Knicks,train
Atlanta Hawks,2018-01-15,San Antonio Spurs,train
Washington Wizards,2018-01-15,Milwaukee Bucks,train
Philadelphia 76ers,2018-01-15,Toronto Raptors,train
Chicago Bulls,2018-01-15,Miami Heat,train
Orlando Magic,2018-01-16,Minnesota Timberwolves,train
Boston Celtics,2018-01-16,New Orleans Pelicans,train
Denver Nuggets,2018-01-16,Dallas Mavericks,train
Portland Trail Blazers,2018-01-16,Phoenix Suns,train
LA Clippers,2018-01-17,Denver Nuggets,train
Sacramento Kings,2018-01-17,Utah Jazz,train
Chicago Bulls,2018-01-17,Golden State Warriors,train
Memphis Grizzlies,2018-01-17,New York Knicks,train
Oklahoma City Thunder,2018-01-17,Los Angeles Lakers,train
Atlanta Hawks,2018-01-17,New Orleans Pelicans,train
Brooklyn Nets,2018-01-17,San Antonio Spurs,train
Toronto Raptors,2018-01-17,Detroit Pistons,train
Charlotte Hornets,2018-01-17,Washington Wizards,train
Milwaukee Bucks,2018-01-17,Miami Heat,train
Cleveland Cavaliers,2018-01-18,Orlando Magic,train
Boston Celtics,2018-01-18,Philadelphia 76ers,train
Houston Rockets,2018-01-18,Minnesota Timberwolves,train
Portland Trail Blazers,2018-01-18,Indiana Pacers,train
Los Angeles Lakers,2018-01-19,Indiana Pacers,train
Utah Jazz,2018-01-19,New York Knicks,train
Denver Nuggets,2018-01-19,Phoenix Suns,train
Toronto Raptors,2018-01-19,San Antonio Spurs,train
Detroit Pistons,2018-01-19,Washington Wizards,train
Brooklyn Nets,2018-01-19,Miami Heat,train
Memphis Grizzlies,2018-01-19,Sacramento Kings,train
Utah Jazz,2018-01-20,LA Clippers,train
Portland Trail Blazers,2018-01-20,Dallas Mavericks,train
Minnesota Timberwolves,2018-01-20,Toronto Raptors,train
Houston Rockets,2018-01-20,Golden State Warriors,train
Cleveland Cavaliers,2018-01-20,Oklahoma City Thunder,train
Charlotte Hornets,2018-01-20,Miami Heat,train
New Orleans Pelicans,2018-01-20,Memphis Grizzlies,train
Atlanta Hawks,2018-01-20,Chicago Bulls,train
Philadelphia 76ers,2018-01-20,Milwaukee Bucks,train
Boston Celtics,2018-01-21,Orlando Magic,train
Los Angeles Lakers,2018-01-21,New York Knicks,train
Detroit Pistons,2018-01-21,Brooklyn Nets,train
San Antonio Spurs,2018-01-21,Indiana Pacers,train
LA Clippers,2018-01-22,Minnesota Timberwolves,train
Denver Nuggets,2018-01-22,Portland Trail Blazers,train
Dallas Mavericks,2018-01-22,Washington Wizards,train
Milwaukee Bucks,2018-01-22,Phoenix Suns,train
Memphis Grizzlies,2018-01-22,Philadelphia 76ers,train
New Orleans Pelicans,2018-01-22,Chicago Bulls,train
Atlanta Hawks,2018-01-22,Utah Jazz,train
Charlotte Hornets,2018-01-22,Sacramento Kings,train
Houston Rockets,2018-01-22,Miami Heat,train
Orlando Magic,2018-01-23,Sacramento Kings,train
San Antonio Spurs,2018-01-23,Cleveland Cavaliers,train
Oklahoma City Thunder,2018-01-23,Brooklyn Nets,train
Golden State Warriors,2018-01-23,New York Knicks,train
Los Angeles Lakers,2018-01-23,Boston Celtics,train
Memphis Grizzlies,2018-01-24,San Antonio Spurs,train
Portland Trail Blazers,2018-01-24,Minnesota Timberwolves,train
Dallas Mavericks,2018-01-24,Houston Rockets,train
Atlanta Hawks,2018-01-24,Toronto Raptors,train
LA Clippers,2018-01-24,Boston Celtics,train
Detroit Pistons,2018-01-24,Utah Jazz,train
Charlotte Hornets,2018-01-24,New Orleans Pelicans,train
Philadelphia 76ers,2018-01-24,Chicago Bulls,train
Indiana Pacers,2018-01-24,Phoenix Suns,train
Miami Heat,2018-01-25,Sacramento Kings,train
Oklahoma City Thunder,2018-01-25,Washington Wizards,train
Denver Nuggets,2018-01-25,New York Knicks,train
Golden State Warriors,2018-01-25,Minnesota Timberwolves,train
Phoenix Suns,2018-01-26,New York Knicks,train
Dallas Mavericks,2018-01-26,Portland Trail Blazers,train
San Antonio Spurs,2018-01-26,Philadelphia 76ers,train
Chicago Bulls,2018-01-26,Los Angeles Lakers,train
Memphis Grizzlies,2018-01-26,LA Clippers,train
New Orleans Pelicans,2018-01-26,Houston Rockets,train
Toronto Raptors,2018-01-26,Utah Jazz,train
Cleveland Cavaliers,2018-01-26,Indiana Pacers,train
Charlotte Hornets,2018-01-26,Atlanta Hawks,train
Milwaukee Bucks,2018-01-26,Brooklyn Nets,train
Detroit Pistons,2018-01-27,Oklahoma City Thunder,train
Indiana Pacers,2018-01-27,Orlando Magic,train
Atlanta Hawks,2018-01-27,Washington Wizards,train
Miami Heat,2018-01-27,Charlotte Hornets,train
Golden State Warriors,2018-01-27,Boston Celtics,train
Minnesota Timberwolves,2018-01-27,Brooklyn Nets,train
Denver Nuggets,2018-01-27,Dallas Mavericks,train
Cleveland Cavaliers,2018-01-28,Detroit Pistons,train
Oklahoma City Thunder,2018-01-28,Philadelphia 76ers,train
Toronto Raptors,2018-01-28,Los Angeles Lakers,train
San Antonio Spurs,2018-01-28,Sacramento Kings,train
Chicago Bulls,2018-01-28,Milwaukee Bucks,train
Houston Rockets,2018-01-28,Phoenix Suns,train
New Orleans Pelicans,2018-01-28,LA Clippers,train
Indiana Pacers,2018-01-29,Charlotte Hornets,train
Atlanta Hawks,2018-01-29,Minnesota Timberwolves,train
Memphis Grizzlies,2018-01-29,Phoenix Suns,train
Milwaukee Bucks,2018-01-29,Philadelphia 76ers,train
Dallas Mavericks,2018-01-29,Miami Heat,train
Denver Nuggets,2018-01-29,Boston Celtics,train
Utah Jazz,2018-01-30,Golden State Warriors,train
San Antonio Spurs,2018-01-30,Denver Nuggets,train
New Orleans Pelicans,2018-01-30,Sacramento Kings,train
Houston Rockets,2018-01-30,Orlando Magic,train
LA Clippers,2018-01-30,Portland Trail Blazers,train
Toronto Raptors,2018-01-30,Minnesota Timberwolves,train
New York Knicks,2018-01-30,Brooklyn Nets,train
Washington Wizards,2018-01-30,Oklahoma City Thunder,train
Detroit Pistons,2018-01-30,Cleveland Cavaliers,train
Phoenix Suns,2018-01-31,Dallas Mavericks,train
Boston Celtics,2018-01-31,New York Knicks,train
Atlanta Hawks,2018-01-31,Charlotte Hornets,train
Portland Trail Blazers,2018-01-31,Chicago Bulls,train
Brooklyn Nets,2018-01-31,Philadelphia 76ers,train
Orlando Magic,2018-01-31,Los Angeles Lakers,train
Indiana Pacers,2018-01-31,Memphis Grizzlies,train
Cleveland Cavaliers,2018-01-31,Miami Heat,train
Washington Wizards,2018-02-01,Toronto Raptors,train
Detroit Pistons,2018-02-01,Memphis Grizzlies,train
San Antonio Spurs,2018-02-01,Houston Rockets,train
Minnesota Timberwolves,2018-02-01,Milwaukee Bucks,train
Denver Nuggets,2018-02-01,Oklahoma City Thunder,train
Phoenix Suns,2018-02-02,Utah Jazz,train
Sacramento Kings,2018-02-02,Golden State Warriors,train
Oklahoma City Thunder,2018-02-02,New Orleans Pelicans,train
Milwaukee Bucks,2018-02-02,New York Knicks,train
Philadelphia 76ers,2018-02-02,Miami Heat,train
Brooklyn Nets,2018-02-02,Los Angeles Lakers,train
Toronto Raptors,2018-02-02,Portland Trail Blazers,train
Boston Celtics,2018-02-02,Atlanta Hawks,train
Charlotte Hornets,2018-02-02,Indiana Pacers,train
LA Clippers,2018-02-03,Chicago Bulls,train
Orlando Magic,2018-02-03,Washington Wizards,train
Indiana Pacers,2018-02-03,Philadelphia 76ers,train
Detroit Pistons,2018-02-03,Miami Heat,train
Cleveland Cavaliers,2018-02-03,Houston Rockets,train
Minnesota Timberwolves,2018-02-03,New Orleans Pelicans,train
San Antonio Spurs,2018-02-03,Utah Jazz,train
Denver Nuggets,2018-02-03,Golden State Warriors,train
Sacramento Kings,2018-02-03,Dallas Mavericks,train
Phoenix Suns,2018-02-04,Charlotte Hornets,train
Oklahoma City Thunder,2018-02-04,Los Angeles Lakers,train
Boston Celtics,2018-02-04,Portland Trail Blazers,train
Brooklyn Nets,2018-02-04,Milwaukee Bucks,train
New York Knicks,2018-02-04,Atlanta Hawks,train
Toronto Raptors,2018-02-04,Memphis Grizzlies,train
Detroit Pistons,2018-02-05,Portland Trail Blazers,train
Indiana Pacers,2018-02-05,Washington Wizards,train
Miami Heat,2018-02-05,Orlando Magic,train
New Orleans Pelicans,2018-02-05,Utah Jazz,train
Denver Nuggets,2018-02-05,Charlotte Hornets,train
Sacramento Kings,2018-02-05,Chicago Bulls,train
LA Clippers,2018-02-05,Dallas Mavericks,train
Los Angeles Lakers,2018-02-06,Phoenix Suns,train
Golden State Warriors,2018-02-06,Oklahoma City Thunder,train
Toronto Raptors,2018-02-06,Boston Celtics,train
Philadelphia 76ers,2018-02-06,Washington Wizards,train
New York Knicks,2018-02-06,Milwaukee Bucks,train
Atlanta Hawks,2018-02-06,Memphis Grizzlies,train
Brooklyn Nets,2018-02-06,Houston Rockets,train
Orlando Magic,2018-02-06,Cleveland Cavaliers,train
Detroit Pistons,2018-02-07,Brooklyn Nets,train
Miami Heat,2018-02-07,Houston Rockets,train
Cleveland Cavaliers,2018-02-07,Minnesota Timberwolves,train
Memphis Grizzlies,2018-02-07,Utah Jazz,train
Phoenix Suns,2018-02-07,San Antonio Spurs,train
Golden State Warriors,2018-02-08,Dallas Mavericks,train
Los Angeles Lakers,2018-02-08,Oklahoma City Thunder,train
Portland Trail Blazers,2018-02-08,Charlotte Hornets,train
Orlando Magic,2018-02-08,Atlanta Hawks,train
Toronto Raptors,2018-02-08,New York Knicks,train
Washington Wizards,2018-02-08,Boston Celtics,train
Houston Rockets,2018-02-09,Denver Nuggets,train
Utah Jazz,2018-02-09,Charlotte Hornets,train
Sacramento Kings,2018-02-09,Portland Trail Blazers,train
Chicago Bulls,2018-02-09,Minnesota Timberwolves,train
Detroit Pistons,2018-02-09,LA Clippers,train
Boston Celtics,2018-02-09,Indiana Pacers,train
Atlanta Hawks,2018-02-09,Cleveland Cavaliers,train
Philadelphia 76ers,2018-02-09,New Orleans Pelicans,train
Miami Heat,2018-02-09,Milwaukee Bucks,train
Brooklyn Nets,2018-02-10,New Orleans Pelicans,train
Orlando Magic,2018-02-10,Milwaukee Bucks,train
Philadelphia 76ers,2018-02-10,LA Clippers,train
Chicago Bulls,2018-02-10,Washington Wizards,train
Golden State Warriors,2018-02-10,San Antonio Spurs,train
Dallas Mavericks,2018-02-10,Los Angeles Lakers,train
Phoenix Suns,2018-02-10,Denver Nuggets,train
Oklahoma City Thunder,2018-02-11,Memphis Grizzlies,train
Houston Rockets,2018-02-11,Dallas Mavericks,train
Minnesota Timberwolves,2018-02-11,Sacramento Kings,train
Portland Trail Blazers,2018-02-11,Utah Jazz,train
Atlanta Hawks,2018-02-11,Detroit Pistons,train
Boston Celtics,2018-02-11,Cleveland Cavaliers,train
Charlotte Hornets,2018-02-11,Toronto Raptors,train
Indiana Pacers,2018-02-11,New York Knicks,train
Philadelphia 76ers,2018-02-12,New York Knicks,train
Detroit Pistons,2018-02-12,New Orleans Pelicans,train
Brooklyn Nets,2018-02-12,LA Clippers,train
Chicago Bulls,2018-02-12,Orlando Magic,train
Utah Jazz,2018-02-12,San Antonio Spurs,train
Golden State Warriors,2018-02-12,Phoenix Suns,train
Denver Nuggets,2018-02-13,San Antonio Spurs,train
Dallas Mavericks,2018-02-13,Sacramento Kings,train
Oklahoma City Thunder,2018-02-13,Cleveland Cavaliers,train
Toronto Raptors,2018-02-13,Miami Heat,train
Milwaukee Bucks,2018-02-13,Atlanta Hawks,train
Minnesota Timberwolves,2018-02-13,Houston Rockets,train
Boston Celtics,2018-02-14,LA Clippers,train
Portland Trail Blazers,2018-02-14,Golden State Warriors,train
Utah Jazz,2018-02-14,Phoenix Suns,train
Memphis Grizzlies,2018-02-14,Oklahoma City Thunder,train
New Orleans Pelicans,2018-02-14,Los Angeles Lakers,train
Houston Rockets,2018-02-14,Sacramento Kings,train
Detroit Pistons,2018-02-14,Atlanta Hawks,train
New York Knicks,2018-02-14,Washington Wizards,train
Brooklyn Nets,2018-02-14,Indiana Pacers,train
Orlando Magic,2018-02-14,Charlotte Hornets,train
Philadelphia 76ers,2018-02-14,Miami Heat,train
Chicago Bulls,2018-02-14,Toronto Raptors,train
Milwaukee Bucks,2018-02-15,Denver Nuggets,train
Minnesota Timberwolves,2018-02-15,Los Angeles Lakers,train
Sacramento Kings,2018-02-22,Oklahoma City Thunder,train
Golden State Warriors,2018-02-22,LA Clippers,train
Chicago Bulls,2018-02-22,Philadelphia 76ers,train
Orlando Magic,2018-02-22,New York Knicks,train
Charlotte Hornets,2018-02-22,Brooklyn Nets,train
Cleveland Cavaliers,2018-02-22,Washington Wizards,train
Houston Rockets,2018-02-23,Minnesota Timberwolves,train
Detroit Pistons,2018-02-23,Boston Celtics,train
Indiana Pacers,2018-02-23,Atlanta Hawks,train
Washington Wizards,2018-02-23,Charlotte Hornets,train
Toronto Raptors,2018-02-23,Milwaukee Bucks,train
New Orleans Pelicans,2018-02-23,Miami Heat,train
Memphis Grizzlies,2018-02-23,Cleveland Cavaliers,train
Denver Nuggets,2018-02-23,San Antonio Spurs,train
Utah Jazz,2018-02-23,Portland Trail Blazers,train
Phoenix Suns,2018-02-23,LA Clippers,train
Los Angeles Lakers,2018-02-23,Dallas Mavericks,train
New York Knicks,2018-02-24,Boston Celtics,train
Minnesota Timberwolves,2018-02-24,Chicago Bulls,train
Sacramento Kings,2018-02-24,Los Angeles Lakers,train
Phoenix Suns,2018-02-24,Portland Trail Blazers,train
Philadelphia 76ers,2018-02-24,Orlando Magic,train
Golden State Warriors,2018-02-24,Oklahoma City Thunder,train
Miami Heat,2018-02-24,Memphis Grizzlies,train
Utah Jazz,2018-02-24,Dallas Mavericks,train
Washington Wizards,2018-02-25,Philadelphia 76ers,train
Charlotte Hornets,2018-02-25,Detroit Pistons,train
Milwaukee Bucks,2018-02-25,New Orleans Pelicans,train
Cleveland Cavaliers,2018-02-25,San Antonio Spurs,train
Denver Nuggets,2018-02-25,Houston Rockets,train
Dallas Mavericks,2018-02-26,Indiana Pacers,train
Oklahoma City Thunder,2018-02-26,Orlando Magic,train
Sacramento Kings,2018-02-26,Minnesota Timberwolves,train
New Orleans Pelicans,2018-02-26,Phoenix Suns,train
Utah Jazz,2018-02-26,Houston Rockets,train
Atlanta Hawks,2018-02-26,Los Angeles Lakers,train
Boston Celtics,2018-02-26,Memphis Grizzlies,train
Brooklyn Nets,2018-02-26,Chicago Bulls,train
Toronto Raptors,2018-02-26,Detroit Pistons,train
New York Knicks,2018-02-26,Golden State Warriors,train
Charlotte Hornets,2018-02-27,Chicago Bulls,train
Cleveland Cavaliers,2018-02-27,Brooklyn Nets,train
Miami Heat,2018-02-27,Philadelphia 76ers,train
Milwaukee Bucks,2018-02-27,Washington Wizards,train
Portland Trail Blazers,2018-02-27,Sacramento Kings,train
Denver Nuggets,2018-02-27,LA Clippers,train
LA Clippers,2018-02-28,Houston Rockets,train
San Antonio Spurs,2018-02-28,New Orleans Pelicans,train
Washington Wizards,2018-02-28,Golden State Warriors,train
Memphis Grizzlies,2018-02-28,Phoenix Suns,train
Dallas Mavericks,2018-02-28,Oklahoma City Thunder,train
Atlanta Hawks,2018-02-28,Indiana Pacers,train
Orlando Magic,2018-02-28,Toronto Raptors,train
Detroit Pistons,2018-02-28,Milwaukee Bucks,train
Boston Celtics,2018-02-28,Charlotte Hornets,train
Miami Heat,2018-03-01,Los Angeles Lakers,train
Cleveland Cavaliers,2018-03-01,Philadelphia 76ers,train
Sacramento Kings,2018-03-01,Brooklyn Nets,train
Portland Trail Blazers,2018-03-01,Minnesota Timberwolves,train
LA Clippers,2018-03-02,New York Knicks,train
Utah Jazz,2018-03-02,Minnesota Timberwolves,train
Phoenix Suns,2018-03-02,Oklahoma City Thunder,train
Milwaukee Bucks,2018-03-02,Indiana Pacers,train
Washington Wizards,2018-03-02,Toronto Raptors,train
Atlanta Hawks,2018-03-02,Golden State Warriors,train
Chicago Bulls,2018-03-02,Dallas Mavericks,train
Philadelphia 76ers,2018-03-02,Charlotte Hornets,train
Orlando Magic,2018-03-02,Detroit Pistons,train
Memphis Grizzlies,2018-03-02,Denver Nuggets,train
Portland Trail Blazers,2018-03-03,Oklahoma City Thunder,train
Sacramento Kings,2018-03-03,Utah Jazz,train
San Antonio Spurs,2018-03-03,Los Angeles Lakers,train
Cleveland Cavaliers,2018-03-03,Denver Nuggets,train
Miami Heat,2018-03-03,Detroit Pistons,train
Orlando Magic,2018-03-03,Memphis Grizzlies,train
Houston Rockets,2018-03-03,Boston Celtics,train
Atlanta Hawks,2018-03-04,Phoenix Suns,train
Washington Wizards,2018-03-04,Indiana Pacers,train
Toronto Raptors,2018-03-04,Charlotte Hornets,train
Dallas Mavericks,2018-03-04,New Orleans Pelicans,train
Milwaukee Bucks,2018-03-04,Philadelphia 76ers,train
Sacramento Kings,2018-03-04,New York Knicks,train
LA Clippers,2018-03-04,Brooklyn Nets,train
Utah Jazz,2018-03-05,Orlando Magic,train
San Antonio Spurs,2018-03-05,Memphis Grizzlies,train
Chicago Bulls,2018-03-05,Boston Celtics,train
Los Angeles Lakers,2018-03-05,Portland Trail Blazers,train
Indiana Pacers,2018-03-05,Milwaukee Bucks,train
Cleveland Cavaliers,2018-03-05,Detroit Pistons,train
Miami Heat,2018-03-05,Phoenix Suns,train
Golden State Warriors,2018-03-06,Brooklyn Nets,train
Portland Trail Blazers,2018-03-06,New York Knicks,train
Dallas Mavericks,2018-03-06,Denver Nuggets,train
LA Clippers,2018-03-06,New Orleans Pelicans,train
Toronto Raptors,2018-03-06,Atlanta Hawks,train
Washington Wizards,2018-03-06,Miami Heat,train
Charlotte Hornets,2018-03-06,Philadelphia 76ers,train
Oklahoma City Thunder,2018-03-06,Houston Rockets,train
Indiana Pacers,2018-03-07,Utah Jazz,train
Chicago Bulls,2018-03-07,Memphis Grizzlies,train
Milwaukee Bucks,2018-03-07,Houston Rockets,train
Detroit Pistons,2018-03-07,Toronto Raptors,train
Sacramento Kings,2018-03-07,New Orleans Pelicans,train
Denver Nuggets,2018-03-07,Cleveland Cavaliers,train
Los Angeles Lakers,2018-03-07,Orlando Magic,train
Golden State Warriors,2018-03-08,San Antonio Spurs,train
Minnesota Timberwolves,2018-03-08,Boston Celtics,train
Oklahoma City Thunder,2018-03-08,Phoenix Suns,train
Charlotte Hornets,2018-03-08,Brooklyn Nets,train
Miami Heat,2018-03-08,Philadelphia 76ers,train
LA Clippers,2018-03-09,Cleveland Cavaliers,train
Portland Trail Blazers,2018-03-09,Golden State Warriors,train
Denver Nuggets,2018-03-09,Los Angeles Lakers,train
New Orleans Pelicans,2018-03-09,Washington Wizards,train
Sacramento Kings,2018-03-09,Orlando Magic,train
Milwaukee Bucks,2018-03-09,New York Knicks,train
Toronto Raptors,2018-03-09,Houston Rockets,train
Detroit Pistons,2018-03-09,Chicago Bulls,train
Indiana Pacers,2018-03-09,Atlanta Hawks,train
Memphis Grizzlies,2018-03-09,Utah Jazz,train
Charlotte Hornets,2018-03-10,Phoenix Suns,train
Miami Heat,2018-03-10,Washington Wizards,train
Oklahoma City Thunder,2018-03-10,San Antonio Spurs,train
Dallas Mavericks,2018-03-10,Memphis Grizzlies,train
LA Clippers,2018-03-10,Orlando Magic,train
Boston Celtics,2018-03-11,Indiana Pacers,train
Los Angeles Lakers,2018-03-11,Cleveland Cavaliers,train
Brooklyn Nets,2018-03-11,Philadelphia 76ers,train
Dallas Mavericks,2018-03-11,Houston Rockets,train
New York Knicks,2018-03-11,Toronto Raptors,train
New Orleans Pelicans,2018-03-11,Utah Jazz,train
Minnesota Timberwolves,2018-03-11,Golden State Warriors,train
Atlanta Hawks,2018-03-11,Chicago Bulls,train
Denver Nuggets,2018-03-11,Sacramento Kings,train
Memphis Grizzlies,2018-03-12,Milwaukee Bucks,train
Oklahoma City Thunder,2018-03-12,Sacramento Kings,train
Houston Rockets,2018-03-12,San Antonio Spurs,train
Portland Trail Blazers,2018-03-12,Miami Heat,train
San Antonio Spurs,2018-03-13,Orlando Magic,train
Los Angeles Lakers,2018-03-13,Denver Nuggets,train
Phoenix Suns,2018-03-13,Cleveland Cavaliers,train
Utah Jazz,2018-03-13,Detroit Pistons,train
New Orleans Pelicans,2018-03-13,Charlotte Hornets,train
Brooklyn Nets,2018-03-13,Toronto Raptors,train
Atlanta Hawks,2018-03-13,Oklahoma City Thunder,train
New York Knicks,2018-03-13,Dallas Mavericks,train
Philadelphia 76ers,2018-03-13,Indiana Pacers,train
Washington Wizards,2018-03-13,Minnesota Timberwolves,train
Chicago Bulls,2018-03-13,LA Clippers,train
Orlando Magic,2018-03-14,Milwaukee Bucks,train
Boston Celtics,2018-03-14,Washington Wizards,train
Sacramento Kings,2018-03-14,Miami Heat,train
Golden State Warriors,2018-03-14,Los Angeles Lakers,train
Portland Trail Blazers,2018-03-15,Cleveland Cavaliers,train
Denver Nuggets,2018-03-15,Detroit Pistons,train
Utah Jazz,2018-03-15,Phoenix Suns,train
Memphis Grizzlies,2018-03-15,Chicago Bulls,train
San Antonio Spurs,2018-03-15,New Orleans Pelicans,train
New York Knicks,2018-03-15,Philadelphia 76ers,train
Atlanta Hawks,2018-03-15,Charlotte Hornets,train
Indiana Pacers,2018-03-15,Toronto Raptors,train
Houston Rockets,2018-03-15,LA Clippers,train
Orlando Magic,2018-03-16,Boston Celtics,train
Philadelphia 76ers,2018-03-16,Brooklyn Nets,train
Toronto Raptors,2018-03-16,Dallas Mavericks,train
Oklahoma City Thunder,2018-03-16,LA Clippers,train
Golden State Warriors,2018-03-16,Sacramento Kings,train
Los Angeles Lakers,2018-03-16,Miami Heat,train
San Antonio Spurs,2018-03-17,Minnesota Timberwolves,train
Portland Trail Blazers,2018-03-17,Detroit Pistons,train
Phoenix Suns,2018-03-17,Golden State Warriors,train
Utah Jazz,2018-03-17,Sacramento Kings,train
Chicago Bulls,2018-03-17,Cleveland Cavaliers,train
Memphis Grizzlies,2018-03-17,Denver Nuggets,train
New York Knicks,2018-03-17,Charlotte Hornets,train
Brooklyn Nets,2018-03-17,Dallas Mavericks,train
New Orleans Pelicans,2018-03-17,Houston Rockets,train
Washington Wizards,2018-03-17,Indiana Pacers,train
Milwaukee Bucks,2018-03-17,Atlanta Hawks,train
Toronto Raptors,2018-03-18,Oklahoma City Thunder,train
New Orleans Pelicans,2018-03-18,Boston Celtics,train
Minnesota Timberwolves,2018-03-18,Houston Rockets,train
LA Clippers,2018-03-18,Portland Trail Blazers,train
Sacramento Kings,2018-03-19,Detroit Pistons,train
San Antonio Spurs,2018-03-19,Golden State Warriors,train
Brooklyn Nets,2018-03-19,Memphis Grizzlies,train
New York Knicks,2018-03-19,Chicago Bulls,train
Cleveland Cavaliers,2018-03-19,Milwaukee Bucks,train
Philadelphia 76ers,2018-03-19,Charlotte Hornets,train
Indiana Pacers,2018-03-19,Los Angeles Lakers,train
Miami Heat,2018-03-19,Denver Nuggets,train
Phoenix Suns,2018-03-20,Detroit Pistons,train
Portland Trail Blazers,2018-03-20,Houston Rockets,train
Utah Jazz,2018-03-20,Atlanta Hawks,train
Orlando Magic,2018-03-20,Toronto Raptors,train
Minnesota Timberwolves,2018-03-20,LA Clippers,train
New Orleans Pelicans,2018-03-20,Dallas Mavericks,train
Boston Celtics,2018-03-20,Oklahoma City Thunder,train
Cleveland Cavaliers,2018-03-21,Toronto Raptors,train
Philadelphia 76ers,2018-03-21,Memphis Grizzlies,train
Miami Heat,2018-03-21,New York Knicks,train
Brooklyn Nets,2018-03-21,Charlotte Hornets,train
Milwaukee Bucks,2018-03-21,LA Clippers,train
Chicago Bulls,2018-03-21,Denver Nuggets,train
San Antonio Spurs,2018-03-21,Washington Wizards,train
New Orleans Pelicans,2018-03-21,Indiana Pacers,train
Dallas Mavericks,2018-03-22,Utah Jazz,train
Sacramento Kings,2018-03-22,Atlanta Hawks,train
Houston Rockets,2018-03-22,Detroit Pistons,train
Orlando Magic,2018-03-22,Philadelphia 76ers,train
Charlotte Hornets,2018-03-22,Memphis Grizzlies,train
New Orleans Pelicans,2018-03-22,Los Angeles Lakers,train
Indiana Pacers,2018-03-23,LA Clippers,train
Washington Wizards,2018-03-23,Denver Nuggets,train
New York Knicks,2018-03-23,Minnesota Timberwolves,train
Cleveland Cavaliers,2018-03-23,Phoenix Suns,train
Toronto Raptors,2018-03-23,Brooklyn Nets,train
Oklahoma City Thunder,2018-03-23,Miami Heat,train
Chicago Bulls,2018-03-23,Milwaukee Bucks,train
San Antonio Spurs,2018-03-23,Utah Jazz,train
Portland Trail Blazers,2018-03-23,Boston Celtics,train
Golden State Warriors,2018-03-23,Atlanta Hawks,train
Dallas Mavericks,2018-03-24,Charlotte Hornets,train
Houston Rockets,2018-03-24,New Orleans Pelicans,train
Memphis Grizzlies,2018-03-24,Los Angeles Lakers,train
Orlando Magic,2018-03-24,Phoenix Suns,train
Philadelphia 76ers,2018-03-24,Minnesota Timberwolves,train
Detroit Pistons,2018-03-24,Chicago Bulls,train
Brooklyn Nets,2018-03-25,Cleveland Cavaliers,train
Milwaukee Bucks,2018-03-25,San Antonio Spurs,train
Indiana Pacers,2018-03-25,Miami Heat,train
Sacramento Kings,2018-03-25,Boston Celtics,train
Washington Wizards,2018-03-25,New York Knicks,train
Toronto Raptors,2018-03-25,LA Clippers,train
Oklahoma City Thunder,2018-03-25,Portland Trail Blazers,train
Houston Rockets,2018-03-25,Atlanta Hawks,train
Golden State Warriors,2018-03-25,Utah Jazz,train
Phoenix Suns,2018-03-26,Boston Celtics,train
Minnesota Timberwolves,2018-03-26,Memphis Grizzlies,train
Charlotte Hornets,2018-03-26,New York Knicks,train
Detroit Pistons,2018-03-26,Los Angeles Lakers,train
Philadelphia 76ers,2018-03-26,Denver Nuggets,train
Washington Wizards,2018-03-27,San Antonio Spurs,train
Toronto Raptors,2018-03-27,Denver Nuggets,train
New Orleans Pelicans,2018-03-27,Portland Trail Blazers,train
Houston Rockets,2018-03-27,Chicago Bulls,train
Miami Heat,2018-03-27,Cleveland Cavaliers,train
Sacramento Kings,2018-03-27,Dallas Mavericks,train
LA Clippers,2018-03-27,Milwaukee Bucks,train
Golden State Warriors,2018-03-27,Indiana Pacers,train
Phoenix Suns,2018-03-28,LA Clippers,train
Los Angeles Lakers,2018-03-28,Dallas Mavericks,train
Utah Jazz,2018-03-28,Boston Celtics,train
Memphis Grizzlies,2018-03-28,Portland Trail Blazers,train
Minnesota Timberwolves,2018-03-28,Atlanta Hawks,train
Charlotte Hornets,2018-03-28,Cleveland Cavaliers,train
Philadelphia 76ers,2018-03-28,New York Knicks,train
Orlando Magic,2018-03-28,Brooklyn Nets,train
Detroit Pistons,2018-03-29,Washington Wizards,train
Miami Heat,2018-03-29,Chicago Bulls,train
San Antonio Spurs,2018-03-29,Oklahoma City Thunder,train
Sacramento Kings,2018-03-29,Indiana Pacers,train
Golden State Warriors,2018-03-29,Milwaukee Bucks,train
Portland Trail Blazers,2018-03-30,LA Clippers,train
Los Angeles Lakers,2018-03-30,Milwaukee Bucks,train
Utah Jazz,2018-03-30,Memphis Grizzlies,train
Dallas Mavericks,2018-03-30,Minnesota Timberwolves,train
Houston Rockets,2018-03-30,Phoenix Suns,train
Oklahoma City Thunder,2018-03-30,Denver Nuggets,train
Cleveland Cavaliers,2018-03-30,New Orleans Pelicans,train
Atlanta Hawks,2018-03-30,Philadelphia 76ers,train
Orlando Magic,2018-03-30,Chicago Bulls,train
Sacramento Kings,2018-03-31,Golden State Warriors,train
Miami Heat,2018-03-31,Brooklyn Nets,train
Washington Wizards,2018-03-31,Charlotte Hornets,train
New York Knicks,2018-03-31,Detroit Pistons,train
Boston Celtics,2018-03-31,Toronto Raptors,train
Los Angeles Lakers,2018-04-01,Sacramento Kings,train
Portland Trail Blazers,2018-04-01,Memphis Grizzlies,train
Golden State Warriors,2018-04-01,Phoenix Suns,train
Denver Nuggets,2018-04-01,Milwaukee Bucks,train
Brooklyn Nets,2018-04-01,Detroit Pistons,train
Atlanta Hawks,2018-04-01,Orlando Magic,train
Minnesota Timberwolves,2018-04-01,Utah Jazz,train
Cleveland Cavaliers,2018-04-01,Dallas Mavericks,train
LA Clippers,2018-04-01,Indiana Pacers,train
San Antonio Spurs,2018-04-01,Houston Rockets,train
Chicago Bulls,2018-04-01,Washington Wizards,train
Charlotte Hornets,2018-04-01,Philadelphia 76ers,train
New Orleans Pelicans,2018-04-01,Oklahoma City Thunder,train
Chicago Bulls,2018-04-03,Charlotte Hornets,train
Phoenix Suns,2018-04-03,Sacramento Kings,train
Utah Jazz,2018-04-03,Los Angeles Lakers,train
Denver Nuggets,2018-04-03,Indiana Pacers,train
Dallas Mavericks,2018-04-03,Portland Trail Blazers,train
Oklahoma City Thunder,2018-04-03,Golden State Warriors,train
LA Clippers,2018-04-03,San Antonio Spurs,train
Houston Rockets,2018-04-03,Washington Wizards,train
New York Knicks,2018-04-03,Orlando Magic,train
Miami Heat,2018-04-03,Atlanta Hawks,train
Cleveland Cavaliers,2018-04-03,Toronto Raptors,train
Philadelphia 76ers,2018-04-03,Brooklyn Nets,train
Milwaukee Bucks,2018-04-03,Boston Celtics,train
Los Angeles Lakers,2018-04-04,San Antonio Spurs,train
New Orleans Pelicans,2018-04-04,Memphis Grizzlies,train
Atlanta Hawks,2018-04-04,Miami Heat,train
Detroit Pistons,2018-04-04,Philadelphia 76ers,train
Toronto Raptors,2018-04-04,Boston Celtics,train
Orlando Magic,2018-04-04,Dallas Mavericks,train
Indiana Pacers,2018-04-05,Golden State Warriors,train
Houston Rockets,2018-04-05,Portland Trail Blazers,train
Cleveland Cavaliers,2018-04-05,Washington Wizards,train
Milwaukee Bucks,2018-04-05,Brooklyn Nets,train
Utah Jazz,2018-04-05,LA Clippers,train
Denver Nuggets,2018-04-05,Minnesota Timberwolves,train
Los Angeles Lakers,2018-04-06,Minnesota Timberwolves,train
Phoenix Suns,2018-04-06,New Orleans Pelicans,train
Memphis Grizzlies,2018-04-06,Sacramento Kings,train
New York Knicks,2018-04-06,Miami Heat,train
Toronto Raptors,2018-04-06,Indiana Pacers,train
Philadelphia 76ers,2018-04-06,Cleveland Cavaliers,train
Washington Wizards,2018-04-06,Atlanta Hawks,train
Detroit Pistons,2018-04-06,Dallas Mavericks,train
Orlando Magic,2018-04-06,Charlotte Hornets,train
Boston Celtics,2018-04-06,Chicago Bulls,train
LA Clippers,2018-04-07,Denver Nuggets,train
New York Knicks,2018-04-07,Milwaukee Bucks,train
Chicago Bulls,2018-04-07,Brooklyn Nets,train
Golden State Warriors,2018-04-07,New Orleans Pelicans,train
Houston Rockets,2018-04-07,Oklahoma City Thunder,train
San Antonio Spurs,2018-04-07,Portland Trail Blazers,train
Toronto Raptors,2018-04-08,Orlando Magic,train
Phoenix Suns,2018-04-08,Golden State Warriors,train
Memphis Grizzlies,2018-04-08,Detroit Pistons,train
Los Angeles Lakers,2018-04-08,Utah Jazz,train
Charlotte Hornets,2018-04-08,Indiana Pacers,train
Philadelphia 76ers,2018-04-08,Dallas Mavericks,train
Boston Celtics,2018-04-08,Atlanta Hawks,train
Detroit Pistons,2018-04-09,Toronto Raptors,train
New York Knicks,2018-04-09,Cleveland Cavaliers,train
Brooklyn Nets,2018-04-09,Chicago Bulls,train
Miami Heat,2018-04-09,Oklahoma City Thunder,train
Minnesota Timberwolves,2018-04-09,Memphis Grizzlies,train
Milwaukee Bucks,2018-04-09,Orlando Magic,train
San Antonio Spurs,2018-04-09,Sacramento Kings,train
Denver Nuggets,2018-04-09,Portland Trail Blazers,train
LA Clippers,2018-04-09,New Orleans Pelicans,train
Los Angeles Lakers,2018-04-10,Houston Rockets,train
Utah Jazz,2018-04-10,Golden State Warriors,train
Dallas Mavericks,2018-04-10,Phoenix Suns,train
Atlanta Hawks,2018-04-10,Philadelphia 76ers,train
Indiana Pacers,2018-04-10,Charlotte Hornets,train
Washington Wizards,2018-04-10,Boston Celtics,train
LA Clippers,2018-04-11,Los Angeles Lakers,train
Miami Heat,2018-04-11,Toronto Raptors,train
Cleveland Cavaliers,2018-04-11,New York Knicks,train
Philadelphia 76ers,2018-04-11,Milwaukee Bucks,train
Minnesota Timberwolves,2018-04-11,Denver Nuggets,train
Oklahoma City Thunder,2018-04-11,Memphis Grizzlies,train
New Orleans Pelicans,2018-04-11,San Antonio Spurs,train
Orlando Magic,2018-04-11,Washington Wizards,train
Boston Celtics,2018-04-11,Brooklyn Nets,train
Chicago Bulls,2018-04-11,Detroit Pistons,train
Portland Trail Blazers,2018-04-11,Utah Jazz,train
Sacramento Kings,2018-04-11,Houston Rockets,train
Philadelphia 76ers,2018-04-14,Miami Heat,train
Portland Trail Blazers,2018-04-14,New Orleans Pelicans,train
Golden State Warriors,2018-04-14,San Antonio Spurs,train
Toronto Raptors,2018-04-14,Washington Wizards,train
Oklahoma City Thunder,2018-04-15,Utah Jazz,train
Houston Rockets,2018-04-15,Minnesota Timberwolves,train
Boston Celtics,2018-04-15,Milwaukee Bucks,train
Cleveland Cavaliers,2018-04-15,Indiana Pacers,train
Philadelphia 76ers,2018-04-16,Miami Heat,train
Golden State Warriors,2018-04-16,San Antonio Spurs,train
Toronto Raptors,2018-04-17,Washington Wizards,train
Boston Celtics,2018-04-17,Milwaukee Bucks,train
Portland Trail Blazers,2018-04-17,New Orleans Pelicans,train
Cleveland Cavaliers,2018-04-18,Indiana Pacers,train
Oklahoma City Thunder,2018-04-18,Utah Jazz,train
Houston Rockets,2018-04-18,Minnesota Timberwolves,train
Miami Heat,2018-04-19,Philadelphia 76ers,train
New Orleans Pelicans,2018-04-19,Portland Trail Blazers,train
San Antonio Spurs,2018-04-19,Golden State Warriors,train
Milwaukee Bucks,2018-04-20,Boston Celtics,train
Washington Wizards,2018-04-20,Toronto Raptors,train
Indiana Pacers,2018-04-20,Cleveland Cavaliers,train
Miami Heat,2018-04-21,Philadelphia 76ers,train
New Orleans Pelicans,2018-04-21,Portland Trail Blazers,train
Minnesota Timberwolves,2018-04-21,Houston Rockets,train
Utah Jazz,2018-04-21,Oklahoma City Thunder,train
Milwaukee Bucks,2018-04-22,Boston Celtics,train
San Antonio Spurs,2018-04-22,Golden State Warriors,train
Washington Wizards,2018-04-22,Toronto Raptors,train
Indiana Pacers,2018-04-22,Cleveland Cavaliers,train
Minnesota Timberwolves,2018-04-23,Houston Rockets,train
Utah Jazz,2018-04-23,Oklahoma City Thunder,train
Boston Celtics,2018-04-24,Milwaukee Bucks,train
Philadelphia 76ers,2018-04-24,Miami Heat,train
Golden State Warriors,2018-04-24,San Antonio Spurs,train
Oklahoma City Thunder,2018-04-25,Utah Jazz,train
Houston Rockets,2018-04-25,Minnesota Timberwolves,train
Cleveland Cavaliers,2018-04-25,Indiana Pacers,train
Toronto Raptors,2018-04-25,Washington Wizards,train
Milwaukee Bucks,2018-04-26,Boston Celtics,train
Washington Wizards,2018-04-27,Toronto Raptors,train
Indiana Pacers,2018-04-27,Cleveland Cavaliers,train
Utah Jazz,2018-04-27,Oklahoma City Thunder,train
Golden State Warriors,2018-04-28,New Orleans Pelicans,train
Boston Celtics,2018-04-28,Milwaukee Bucks,train
Cleveland Cavaliers,2018-04-29,Indiana Pacers,train
Houston Rockets,2018-04-29,Utah Jazz,train
Boston Celtics,2018-04-30,Philadelphia 76ers,train
Toronto Raptors,2018-05-01,Cleveland Cavaliers,train
Golden State Warriors,2018-05-01,New Orleans Pelicans,train
Houston Rockets,2018-05-02,Utah Jazz,train
Boston Celtics,2018-05-03,Philadelphia 76ers,train
Toronto Raptors,2018-05-03,Cleveland Cavaliers,train
Utah Jazz,2018-05-04,Houston Rockets,train
New Orleans Pelicans,2018-05-04,Golden State Warriors,train
Philadelphia 76ers,2018-05-05,Boston Celtics,train
Cleveland Cavaliers,2018-05-05,Toronto Raptors,train
New Orleans Pelicans,2018-05-06,Golden State Warriors,train
Utah Jazz,2018-05-06,Houston Rockets,train
Philadelphia 76ers,2018-05-07,Boston Celtics,train
Cleveland Cavaliers,2018-05-07,Toronto Raptors,train
Houston Rockets,2018-05-08,Utah Jazz,train
Golden State Warriors,2018-05-08,New Orleans Pelicans,train
Boston Celtics,2018-05-09,Philadelphia 76ers,train
Boston Celtics,2018-05-13,Cleveland Cavaliers,train
Houston Rockets,2018-05-14,Golden State Warriors,train
Boston Celtics,2018-05-15,Cleveland Cavaliers,train
Houston Rockets,2018-05-16,Golden State Warriors,train
Cleveland Cavaliers,2018-05-19,Boston Celtics,train
Golden State Warriors,2018-05-20,Houston Rockets,train
Cleveland Cavaliers,2018-05-21,Boston Celtics,train
Golden State Warriors,2018-05-22,Houston Rockets,train
Boston Celtics,2018-05-23,Cleveland Cavaliers,train
Houston Rockets,2018-05-24,Golden State Warriors,train
Cleveland Cavaliers,2018-05-25,Boston Celtics,train
Golden State Warriors,2018-05-26,Houston Rockets,train
Boston Celtics,2018-05-27,Cleveland Cavaliers,train
Houston Rockets,2018-05-28,Golden State Warriors,train
Golden State Warriors,2018-05-31,Cleveland Cavaliers,train
Golden State Warriors,2018-06-03,Cleveland Cavaliers,train
Cleveland Cavaliers,2018-06-06,Golden State Warriors,train
Cleveland Cavaliers,2018-06-08,Golden State Warriors,train
LA Clippers,2018-10-19,Oklahoma City Thunder,train
Utah Jazz,2018-10-19,Golden State Warriors,train
Milwaukee Bucks,2018-10-19,Indiana Pacers,train
Memphis Grizzlies,2018-10-19,Atlanta Hawks,train
Minnesota Timberwolves,2018-10-19,Cleveland Cavaliers,train
Toronto Raptors,2018-10-19,Boston Celtics,train
New Orleans Pelicans,2018-10-19,Sacramento Kings,train
Brooklyn Nets,2018-10-19,New York Knicks,train
Orlando Magic,2018-10-19,Charlotte Hornets,train
Washington Wizards,2018-10-20,Toronto Raptors,train
Indiana Pacers,2018-10-20,Brooklyn Nets,train
Philadelphia 76ers,2018-10-20,Orlando Magic,train
New York Knicks,2018-10-20,Boston Celtics,train
Miami Heat,2018-10-20,Charlotte Hornets,train
Chicago Bulls,2018-10-20,Detroit Pistons,train
Dallas Mavericks,2018-10-20,Minnesota Timberwolves,train
Denver Nuggets,2018-10-20,Phoenix Suns,train
Portland Trail Blazers,2018-10-20,San Antonio Spurs,train
Los Angeles Lakers,2018-10-20,Houston Rockets,train
LA Clippers,2018-10-21,Houston Rockets,train
Denver Nuggets,2018-10-21,Golden State Warriors,train
Oklahoma City Thunder,2018-10-21,Sacramento Kings,train
Cleveland Cavaliers,2018-10-21,Atlanta Hawks,train
Golden State Warriors,2018-10-22,Phoenix Suns,train
Portland Trail Blazers,2018-10-22,Washington Wizards,train
Utah Jazz,2018-10-22,Memphis Grizzlies,train
Dallas Mavericks,2018-10-22,Chicago Bulls,train
Los Angeles Lakers,2018-10-22,San Antonio Spurs,train
Minnesota Timberwolves,2018-10-22,Indiana Pacers,train
Boston Celtics,2018-10-22,Orlando Magic,train
Toronto Raptors,2018-10-22,Charlotte Hornets,train
Milwaukee Bucks,2018-10-22,New York Knicks,train
Detroit Pistons,2018-10-23,Philadelphia 76ers,train
New Orleans Pelicans,2018-10-23,LA Clippers,train
Denver Nuggets,2018-10-23,Sacramento Kings,train
Milwaukee Bucks,2018-10-24,Philadelphia 76ers,train
Golden State Warriors,2018-10-24,Washington Wizards,train
Sacramento Kings,2018-10-24,Memphis Grizzlies,train
Phoenix Suns,2018-10-24,Los Angeles Lakers,train
San Antonio Spurs,2018-10-24,Indiana Pacers,train
Miami Heat,2018-10-24,New York Knicks,train
Chicago Bulls,2018-10-24,Charlotte Hornets,train
Toronto Raptors,2018-10-24,Minnesota Timberwolves,train
Atlanta Hawks,2018-10-24,Dallas Mavericks,train
Cleveland Cavaliers,2018-10-24,Brooklyn Nets,train
Houston Rockets,2018-10-24,Utah Jazz,train
Detroit Pistons,2018-10-25,Cleveland Cavaliers,train
Orlando Magic,2018-10-25,Portland Trail Blazers,train
Oklahoma City Thunder,2018-10-25,Boston Celtics,train
Los Angeles Lakers,2018-10-25,Denver Nuggets,train
Houston Rockets,2018-10-26,LA Clippers,train
Minnesota Timberwolves,2018-10-26,Milwaukee Bucks,train
New Orleans Pelicans,2018-10-26,Brooklyn Nets,train
Sacramento Kings,2018-10-26,Washington Wizards,train
Toronto Raptors,2018-10-26,Dallas Mavericks,train
Charlotte Hornets,2018-10-26,Chicago Bulls,train
New York Knicks,2018-10-26,Golden State Warriors,train
Detroit Pistons,2018-10-27,Boston Celtics,train
New Orleans Pelicans,2018-10-27,Utah Jazz,train
Philadelphia 76ers,2018-10-27,Charlotte Hornets,train
Atlanta Hawks,2018-10-27,Chicago Bulls,train
Cleveland Cavaliers,2018-10-27,Indiana Pacers,train
Miami Heat,2018-10-27,Portland Trail Blazers,train
Memphis Grizzlies,2018-10-27,Phoenix Suns,train
San Antonio Spurs,2018-10-27,Los Angeles Lakers,train
Milwaukee Bucks,2018-10-27,Orlando Magic,train
LA Clippers,2018-10-28,Washington Wizards,train
Dallas Mavericks,2018-10-28,Utah Jazz,train
Oklahoma City Thunder,2018-10-28,Phoenix Suns,train
Brooklyn Nets,2018-10-28,Golden State Warriors,train
Philadelphia 76ers,2018-10-29,Atlanta Hawks,train
Indiana Pacers,2018-10-29,Portland Trail Blazers,train
Miami Heat,2018-10-29,Sacramento Kings,train
New York Knicks,2018-10-29,Brooklyn Nets,train
Milwaukee Bucks,2018-10-29,Toronto Raptors,train
Chicago Bulls,2018-10-29,Golden State Warriors,train
Minnesota Timberwolves,2018-10-29,Los Angeles Lakers,train
San Antonio Spurs,2018-10-29,Dallas Mavericks,train
Denver Nuggets,2018-10-29,New Orleans Pelicans,train
Oklahoma City Thunder,2018-10-30,LA Clippers,train
Houston Rockets,2018-10-30,Portland Trail Blazers,train
Toronto Raptors,2018-10-30,Philadelphia 76ers,train
Memphis Grizzlies,2018-10-30,Washington Wizards,train
Orlando Magic,2018-10-30,Sacramento Kings,train
Charlotte Hornets,2018-10-30,Miami Heat,train
Cleveland Cavaliers,2018-10-30,Atlanta Hawks,train
Boston Celtics,2018-10-30,Detroit Pistons,train
Phoenix Suns,2018-10-31,San Antonio Spurs,train
Golden State Warriors,2018-10-31,New Orleans Pelicans,train
Minnesota Timberwolves,2018-10-31,Utah Jazz,train
Los Angeles Lakers,2018-10-31,Dallas Mavericks,train
Chicago Bulls,2018-10-31,Denver Nuggets,train
Brooklyn Nets,2018-10-31,Detroit Pistons,train
New York Knicks,2018-10-31,Indiana Pacers,train
Charlotte Hornets,2018-11-01,Oklahoma City Thunder,train
Philadelphia 76ers,2018-11-01,LA Clippers,train
Cleveland Cavaliers,2018-11-01,Denver Nuggets,train
Atlanta Hawks,2018-11-01,Sacramento Kings,train
Boston Celtics,2018-11-01,Milwaukee Bucks,train
Portland Trail Blazers,2018-11-01,New Orleans Pelicans,train
Utah Jazz,2018-11-02,Memphis Grizzlies,train
Golden State Warriors,2018-11-02,Minnesota Timberwolves,train
Phoenix Suns,2018-11-02,Toronto Raptors,train
Dallas Mavericks,2018-11-02,New York Knicks,train
Orlando Magic,2018-11-02,LA Clippers,train
Washington Wizards,2018-11-02,Oklahoma City Thunder,train
Brooklyn Nets,2018-11-02,Houston Rockets,train
Chicago Bulls,2018-11-02,Indiana Pacers,train
Philadelphia 76ers,2018-11-03,Detroit Pistons,train
Indiana Pacers,2018-11-03,Boston Celtics,train
Charlotte Hornets,2018-11-03,Cleveland Cavaliers,train
Atlanta Hawks,2018-11-03,Miami Heat,train
Chicago Bulls,2018-11-03,Houston Rockets,train
San Antonio Spurs,2018-11-03,New Orleans Pelicans,train
Denver Nuggets,2018-11-03,Utah Jazz,train
Portland Trail Blazers,2018-11-03,Los Angeles Lakers,train
Phoenix Suns,2018-11-04,Memphis Grizzlies,train
Los Angeles Lakers,2018-11-04,Toronto Raptors,train
San Antonio Spurs,2018-11-04,Orlando Magic,train
Portland Trail Blazers,2018-11-04,Minnesota Timberwolves,train
Brooklyn Nets,2018-11-04,Philadelphia 76ers,train
Milwaukee Bucks,2018-11-04,Sacramento Kings,train
Washington Wizards,2018-11-04,New York Knicks,train
LA Clippers,2018-11-05,Minnesota Timberwolves,train
Utah Jazz,2018-11-05,Toronto Raptors,train
Denver Nuggets,2018-11-05,Boston Celtics,train
Oklahoma City Thunder,2018-11-05,New Orleans Pelicans,train
Golden State Warriors,2018-11-05,Memphis Grizzlies,train
Orlando Magic,2018-11-05,Cleveland Cavaliers,train
Detroit Pistons,2018-11-05,Miami Heat,train
Indiana Pacers,2018-11-05,Houston Rockets,train
New York Knicks,2018-11-05,Chicago Bulls,train
Charlotte Hornets,2018-11-06,Atlanta Hawks,train
Dallas Mavericks,2018-11-06,Washington Wizards,train
Phoenix Suns,2018-11-06,Brooklyn Nets,train
Portland Trail Blazers,2018-11-06,Milwaukee Bucks,train
Indiana Pacers,2018-11-07,Philadelphia 76ers,train
Los Angeles Lakers,2018-11-07,Minnesota Timberwolves,train
Sacramento Kings,2018-11-07,Toronto Raptors,train
Utah Jazz,2018-11-07,Dallas Mavericks,train
New Orleans Pelicans,2018-11-07,Chicago Bulls,train
Orlando Magic,2018-11-07,Detroit Pistons,train
Miami Heat,2018-11-07,San Antonio Spurs,train
Atlanta Hawks,2018-11-07,New York Knicks,train
Cleveland Cavaliers,2018-11-07,Oklahoma City Thunder,train
Memphis Grizzlies,2018-11-07,Denver Nuggets,train
Oklahoma City Thunder,2018-11-08,Houston Rockets,train
Phoenix Suns,2018-11-08,Boston Celtics,train
Portland Trail Blazers,2018-11-08,LA Clippers,train
Golden State Warriors,2018-11-08,Milwaukee Bucks,train
Sacramento Kings,2018-11-09,Minnesota Timberwolves,train
Utah Jazz,2018-11-09,Boston Celtics,train
Miami Heat,2018-11-09,Indiana Pacers,train
Denver Nuggets,2018-11-09,Brooklyn Nets,train
Philadelphia 76ers,2018-11-09,Charlotte Hornets,train
Orlando Magic,2018-11-09,Washington Wizards,train
Atlanta Hawks,2018-11-09,Detroit Pistons,train
Toronto Raptors,2018-11-10,New York Knicks,train
LA Clippers,2018-11-10,Milwaukee Bucks,train
New Orleans Pelicans,2018-11-10,Phoenix Suns,train
Chicago Bulls,2018-11-10,Cleveland Cavaliers,train
Miami Heat,2018-11-10,Washington Wizards,train
Memphis Grizzlies,2018-11-10,Philadelphia 76ers,train
Golden State Warriors,2018-11-10,Brooklyn Nets,train
San Antonio Spurs,2018-11-10,Houston Rockets,train
Dallas Mavericks,2018-11-10,Oklahoma City Thunder,train
Sacramento Kings,2018-11-10,Los Angeles Lakers,train
Los Angeles Lakers,2018-11-11,Atlanta Hawks,train
Denver Nuggets,2018-11-11,Milwaukee Bucks,train
Portland Trail Blazers,2018-11-11,Boston Celtics,train
Houston Rockets,2018-11-11,Indiana Pacers,train
Detroit Pistons,2018-11-11,Charlotte Hornets,train
New York Knicks,2018-11-11,Orlando Magic,train
LA Clippers,2018-11-12,Golden State Warriors,train
Sacramento Kings,2018-11-12,San Antonio Spurs,train
Oklahoma City Thunder,2018-11-12,Phoenix Suns,train
Memphis Grizzlies,2018-11-12,Utah Jazz,train
Minnesota Timberwolves,2018-11-12,Brooklyn Nets,train
Toronto Raptors,2018-11-12,New Orleans Pelicans,train
Miami Heat,2018-11-12,Philadelphia 76ers,train
Washington Wizards,2018-11-12,Orlando Magic,train
Chicago Bulls,2018-11-12,Dallas Mavericks,train
Cleveland Cavaliers,2018-11-13,Charlotte Hornets,train
Denver Nuggets,2018-11-13,Houston Rockets,train
Golden State Warriors,2018-11-13,Atlanta Hawks,train
Los Angeles Lakers,2018-11-14,Portland Trail Blazers,train
Phoenix Suns,2018-11-14,San Antonio Spurs,train
Dallas Mavericks,2018-11-14,Utah Jazz,train
Milwaukee Bucks,2018-11-14,Memphis Grizzlies,train
Oklahoma City Thunder,2018-11-14,New York Knicks,train
Minnesota Timberwolves,2018-11-14,New Orleans Pelicans,train
Toronto Raptors,2018-11-14,Detroit Pistons,train
Orlando Magic,2018-11-14,Philadelphia 76ers,train
Brooklyn Nets,2018-11-14,Miami Heat,train
Boston Celtics,2018-11-14,Chicago Bulls,train
Washington Wizards,2018-11-14,Cleveland Cavaliers,train
Houston Rockets,2018-11-15,Golden State Warriors,train
Denver Nuggets,2018-11-15,Atlanta Hawks,train
LA Clippers,2018-11-15,San Antonio Spurs,train
Milwaukee Bucks,2018-11-16,Chicago Bulls,train
New Orleans Pelicans,2018-11-16,New York Knicks,train
Memphis Grizzlies,2018-11-16,Sacramento Kings,train
Minnesota Timberwolves,2018-11-16,Portland Trail Blazers,train
Boston Celtics,2018-11-16,Toronto Raptors,train
Philadelphia 76ers,2018-11-16,Utah Jazz,train
Indiana Pacers,2018-11-16,Miami Heat,train
Washington Wizards,2018-11-16,Brooklyn Nets,train
Phoenix Suns,2018-11-17,Oklahoma City Thunder,train
Dallas Mavericks,2018-11-17,Golden State Warriors,train
Chicago Bulls,2018-11-17,Toronto Raptors,train
Houston Rockets,2018-11-17,Sacramento Kings,train
Boston Celtics,2018-11-17,Utah Jazz,train
Indiana Pacers,2018-11-17,Atlanta Hawks,train
New Orleans Pelicans,2018-11-17,Denver Nuggets,train
Orlando Magic,2018-11-17,Los Angeles Lakers,train
Brooklyn Nets,2018-11-17,LA Clippers,train
Charlotte Hornets,2018-11-17,Philadelphia 76ers,train
Minnesota Timberwolves,2018-11-18,Memphis Grizzlies,train
Washington Wizards,2018-11-18,Portland Trail Blazers,train
Miami Heat,2018-11-18,Los Angeles Lakers,train
Orlando Magic,2018-11-18,New York Knicks,train
San Antonio Spurs,2018-11-18,Golden State Warriors,train
New Orleans Pelicans,2018-11-19,San Antonio Spurs,train
Sacramento Kings,2018-11-19,Oklahoma City Thunder,train
Memphis Grizzlies,2018-11-19,Dallas Mavericks,train
Milwaukee Bucks,2018-11-19,Denver Nuggets,train
Indiana Pacers,2018-11-19,Utah Jazz,train
Detroit Pistons,2018-11-19,Cleveland Cavaliers,train
Philadelphia 76ers,2018-11-19,Phoenix Suns,train
Charlotte Hornets,2018-11-19,Boston Celtics,train
Atlanta Hawks,2018-11-19,LA Clippers,train
Orlando Magic,2018-11-20,Toronto Raptors,train
Washington Wizards,2018-11-20,LA Clippers,train
New York Knicks,2018-11-20,Portland Trail Blazers,train
Miami Heat,2018-11-20,Brooklyn Nets,train
Golden State Warriors,2018-11-21,Oklahoma City Thunder,train
Utah Jazz,2018-11-21,Sacramento Kings,train
Dallas Mavericks,2018-11-21,Brooklyn Nets,train
San Antonio Spurs,2018-11-21,Memphis Grizzlies,train
Cleveland Cavaliers,2018-11-21,Los Angeles Lakers,train
Chicago Bulls,2018-11-21,Phoenix Suns,train
Milwaukee Bucks,2018-11-21,Portland Trail Blazers,train
Houston Rockets,2018-11-21,Detroit Pistons,train
Boston Celtics,2018-11-21,New York Knicks,train
Atlanta Hawks,2018-11-21,Toronto Raptors,train
Charlotte Hornets,2018-11-21,Indiana Pacers,train
Philadelphia 76ers,2018-11-21,New Orleans Pelicans,train
Minnesota Timberwolves,2018-11-21,Denver Nuggets,train
Indiana Pacers,2018-11-23,San Antonio Spurs,train
Golden State Warriors,2018-11-23,Portland Trail Blazers,train
Los Angeles Lakers,2018-11-23,Utah Jazz,train
Denver Nuggets,2018-11-23,Orlando Magic,train
Milwaukee Bucks,2018-11-23,Phoenix Suns,train
Chicago Bulls,2018-11-23,Miami Heat,train
Oklahoma City Thunder,2018-11-23,Charlotte Hornets,train
Toronto Raptors,2018-11-23,Washington Wizards,train
Philadelphia 76ers,2018-11-23,Cleveland Cavaliers,train
Atlanta Hawks,2018-11-23,Boston Celtics,train
New York Knicks,2018-11-23,New Orleans Pelicans,train
Detroit Pistons,2018-11-23,Houston Rockets,train
LA Clippers,2018-11-23,Memphis Grizzlies,train
Brooklyn Nets,2018-11-23,Minnesota Timberwolves,train
Dallas Mavericks,2018-11-24,Boston Celtics,train
Golden State Warriors,2018-11-24,Sacramento Kings,train
Milwaukee Bucks,2018-11-24,San Antonio Spurs,train
Washington Wizards,2018-11-24,New Orleans Pelicans,train
Minnesota Timberwolves,2018-11-24,Chicago Bulls,train
Cleveland Cavaliers,2018-11-24,Houston Rockets,train
Oklahoma City Thunder,2018-11-24,Denver Nuggets,train
Atlanta Hawks,2018-11-25,Charlotte Hornets,train
Portland Trail Blazers,2018-11-25,LA Clippers,train
Sacramento Kings,2018-11-25,Utah Jazz,train
Memphis Grizzlies,2018-11-25,New York Knicks,train
Detroit Pistons,2018-11-25,Phoenix Suns,train
Toronto Raptors,2018-11-25,Miami Heat,train
Los Angeles Lakers,2018-11-25,Orlando Magic,train
Brooklyn Nets,2018-11-25,Philadelphia 76ers,train
Cleveland Cavaliers,2018-11-26,Minnesota Timberwolves,train
Charlotte Hornets,2018-11-26,Milwaukee Bucks,train
Washington Wizards,2018-11-26,Houston Rockets,train
Chicago Bulls,2018-11-26,San Antonio Spurs,train
New Orleans Pelicans,2018-11-26,Boston Celtics,train
Utah Jazz,2018-11-26,Indiana Pacers,train
Golden State Warriors,2018-11-26,Orlando Magic,train
Phoenix Suns,2018-11-27,Indiana Pacers,train
Memphis Grizzlies,2018-11-27,Toronto Raptors,train
Denver Nuggets,2018-11-27,Los Angeles Lakers,train
Detroit Pistons,2018-11-27,New York Knicks,train
Miami Heat,2018-11-27,Atlanta Hawks,train
LA Clippers,2018-11-28,Phoenix Suns,train
Portland Trail Blazers,2018-11-28,Orlando Magic,train
Oklahoma City Thunder,2018-11-28,Cleveland Cavaliers,train
Milwaukee Bucks,2018-11-28,Chicago Bulls,train
New Orleans Pelicans,2018-11-28,Washington Wizards,train
Minnesota Timberwolves,2018-11-28,San Antonio Spurs,train
Brooklyn Nets,2018-11-28,Utah Jazz,train
Charlotte Hornets,2018-11-28,Atlanta Hawks,train
Philadelphia 76ers,2018-11-28,New York Knicks,train
Houston Rockets,2018-11-28,Dallas Mavericks,train
Toronto Raptors,2018-11-29,Golden State Warriors,train
Sacramento Kings,2018-11-29,LA Clippers,train
Los Angeles Lakers,2018-11-29,Indiana Pacers,train
Oklahoma City Thunder,2018-11-30,Atlanta Hawks,train
Los Angeles Lakers,2018-11-30,Dallas Mavericks,train
Phoenix Suns,2018-11-30,Orlando Magic,train
Portland Trail Blazers,2018-11-30,Denver Nuggets,train
San Antonio Spurs,2018-11-30,Houston Rockets,train
Boston Celtics,2018-11-30,Cleveland Cavaliers,train
Brooklyn Nets,2018-11-30,Memphis Grizzlies,train
Charlotte Hornets,2018-11-30,Utah Jazz,train
Detroit Pistons,2018-11-30,Chicago Bulls,train
Philadelphia 76ers,2018-11-30,Washington Wizards,train
Miami Heat,2018-11-30,New Orleans Pelicans,train
New York Knicks,2018-12-01,Milwaukee Bucks,train
Detroit Pistons,2018-12-01,Golden State Warriors,train
Washington Wizards,2018-12-01,Brooklyn Nets,train
Minnesota Timberwolves,2018-12-01,Boston Celtics,train
Houston Rockets,2018-12-01,Chicago Bulls,train
Cleveland Cavaliers,2018-12-01,Toronto Raptors,train
Sacramento Kings,2018-12-01,Indiana Pacers,train
San Antonio Spurs,2018-12-02,Portland Trail Blazers,train
Philadelphia 76ers,2018-12-02,Memphis Grizzlies,train
Dallas Mavericks,2018-12-02,LA Clippers,train
Miami Heat,2018-12-02,Utah Jazz,train
Los Angeles Lakers,2018-12-02,Phoenix Suns,train
Charlotte Hornets,2018-12-02,New Orleans Pelicans,train
Minnesota Timberwolves,2018-12-03,Houston Rockets,train
Brooklyn Nets,2018-12-03,Cleveland Cavaliers,train
Toronto Raptors,2018-12-03,Denver Nuggets,train
New Orleans Pelicans,2018-12-03,LA Clippers,train
New York Knicks,2018-12-03,Washington Wizards,train
Detroit Pistons,2018-12-03,Oklahoma City Thunder,train
Atlanta Hawks,2018-12-03,Golden State Warriors,train
Indiana Pacers,2018-12-04,Chicago Bulls,train
Miami Heat,2018-12-04,Orlando Magic,train
Dallas Mavericks,2018-12-04,Portland Trail Blazers,train
Phoenix Suns,2018-12-04,Sacramento Kings,train
Utah Jazz,2018-12-04,San Antonio Spurs,train
Milwaukee Bucks,2018-12-05,Detroit Pistons,train
Los Angeles Lakers,2018-12-05,San Antonio Spurs,train
Memphis Grizzlies,2018-12-05,LA Clippers,train
New Orleans Pelicans,2018-12-05,Dallas Mavericks,train
Toronto Raptors,2018-12-05,Philadelphia 76ers,train
Cleveland Cavaliers,2018-12-05,Golden State Warriors,train
Brooklyn Nets,2018-12-05,Oklahoma City Thunder,train
Atlanta Hawks,2018-12-05,Washington Wizards,train
Orlando Magic,2018-12-05,Denver Nuggets,train
Minnesota Timberwolves,2018-12-05,Charlotte Hornets,train
Boston Celtics,2018-12-06,New York Knicks,train
Portland Trail Blazers,2018-12-06,Phoenix Suns,train
Utah Jazz,2018-12-06,Houston Rockets,train
San Antonio Spurs,2018-12-07,Los Angeles Lakers,train
Milwaukee Bucks,2018-12-07,Golden State Warriors,train
Phoenix Suns,2018-12-07,Miami Heat,train
New Orleans Pelicans,2018-12-07,Memphis Grizzlies,train
Chicago Bulls,2018-12-07,Oklahoma City Thunder,train
Cleveland Cavaliers,2018-12-07,Sacramento Kings,train
Brooklyn Nets,2018-12-07,Toronto Raptors,train
Charlotte Hornets,2018-12-07,Denver Nuggets,train
Orlando Magic,2018-12-07,Indiana Pacers,train
Detroit Pistons,2018-12-07,Philadelphia 76ers,train
LA Clippers,2018-12-08,Miami Heat,train
Portland Trail Blazers,2018-12-08,Minnesota Timberwolves,train
Chicago Bulls,2018-12-08,Boston Celtics,train
New York Knicks,2018-12-08,Brooklyn Nets,train
Memphis Grizzlies,2018-12-08,Los Angeles Lakers,train
Atlanta Hawks,2018-12-08,Denver Nuggets,train
Indiana Pacers,2018-12-08,Sacramento Kings,train
Dallas Mavericks,2018-12-08,Houston Rockets,train
Cleveland Cavaliers,2018-12-08,Washington Wizards,train
Detroit Pistons,2018-12-09,New Orleans Pelicans,train
Toronto Raptors,2018-12-09,Milwaukee Bucks,train
San Antonio Spurs,2018-12-09,Utah Jazz,train
New York Knicks,2018-12-09,Charlotte Hornets,train
Phoenix Suns,2018-12-10,LA Clippers,train
Los Angeles Lakers,2018-12-10,Miami Heat,train
Golden State Warriors,2018-12-10,Minnesota Timberwolves,train
Denver Nuggets,2018-12-10,Memphis Grizzlies,train
Dallas Mavericks,2018-12-10,Orlando Magic,train
Indiana Pacers,2018-12-10,Washington Wizards,train
Oklahoma City Thunder,2018-12-10,Utah Jazz,train
Milwaukee Bucks,2018-12-10,Cleveland Cavaliers,train
Boston Celtics,2018-12-10,New Orleans Pelicans,train
Philadelphia 76ers,2018-12-10,Detroit Pistons,train
Chicago Bulls,2018-12-10,Sacramento Kings,train
Houston Rockets,2018-12-11,Portland Trail Blazers,train
San Antonio Spurs,2018-12-11,Phoenix Suns,train
LA Clippers,2018-12-11,Toronto Raptors,train
Dallas Mavericks,2018-12-12,Atlanta Hawks,train
Sacramento Kings,2018-12-12,Minnesota Timberwolves,train
Golden State Warriors,2018-12-12,Toronto Raptors,train
Utah Jazz,2018-12-12,Miami Heat,train
New Orleans Pelicans,2018-12-12,Oklahoma City Thunder,train
Washington Wizards,2018-12-12,Boston Celtics,train
Indiana Pacers,2018-12-12,Milwaukee Bucks,train
Charlotte Hornets,2018-12-12,Detroit Pistons,train
Cleveland Cavaliers,2018-12-12,New York Knicks,train
Philadelphia 76ers,2018-12-12,Brooklyn Nets,train
Memphis Grizzlies,2018-12-12,Portland Trail Blazers,train
Houston Rockets,2018-12-13,Los Angeles Lakers,train
San Antonio Spurs,2018-12-13,LA Clippers,train
Orlando Magic,2018-12-13,Chicago Bulls,train
Phoenix Suns,2018-12-13,Dallas Mavericks,train
Denver Nuggets,2018-12-14,Oklahoma City Thunder,train
Sacramento Kings,2018-12-14,Golden State Warriors,train
Portland Trail Blazers,2018-12-14,Toronto Raptors,train
Memphis Grizzlies,2018-12-14,Miami Heat,train
Brooklyn Nets,2018-12-14,Washington Wizards,train
Philadelphia 76ers,2018-12-14,Indiana Pacers,train
Cleveland Cavaliers,2018-12-14,Milwaukee Bucks,train
Charlotte Hornets,2018-12-14,New York Knicks,train
Boston Celtics,2018-12-14,Atlanta Hawks,train
Orlando Magic,2018-12-15,Utah Jazz,train
Charlotte Hornets,2018-12-15,Los Angeles Lakers,train
Detroit Pistons,2018-12-15,Boston Celtics,train
Memphis Grizzlies,2018-12-15,Houston Rockets,train
San Antonio Spurs,2018-12-15,Chicago Bulls,train
Phoenix Suns,2018-12-15,Minnesota Timberwolves,train
Oklahoma City Thunder,2018-12-15,LA Clippers,train
New Orleans Pelicans,2018-12-16,Miami Heat,train
Dallas Mavericks,2018-12-16,Sacramento Kings,train
Washington Wizards,2018-12-16,Los Angeles Lakers,train
Denver Nuggets,2018-12-16,Toronto Raptors,train
Cleveland Cavaliers,2018-12-16,Philadelphia 76ers,train
Brooklyn Nets,2018-12-16,Atlanta Hawks,train
Indiana Pacers,2018-12-16,New York Knicks,train
Golden State Warriors,2018-12-17,Memphis Grizzlies,train
San Antonio Spurs,2018-12-17,Philadelphia 76ers,train
Houston Rockets,2018-12-17,Utah Jazz,train
LA Clippers,2018-12-17,Portland Trail Blazers,train
Minnesota Timberwolves,2018-12-17,Sacramento Kings,train
New York Knicks,2018-12-17,Phoenix Suns,train
Detroit Pistons,2018-12-17,Milwaukee Bucks,train
Oklahoma City Thunder,2018-12-17,Chicago Bulls,train
Indiana Pacers,2018-12-18,Cleveland Cavaliers,train
Brooklyn Nets,2018-12-18,Los Angeles Lakers,train
Atlanta Hawks,2018-12-18,Washington Wizards,train
Denver Nuggets,2018-12-18,Dallas Mavericks,train
Chicago Bulls,2018-12-19,Brooklyn Nets,train
Portland Trail Blazers,2018-12-19,Memphis Grizzlies,train
Sacramento Kings,2018-12-19,Oklahoma City Thunder,train
Utah Jazz,2018-12-19,Golden State Warriors,train
Milwaukee Bucks,2018-12-19,New Orleans Pelicans,train
Houston Rockets,2018-12-19,Washington Wizards,train
Orlando Magic,2018-12-19,San Antonio Spurs,train
Toronto Raptors,2018-12-19,Indiana Pacers,train
Boston Celtics,2018-12-19,Phoenix Suns,train
Charlotte Hornets,2018-12-19,Cleveland Cavaliers,train
Philadelphia 76ers,2018-12-19,New York Knicks,train
Minnesota Timberwolves,2018-12-19,Detroit Pistons,train
Miami Heat,2018-12-20,Houston Rockets,train
LA Clippers,2018-12-20,Dallas Mavericks,train
Los Angeles Lakers,2018-12-21,New Orleans Pelicans,train
Portland Trail Blazers,2018-12-21,Utah Jazz,train
Sacramento Kings,2018-12-21,Memphis Grizzlies,train
San Antonio Spurs,2018-12-21,Minnesota Timberwolves,train
Chicago Bulls,2018-12-21,Orlando Magic,train
Boston Celtics,2018-12-21,Milwaukee Bucks,train
Brooklyn Nets,2018-12-21,Indiana Pacers,train
Toronto Raptors,2018-12-21,Cleveland Cavaliers,train
Charlotte Hornets,2018-12-21,Detroit Pistons,train
New York Knicks,2018-12-21,Atlanta Hawks,train
LA Clippers,2018-12-22,Denver Nuggets,train
Washington Wizards,2018-12-22,Phoenix Suns,train
Philadelphia 76ers,2018-12-22,Toronto Raptors,train
Houston Rockets,2018-12-22,San Antonio Spurs,train
Miami Heat,2018-12-22,Milwaukee Bucks,train
Golden State Warriors,2018-12-22,Dallas Mavericks,train
Utah Jazz,2018-12-22,Oklahoma City Thunder,train
Los Angeles Lakers,2018-12-23,Memphis Grizzlies,train
Portland Trail Blazers,2018-12-23,Dallas Mavericks,train
Golden State Warriors,2018-12-23,LA Clippers,train
Oklahoma City Thunder,2018-12-23,Minnesota Timberwolves,train
Boston Celtics,2018-12-23,Charlotte Hornets,train
Sacramento Kings,2018-12-23,New Orleans Pelicans,train
Brooklyn Nets,2018-12-23,Phoenix Suns,train
Orlando Magic,2018-12-23,Miami Heat,train
Indiana Pacers,2018-12-23,Washington Wizards,train
Detroit Pistons,2018-12-23,Atlanta Hawks,train
Cleveland Cavaliers,2018-12-23,Chicago Bulls,train
New York Knicks,2018-12-25,Milwaukee Bucks,train
Houston Rockets,2018-12-25,Oklahoma City Thunder,train
Boston Celtics,2018-12-25,Philadelphia 76ers,train
Golden State Warriors,2018-12-25,Los Angeles Lakers,train
Utah Jazz,2018-12-25,Portland Trail Blazers,train
Chicago Bulls,2018-12-26,Minnesota Timberwolves,train
LA Clippers,2018-12-26,Sacramento Kings,train
San Antonio Spurs,2018-12-26,Denver Nuggets,train
Dallas Mavericks,2018-12-26,New Orleans Pelicans,train
Memphis Grizzlies,2018-12-26,Cleveland Cavaliers,train
Brooklyn Nets,2018-12-26,Charlotte Hornets,train
Miami Heat,2018-12-26,Toronto Raptors,train
Atlanta Hawks,2018-12-26,Indiana Pacers,train
Detroit Pistons,2018-12-26,Washington Wizards,train
Orlando Magic,2018-12-26,Phoenix Suns,train
Houston Rockets,2018-12-27,Boston Celtics,train
Milwaukee Bucks,2018-12-27,New York Knicks,train
Sacramento Kings,2018-12-27,Los Angeles Lakers,train
Golden State Warriors,2018-12-27,Portland Trail Blazers,train
Utah Jazz,2018-12-27,Philadelphia 76ers,train
Los Angeles Lakers,2018-12-28,LA Clippers,train
Phoenix Suns,2018-12-28,Oklahoma City Thunder,train
Denver Nuggets,2018-12-28,San Antonio Spurs,train
New Orleans Pelicans,2018-12-28,Dallas Mavericks,train
Minnesota Timberwolves,2018-12-28,Atlanta Hawks,train
Washington Wizards,2018-12-28,Chicago Bulls,train
Orlando Magic,2018-12-28,Toronto Raptors,train
Indiana Pacers,2018-12-28,Detroit Pistons,train
Charlotte Hornets,2018-12-28,Brooklyn Nets,train
Miami Heat,2018-12-28,Cleveland Cavaliers,train
LA Clippers,2018-12-29,San Antonio Spurs,train
Portland Trail Blazers,2018-12-29,Golden State Warriors,train
Phoenix Suns,2018-12-29,Denver Nuggets,train
Utah Jazz,2018-12-29,New York Knicks,train
Atlanta Hawks,2018-12-29,Cleveland Cavaliers,train
Washington Wizards,2018-12-29,Charlotte Hornets,train
New Orleans Pelicans,2018-12-29,Houston Rockets,train
Milwaukee Bucks,2018-12-29,Brooklyn Nets,train
Memphis Grizzlies,2018-12-29,Boston Celtics,train
Portland Trail Blazers,2018-12-30,Philadelphia 76ers,train
Los Angeles Lakers,2018-12-30,Sacramento Kings,train
Dallas Mavericks,2018-12-30,Oklahoma City Thunder,train
Toronto Raptors,2018-12-30,Chicago Bulls,train
Miami Heat,2018-12-30,Minnesota Timberwolves,train
Orlando Magic,2018-12-30,Detroit Pistons,train
New Orleans Pelicans,2018-12-31,Minnesota Timberwolves,train
Oklahoma City Thunder,2018-12-31,Dallas Mavericks,train
Houston Rockets,2018-12-31,Memphis Grizzlies,train
Phoenix Suns,2018-12-31,Golden State Warriors,train
Charlotte Hornets,2018-12-31,Orlando Magic,train
Indiana Pacers,2018-12-31,Atlanta Hawks,train
San Antonio Spurs,2018-12-31,Boston Celtics,train
Toronto Raptors,2019-01-01,Utah Jazz,train
Milwaukee Bucks,2019-01-01,Detroit Pistons,train
Denver Nuggets,2019-01-01,New York Knicks,train
Sacramento Kings,2019-01-01,Portland Trail Blazers,train
LA Clippers,2019-01-01,Philadelphia 76ers,train
Chicago Bulls,2019-01-02,Orlando Magic,train
Los Angeles Lakers,2019-01-02,Oklahoma City Thunder,train
Phoenix Suns,2019-01-02,Philadelphia 76ers,train
Memphis Grizzlies,2019-01-02,Detroit Pistons,train
Washington Wizards,2019-01-02,Atlanta Hawks,train
Brooklyn Nets,2019-01-02,New Orleans Pelicans,train
Charlotte Hornets,2019-01-02,Dallas Mavericks,train
Cleveland Cavaliers,2019-01-02,Miami Heat,train
Boston Celtics,2019-01-02,Minnesota Timberwolves,train
San Antonio Spurs,2019-01-03,Toronto Raptors,train
Sacramento Kings,2019-01-03,Denver Nuggets,train
Golden State Warriors,2019-01-03,Houston Rockets,train
Milwaukee Bucks,2019-01-04,Atlanta Hawks,train
Portland Trail Blazers,2019-01-04,Oklahoma City Thunder,train
Los Angeles Lakers,2019-01-04,New York Knicks,train
Phoenix Suns,2019-01-04,LA Clippers,train
Chicago Bulls,2019-01-04,Indiana Pacers,train
Minnesota Timberwolves,2019-01-04,Orlando Magic,train
Miami Heat,2019-01-04,Washington Wizards,train
Memphis Grizzlies,2019-01-04,Brooklyn Nets,train
Cleveland Cavaliers,2019-01-04,Utah Jazz,train
Boston Celtics,2019-01-04,Dallas Mavericks,train
Denver Nuggets,2019-01-05,Charlotte Hornets,train
Detroit Pistons,2019-01-05,Utah Jazz,train
Philadelphia 76ers,2019-01-05,Dallas Mavericks,train
Cleveland Cavaliers,2019-01-05,New Orleans Pelicans,train
Milwaukee Bucks,2019-01-05,Toronto Raptors,train
San Antonio Spurs,2019-01-05,Memphis Grizzlies,train
Portland Trail Blazers,2019-01-05,Houston Rockets,train
Sacramento Kings,2019-01-05,Golden State Warriors,train
Phoenix Suns,2019-01-06,Charlotte Hornets,train
Toronto Raptors,2019-01-06,Indiana Pacers,train
Oklahoma City Thunder,2019-01-06,Washington Wizards,train
Minnesota Timberwolves,2019-01-06,Los Angeles Lakers,train
LA Clippers,2019-01-06,Orlando Magic,train
Chicago Bulls,2019-01-06,Brooklyn Nets,train
Atlanta Hawks,2019-01-06,Miami Heat,train
Detroit Pistons,2019-01-07,San Antonio Spurs,train
Boston Celtics,2019-01-07,Brooklyn Nets,train
New Orleans Pelicans,2019-01-07,Memphis Grizzlies,train
Milwaukee Bucks,2019-01-07,Utah Jazz,train
Houston Rockets,2019-01-07,Denver Nuggets,train
Dallas Mavericks,2019-01-07,Los Angeles Lakers,train
Sacramento Kings,2019-01-07,Orlando Magic,train
Portland Trail Blazers,2019-01-07,New York Knicks,train
Phoenix Suns,2019-01-08,Sacramento Kings,train
Golden State Warriors,2019-01-08,New York Knicks,train
Oklahoma City Thunder,2019-01-08,Minnesota Timberwolves,train
LA Clippers,2019-01-08,Charlotte Hornets,train
Toronto Raptors,2019-01-08,Atlanta Hawks,train
Cleveland Cavaliers,2019-01-08,Indiana Pacers,train
Philadelphia 76ers,2019-01-08,Washington Wizards,train
Miami Heat,2019-01-08,Denver Nuggets,train
Washington Wizards,2019-01-09,Philadelphia 76ers,train
Boston Celtics,2019-01-09,Indiana Pacers,train
Brooklyn Nets,2019-01-09,Atlanta Hawks,train
Houston Rockets,2019-01-09,Milwaukee Bucks,train
Memphis Grizzlies,2019-01-09,San Antonio Spurs,train
New Orleans Pelicans,2019-01-09,Cleveland Cavaliers,train
Dallas Mavericks,2019-01-09,Phoenix Suns,train
Utah Jazz,2019-01-09,Orlando Magic,train
Portland Trail Blazers,2019-01-09,Chicago Bulls,train
Los Angeles Lakers,2019-01-09,Detroit Pistons,train
Sacramento Kings,2019-01-10,Detroit Pistons,train
San Antonio Spurs,2019-01-10,Oklahoma City Thunder,train
Miami Heat,2019-01-10,Boston Celtics,train
Denver Nuggets,2019-01-10,LA Clippers,train
Washington Wizards,2019-01-11,Milwaukee Bucks,train
Philadelphia 76ers,2019-01-11,Atlanta Hawks,train
New York Knicks,2019-01-11,Indiana Pacers,train
Toronto Raptors,2019-01-11,Brooklyn Nets,train
Houston Rockets,2019-01-11,Cleveland Cavaliers,train
Minnesota Timberwolves,2019-01-11,Dallas Mavericks,train
Utah Jazz,2019-01-11,Los Angeles Lakers,train
Portland Trail Blazers,2019-01-11,Charlotte Hornets,train
Golden State Warriors,2019-01-11,Chicago Bulls,train
Utah Jazz,2019-01-12,Chicago Bulls,train
Sacramento Kings,2019-01-12,Charlotte Hornets,train
Phoenix Suns,2019-01-12,Denver Nuggets,train
Minnesota Timberwolves,2019-01-12,New Orleans Pelicans,train
Orlando Magic,2019-01-12,Boston Celtics,train
Miami Heat,2019-01-12,Memphis Grizzlies,train
LA Clippers,2019-01-12,Detroit Pistons,train
Oklahoma City Thunder,2019-01-12,San Antonio Spurs,train
New York Knicks,2019-01-13,Philadelphia 76ers,train
Washington Wizards,2019-01-13,Toronto Raptors,train
Atlanta Hawks,2019-01-13,Milwaukee Bucks,train
Orlando Magic,2019-01-13,Houston Rockets,train
Dallas Mavericks,2019-01-13,Golden State Warriors,train
Denver Nuggets,2019-01-13,Portland Trail Blazers,train
Los Angeles Lakers,2019-01-13,Cleveland Cavaliers,train
LA Clippers,2019-01-14,New Orleans Pelicans,train
Utah Jazz,2019-01-14,Detroit Pistons,train
Sacramento Kings,2019-01-14,Portland Trail Blazers,train
Houston Rockets,2019-01-14,Memphis Grizzlies,train
San Antonio Spurs,2019-01-14,Charlotte Hornets,train
Brooklyn Nets,2019-01-14,Boston Celtics,train
Denver Nuggets,2019-01-15,Golden State Warriors,train
Milwaukee Bucks,2019-01-15,Miami Heat,train
Los Angeles Lakers,2019-01-15,Chicago Bulls,train
Indiana Pacers,2019-01-15,Phoenix Suns,train
Philadelphia 76ers,2019-01-15,Minnesota Timberwolves,train
Atlanta Hawks,2019-01-15,Oklahoma City Thunder,train
Golden State Warriors,2019-01-16,New Orleans Pelicans,train
Detroit Pistons,2019-01-16,Orlando Magic,train
Memphis Grizzlies,2019-01-16,Milwaukee Bucks,train
Boston Celtics,2019-01-16,Toronto Raptors,train
Houston Rockets,2019-01-16,Brooklyn Nets,train
Dallas Mavericks,2019-01-16,San Antonio Spurs,train
Portland Trail Blazers,2019-01-16,Cleveland Cavaliers,train
LA Clippers,2019-01-16,Utah Jazz,train
Denver Nuggets,2019-01-17,Chicago Bulls,train
Toronto Raptors,2019-01-17,Phoenix Suns,train
Oklahoma City Thunder,2019-01-17,Los Angeles Lakers,train
Indiana Pacers,2019-01-17,Philadelphia 76ers,train
Charlotte Hornets,2019-01-17,Sacramento Kings,train
Washington Wizards,2019-01-17,New York Knicks,train
Orlando Magic,2019-01-18,Brooklyn Nets,train
Boston Celtics,2019-01-18,Memphis Grizzlies,train
Detroit Pistons,2019-01-18,Miami Heat,train
Minnesota Timberwolves,2019-01-18,San Antonio Spurs,train
Utah Jazz,2019-01-18,Cleveland Cavaliers,train
Portland Trail Blazers,2019-01-18,New Orleans Pelicans,train
LA Clippers,2019-01-18,Golden State Warriors,train
Houston Rockets,2019-01-19,Los Angeles Lakers,train
Denver Nuggets,2019-01-19,Cleveland Cavaliers,train
Toronto Raptors,2019-01-19,Memphis Grizzlies,train
Atlanta Hawks,2019-01-19,Boston Celtics,train
Chicago Bulls,2019-01-19,Miami Heat,train
Indiana Pacers,2019-01-19,Dallas Mavericks,train
Detroit Pistons,2019-01-19,Sacramento Kings,train
Charlotte Hornets,2019-01-19,Phoenix Suns,train
Philadelphia 76ers,2019-01-19,Oklahoma City Thunder,train
Orlando Magic,2019-01-19,Milwaukee Bucks,train
Indiana Pacers,2019-01-20,Charlotte Hornets,train
Minnesota Timberwolves,2019-01-20,Phoenix Suns,train
San Antonio Spurs,2019-01-20,LA Clippers,train
Los Angeles Lakers,2019-01-21,Golden State Warriors,train
Utah Jazz,2019-01-21,Portland Trail Blazers,train
Philadelphia 76ers,2019-01-21,Houston Rockets,train
Boston Celtics,2019-01-21,Miami Heat,train
Memphis Grizzlies,2019-01-21,New Orleans Pelicans,train
Washington Wizards,2019-01-21,Detroit Pistons,train
Atlanta Hawks,2019-01-21,Orlando Magic,train
Milwaukee Bucks,2019-01-21,Dallas Mavericks,train
Cleveland Cavaliers,2019-01-21,Chicago Bulls,train
New York Knicks,2019-01-21,Oklahoma City Thunder,train
Brooklyn Nets,2019-01-21,Sacramento Kings,train
Dallas Mavericks,2019-01-22,LA Clippers,train
Phoenix Suns,2019-01-22,Minnesota Timberwolves,train
Oklahoma City Thunder,2019-01-22,Portland Trail Blazers,train
Toronto Raptors,2019-01-22,Sacramento Kings,train
Memphis Grizzlies,2019-01-23,Charlotte Hornets,train
Indiana Pacers,2019-01-23,Toronto Raptors,train
Boston Celtics,2019-01-23,Cleveland Cavaliers,train
Brooklyn Nets,2019-01-23,Orlando Magic,train
New York Knicks,2019-01-23,Houston Rockets,train
Miami Heat,2019-01-23,LA Clippers,train
Philadelphia 76ers,2019-01-23,San Antonio Spurs,train
New Orleans Pelicans,2019-01-23,Detroit Pistons,train
Chicago Bulls,2019-01-23,Atlanta Hawks,train
Utah Jazz,2019-01-23,Denver Nuggets,train
Washington Wizards,2019-01-24,Golden State Warriors,train
Oklahoma City Thunder,2019-01-24,New Orleans Pelicans,train
Phoenix Suns,2019-01-24,Portland Trail Blazers,train
Los Angeles Lakers,2019-01-24,Minnesota Timberwolves,train
Denver Nuggets,2019-01-25,Phoenix Suns,train
Cleveland Cavaliers,2019-01-25,Miami Heat,train
Milwaukee Bucks,2019-01-25,Charlotte Hornets,train
Utah Jazz,2019-01-25,Minnesota Timberwolves,train
Dallas Mavericks,2019-01-25,Detroit Pistons,train
Orlando Magic,2019-01-25,Washington Wizards,train
Memphis Grizzlies,2019-01-25,Sacramento Kings,train
Houston Rockets,2019-01-25,Toronto Raptors,train
Brooklyn Nets,2019-01-25,New York Knicks,train
Chicago Bulls,2019-01-25,LA Clippers,train
Portland Trail Blazers,2019-01-26,Atlanta Hawks,train
New Orleans Pelicans,2019-01-26,San Antonio Spurs,train
Memphis Grizzlies,2019-01-26,Indiana Pacers,train
Boston Celtics,2019-01-26,Golden State Warriors,train
Denver Nuggets,2019-01-26,Philadelphia 76ers,train
Minnesota Timberwolves,2019-01-27,Utah Jazz,train
San Antonio Spurs,2019-01-27,Washington Wizards,train
Los Angeles Lakers,2019-01-27,Phoenix Suns,train
Houston Rockets,2019-01-27,Orlando Magic,train
New York Knicks,2019-01-27,Miami Heat,train
Oklahoma City Thunder,2019-01-27,Milwaukee Bucks,train
Chicago Bulls,2019-01-27,Cleveland Cavaliers,train
Dallas Mavericks,2019-01-27,Toronto Raptors,train
LA Clippers,2019-01-27,Sacramento Kings,train
Indiana Pacers,2019-01-28,Golden State Warriors,train
Charlotte Hornets,2019-01-28,New York Knicks,train
Boston Celtics,2019-01-28,Brooklyn Nets,train
Memphis Grizzlies,2019-01-28,Denver Nuggets,train
LA Clippers,2019-01-28,Atlanta Hawks,train
Los Angeles Lakers,2019-01-29,Philadelphia 76ers,train
San Antonio Spurs,2019-01-29,Phoenix Suns,train
Houston Rockets,2019-01-29,New Orleans Pelicans,train
Orlando Magic,2019-01-29,Oklahoma City Thunder,train
Detroit Pistons,2019-01-29,Milwaukee Bucks,train
Cleveland Cavaliers,2019-01-29,Washington Wizards,train
Brooklyn Nets,2019-01-29,Chicago Bulls,train
Washington Wizards,2019-01-30,Indiana Pacers,train
Portland Trail Blazers,2019-01-30,Utah Jazz,train
Sacramento Kings,2019-01-30,Atlanta Hawks,train
New Orleans Pelicans,2019-01-30,Denver Nuggets,train
New York Knicks,2019-01-30,Dallas Mavericks,train
Boston Celtics,2019-01-30,Charlotte Hornets,train
Miami Heat,2019-01-30,Chicago Bulls,train
Minnesota Timberwolves,2019-01-30,Memphis Grizzlies,train
Orlando Magic,2019-01-31,Indiana Pacers,train
Detroit Pistons,2019-01-31,Dallas Mavericks,train
Toronto Raptors,2019-01-31,Milwaukee Bucks,train
San Antonio Spurs,2019-01-31,Brooklyn Nets,train
Golden State Warriors,2019-01-31,Philadelphia 76ers,train
LA Clippers,2019-01-31,Los Angeles Lakers,train
Utah Jazz,2019-02-01,Atlanta Hawks,train
Miami Heat,2019-02-01,Oklahoma City Thunder,train
Denver Nuggets,2019-02-01,Houston Rockets,train
Charlotte Hornets,2019-02-01,Memphis Grizzlies,train
New York Knicks,2019-02-01,Boston Celtics,train
Detroit Pistons,2019-02-02,LA Clippers,train
Orlando Magic,2019-02-02,Brooklyn Nets,train
Charlotte Hornets,2019-02-02,Chicago Bulls,train
Washington Wizards,2019-02-02,Milwaukee Bucks,train
Miami Heat,2019-02-02,Indiana Pacers,train
Cleveland Cavaliers,2019-02-02,Dallas Mavericks,train
San Antonio Spurs,2019-02-02,New Orleans Pelicans,train
Golden State Warriors,2019-02-02,Los Angeles Lakers,train
Minnesota Timberwolves,2019-02-02,Denver Nuggets,train
Utah Jazz,2019-02-02,Houston Rockets,train
Phoenix Suns,2019-02-02,Atlanta Hawks,train
Sacramento Kings,2019-02-02,Philadelphia 76ers,train
Boston Celtics,2019-02-03,Oklahoma City Thunder,train
Toronto Raptors,2019-02-03,LA Clippers,train
New York Knicks,2019-02-03,Memphis Grizzlies,train
Detroit Pistons,2019-02-04,Denver Nuggets,train
Washington Wizards,2019-02-04,Atlanta Hawks,train
Brooklyn Nets,2019-02-04,Milwaukee Bucks,train
New Orleans Pelicans,2019-02-04,Indiana Pacers,train
Phoenix Suns,2019-02-04,Houston Rockets,train
Sacramento Kings,2019-02-04,San Antonio Spurs,train
Cleveland Cavaliers,2019-02-05,Boston Celtics,train
Indiana Pacers,2019-02-05,Los Angeles Lakers,train
Charlotte Hornets,2019-02-05,LA Clippers,train
New York Knicks,2019-02-05,Detroit Pistons,train
Oklahoma City Thunder,2019-02-05,Orlando Magic,train
Philadelphia 76ers,2019-02-05,Toronto Raptors,train
Memphis Grizzlies,2019-02-05,Minnesota Timberwolves,train
Portland Trail Blazers,2019-02-05,Miami Heat,train
Sacramento Kings,2019-02-06,Houston Rockets,train
Golden State Warriors,2019-02-06,San Antonio Spurs,train
Utah Jazz,2019-02-06,Phoenix Suns,train
Chicago Bulls,2019-02-06,New Orleans Pelicans,train
Milwaukee Bucks,2019-02-06,Washington Wizards,train
Dallas Mavericks,2019-02-06,Charlotte Hornets,train
Brooklyn Nets,2019-02-06,Denver Nuggets,train
Orlando Magic,2019-02-07,Minnesota Timberwolves,train
Indiana Pacers,2019-02-07,LA Clippers,train
Atlanta Hawks,2019-02-07,Toronto Raptors,train
Oklahoma City Thunder,2019-02-07,Memphis Grizzlies,train
Boston Celtics,2019-02-07,Los Angeles Lakers,train
Portland Trail Blazers,2019-02-07,San Antonio Spurs,train
Sacramento Kings,2019-02-08,Miami Heat,train
New Orleans Pelicans,2019-02-08,Minnesota Timberwolves,train
Phoenix Suns,2019-02-08,Golden State Warriors,train
Dallas Mavericks,2019-02-08,Milwaukee Bucks,train
Detroit Pistons,2019-02-08,New York Knicks,train
Washington Wizards,2019-02-08,Cleveland Cavaliers,train
Philadelphia 76ers,2019-02-08,Denver Nuggets,train
Brooklyn Nets,2019-02-08,Chicago Bulls,train
Utah Jazz,2019-02-09,San Antonio Spurs,train
Indiana Pacers,2019-02-09,Cleveland Cavaliers,train
New York Knicks,2019-02-09,Toronto Raptors,train
Atlanta Hawks,2019-02-09,Charlotte Hornets,train
Memphis Grizzlies,2019-02-09,New Orleans Pelicans,train
Chicago Bulls,2019-02-09,Washington Wizards,train
Boston Celtics,2019-02-09,LA Clippers,train
Houston Rockets,2019-02-09,Oklahoma City Thunder,train
Milwaukee Bucks,2019-02-09,Orlando Magic,train
Atlanta Hawks,2019-02-10,Orlando Magic,train
Sacramento Kings,2019-02-10,Phoenix Suns,train
Golden State Warriors,2019-02-10,Miami Heat,train
Dallas Mavericks,2019-02-10,Portland Trail Blazers,train
Philadelphia 76ers,2019-02-10,Los Angeles Lakers,train
Detroit Pistons,2019-02-11,Washington Wizards,train
Cleveland Cavaliers,2019-02-11,New York Knicks,train
Indiana Pacers,2019-02-11,Charlotte Hornets,train
Toronto Raptors,2019-02-11,Brooklyn Nets,train
Oklahoma City Thunder,2019-02-11,Portland Trail Blazers,train
Houston Rockets,2019-02-11,Dallas Mavericks,train
Chicago Bulls,2019-02-11,Milwaukee Bucks,train
Minnesota Timberwolves,2019-02-11,LA Clippers,train
Denver Nuggets,2019-02-11,Miami Heat,train
Memphis Grizzlies,2019-02-12,San Antonio Spurs,train
Philadelphia 76ers,2019-02-12,Boston Celtics,train
Golden State Warriors,2019-02-12,Utah Jazz,train
Atlanta Hawks,2019-02-12,Los Angeles Lakers,train
New Orleans Pelicans,2019-02-12,Orlando Magic,train
LA Clippers,2019-02-13,Phoenix Suns,train
Portland Trail Blazers,2019-02-13,Golden State Warriors,train
Minnesota Timberwolves,2019-02-13,Houston Rockets,train
Denver Nuggets,2019-02-13,Sacramento Kings,train
Chicago Bulls,2019-02-13,Memphis Grizzlies,train
Dallas Mavericks,2019-02-13,Miami Heat,train
Toronto Raptors,2019-02-13,Washington Wizards,train
Boston Celtics,2019-02-13,Detroit Pistons,train
Indiana Pacers,2019-02-13,Milwaukee Bucks,train
Cleveland Cavaliers,2019-02-13,Brooklyn Nets,train
New York Knicks,2019-02-13,Philadelphia 76ers,train
Orlando Magic,2019-02-14,Charlotte Hornets,train
Atlanta Hawks,2019-02-14,New York Knicks,train
New Orleans Pelicans,2019-02-14,Oklahoma City Thunder,train
Los Angeles Lakers,2019-02-21,Houston Rockets,train
Milwaukee Bucks,2019-02-21,Boston Celtics,train
Golden State Warriors,2019-02-21,Sacramento Kings,train
Cleveland Cavaliers,2019-02-21,Phoenix Suns,train
Philadelphia 76ers,2019-02-21,Miami Heat,train
Brooklyn Nets,2019-02-21,Portland Trail Blazers,train
Oklahoma City Thunder,2019-02-22,Utah Jazz,train
Dallas Mavericks,2019-02-22,Denver Nuggets,train
Memphis Grizzlies,2019-02-22,LA Clippers,train
New York Knicks,2019-02-22,Minnesota Timberwolves,train
Atlanta Hawks,2019-02-22,Detroit Pistons,train
Orlando Magic,2019-02-22,Chicago Bulls,train
Indiana Pacers,2019-02-22,New Orleans Pelicans,train
Charlotte Hornets,2019-02-22,Washington Wizards,train
Toronto Raptors,2019-02-22,San Antonio Spurs,train
Chicago Bulls,2019-02-23,Boston Celtics,train
Utah Jazz,2019-02-23,Dallas Mavericks,train
Milwaukee Bucks,2019-02-23,Minnesota Timberwolves,train
Golden State Warriors,2019-02-23,Houston Rockets,train
Oklahoma City Thunder,2019-02-23,Sacramento Kings,train
Miami Heat,2019-02-23,Detroit Pistons,train
Charlotte Hornets,2019-02-23,Brooklyn Nets,train
New Orleans Pelicans,2019-02-23,Los Angeles Lakers,train
Washington Wizards,2019-02-23,Indiana Pacers,train
Cleveland Cavaliers,2019-02-23,Memphis Grizzlies,train
Philadelphia 76ers,2019-02-23,Portland Trail Blazers,train
Atlanta Hawks,2019-02-23,Phoenix Suns,train
Toronto Raptors,2019-02-24,Orlando Magic,train
Denver Nuggets,2019-02-24,LA Clippers,train
New York Knicks,2019-02-24,San Antonio Spurs,train
Houston Rockets,2019-02-25,Atlanta Hawks,train
LA Clippers,2019-02-25,Dallas Mavericks,train
Memphis Grizzlies,2019-02-25,Los Angeles Lakers,train
Minnesota Timberwolves,2019-02-25,Sacramento Kings,train
Chicago Bulls,2019-02-25,Milwaukee Bucks,train
New Orleans Pelicans,2019-02-25,Philadelphia 76ers,train
Miami Heat,2019-02-25,Phoenix Suns,train
Charlotte Hornets,2019-02-25,Golden State Warriors,train
Detroit Pistons,2019-02-25,Indiana Pacers,train
Cleveland Cavaliers,2019-02-25,Portland Trail Blazers,train
Brooklyn Nets,2019-02-25,San Antonio Spurs,train
New York Knicks,2019-02-26,Orlando Magic,train
Toronto Raptors,2019-02-26,Boston Celtics,train
Denver Nuggets,2019-02-26,Oklahoma City Thunder,train
Los Angeles Lakers,2019-02-27,New Orleans Pelicans,train
Utah Jazz,2019-02-27,LA Clippers,train
Dallas Mavericks,2019-02-27,Indiana Pacers,train
San Antonio Spurs,2019-02-27,Detroit Pistons,train
Memphis Grizzlies,2019-02-27,Chicago Bulls,train
Sacramento Kings,2019-02-27,Milwaukee Bucks,train
Brooklyn Nets,2019-02-27,Washington Wizards,train
Boston Celtics,2019-02-27,Portland Trail Blazers,train
Atlanta Hawks,2019-02-27,Minnesota Timberwolves,train
Charlotte Hornets,2019-02-27,Houston Rockets,train
Miami Heat,2019-02-27,Golden State Warriors,train
Denver Nuggets,2019-02-28,Utah Jazz,train
Houston Rockets,2019-02-28,Miami Heat,train
Oklahoma City Thunder,2019-02-28,Philadelphia 76ers,train
Orlando Magic,2019-02-28,Golden State Warriors,train
Indiana Pacers,2019-02-28,Minnesota Timberwolves,train
New York Knicks,2019-02-28,Cleveland Cavaliers,train
Toronto Raptors,2019-03-01,Portland Trail Blazers,train
Atlanta Hawks,2019-03-01,Chicago Bulls,train
Brooklyn Nets,2019-03-01,Charlotte Hornets,train
Boston Celtics,2019-03-01,Washington Wizards,train
Phoenix Suns,2019-03-01,New Orleans Pelicans,train
Sacramento Kings,2019-03-01,LA Clippers,train
Los Angeles Lakers,2019-03-01,Milwaukee Bucks,train
Phoenix Suns,2019-03-02,Los Angeles Lakers,train
Utah Jazz,2019-03-02,Milwaukee Bucks,train
Denver Nuggets,2019-03-02,New Orleans Pelicans,train
San Antonio Spurs,2019-03-02,Oklahoma City Thunder,train
Indiana Pacers,2019-03-02,Orlando Magic,train
Dallas Mavericks,2019-03-02,Memphis Grizzlies,train
Miami Heat,2019-03-02,Brooklyn Nets,train
Cleveland Cavaliers,2019-03-02,Detroit Pistons,train
Philadelphia 76ers,2019-03-02,Golden State Warriors,train
Charlotte Hornets,2019-03-03,Portland Trail Blazers,train
Boston Celtics,2019-03-03,Houston Rockets,train
Chicago Bulls,2019-03-03,Atlanta Hawks,train
LA Clippers,2019-03-03,New York Knicks,train
Cleveland Cavaliers,2019-03-03,Orlando Magic,train
Detroit Pistons,2019-03-03,Toronto Raptors,train
Washington Wizards,2019-03-03,Minnesota Timberwolves,train
Oklahoma City Thunder,2019-03-03,Memphis Grizzlies,train
Los Angeles Lakers,2019-03-04,LA Clippers,train
Sacramento Kings,2019-03-04,New York Knicks,train
Utah Jazz,2019-03-04,New Orleans Pelicans,train
San Antonio Spurs,2019-03-04,Denver Nuggets,train
Miami Heat,2019-03-04,Atlanta Hawks,train
Brooklyn Nets,2019-03-04,Dallas Mavericks,train
Phoenix Suns,2019-03-04,Milwaukee Bucks,train
Philadelphia 76ers,2019-03-05,Orlando Magic,train
Indiana Pacers,2019-03-05,Chicago Bulls,train
Toronto Raptors,2019-03-05,Houston Rockets,train
Memphis Grizzlies,2019-03-05,Portland Trail Blazers,train
Minnesota Timberwolves,2019-03-05,Oklahoma City Thunder,train
Golden State Warriors,2019-03-05,Boston Celtics,train
Los Angeles Lakers,2019-03-06,Denver Nuggets,train
Sacramento Kings,2019-03-06,Boston Celtics,train
Phoenix Suns,2019-03-06,New York Knicks,train
New Orleans Pelicans,2019-03-06,Utah Jazz,train
Chicago Bulls,2019-03-06,Philadelphia 76ers,train
Atlanta Hawks,2019-03-06,San Antonio Spurs,train
Detroit Pistons,2019-03-06,Minnesota Timberwolves,train
Washington Wizards,2019-03-06,Dallas Mavericks,train
Charlotte Hornets,2019-03-06,Miami Heat,train
Brooklyn Nets,2019-03-06,Cleveland Cavaliers,train
Milwaukee Bucks,2019-03-07,Indiana Pacers,train
Portland Trail Blazers,2019-03-07,Oklahoma City Thunder,train
LA Clippers,2019-03-08,Oklahoma City Thunder,train
Golden State Warriors,2019-03-08,Denver Nuggets,train
Chicago Bulls,2019-03-08,Detroit Pistons,train
Houston Rockets,2019-03-08,Philadelphia 76ers,train
Memphis Grizzlies,2019-03-08,Utah Jazz,train
Miami Heat,2019-03-08,Cleveland Cavaliers,train
Orlando Magic,2019-03-08,Dallas Mavericks,train
Charlotte Hornets,2019-03-08,Washington Wizards,train
New Orleans Pelicans,2019-03-08,Toronto Raptors,train
Milwaukee Bucks,2019-03-09,Charlotte Hornets,train
Portland Trail Blazers,2019-03-09,Phoenix Suns,train
Los Angeles Lakers,2019-03-09,Boston Celtics,train
New York Knicks,2019-03-09,Sacramento Kings,train
Atlanta Hawks,2019-03-09,Brooklyn Nets,train
Minnesota Timberwolves,2019-03-09,Washington Wizards,train
Detroit Pistons,2019-03-10,Chicago Bulls,train
Miami Heat,2019-03-10,Toronto Raptors,train
Philadelphia 76ers,2019-03-10,Indiana Pacers,train
Atlanta Hawks,2019-03-10,New Orleans Pelicans,train
Memphis Grizzlies,2019-03-10,Orlando Magic,train
Dallas Mavericks,2019-03-10,Houston Rockets,train
San Antonio Spurs,2019-03-10,Milwaukee Bucks,train
Minnesota Timberwolves,2019-03-10,New York Knicks,train
Golden State Warriors,2019-03-10,Phoenix Suns,train
Utah Jazz,2019-03-11,Oklahoma City Thunder,train
Houston Rockets,2019-03-11,Charlotte Hornets,train
LA Clippers,2019-03-11,Boston Celtics,train
Washington Wizards,2019-03-11,Sacramento Kings,train
Cleveland Cavaliers,2019-03-11,Toronto Raptors,train
Brooklyn Nets,2019-03-11,Detroit Pistons,train
Denver Nuggets,2019-03-12,Minnesota Timberwolves,train
Dallas Mavericks,2019-03-12,San Antonio Spurs,train
Chicago Bulls,2019-03-12,Los Angeles Lakers,train
LA Clippers,2019-03-12,Portland Trail Blazers,train
Philadelphia 76ers,2019-03-12,Cleveland Cavaliers,train
Indiana Pacers,2019-03-12,New York Knicks,train
New Orleans Pelicans,2019-03-12,Milwaukee Bucks,train
Miami Heat,2019-03-13,Detroit Pistons,train
Washington Wizards,2019-03-13,Orlando Magic,train
Atlanta Hawks,2019-03-13,Memphis Grizzlies,train
Oklahoma City Thunder,2019-03-13,Brooklyn Nets,train
Houston Rockets,2019-03-13,Golden State Warriors,train
Phoenix Suns,2019-03-13,Utah Jazz,train
Utah Jazz,2019-03-14,Minnesota Timberwolves,train
Denver Nuggets,2019-03-14,Dallas Mavericks,train
Toronto Raptors,2019-03-14,Los Angeles Lakers,train
Orlando Magic,2019-03-14,Cleveland Cavaliers,train
Indiana Pacers,2019-03-14,Oklahoma City Thunder,train
Boston Celtics,2019-03-14,Sacramento Kings,train
Detroit Pistons,2019-03-15,Los Angeles Lakers,train
Philadelphia 76ers,2019-03-15,Sacramento Kings,train
Washington Wizards,2019-03-15,Charlotte Hornets,train
Houston Rockets,2019-03-15,Phoenix Suns,train
New Orleans Pelicans,2019-03-15,Portland Trail Blazers,train
Miami Heat,2019-03-15,Milwaukee Bucks,train
San Antonio Spurs,2019-03-15,New York Knicks,train
LA Clippers,2019-03-15,Chicago Bulls,train
Dallas Mavericks,2019-03-16,Cleveland Cavaliers,train
Utah Jazz,2019-03-16,Brooklyn Nets,train
Denver Nuggets,2019-03-16,Indiana Pacers,train
San Antonio Spurs,2019-03-16,Portland Trail Blazers,train
New Orleans Pelicans,2019-03-16,Phoenix Suns,train
Washington Wizards,2019-03-16,Memphis Grizzlies,train
Boston Celtics,2019-03-16,Atlanta Hawks,train
Oklahoma City Thunder,2019-03-16,Golden State Warriors,train
New York Knicks,2019-03-17,Los Angeles Lakers,train
Miami Heat,2019-03-17,Charlotte Hornets,train
Milwaukee Bucks,2019-03-17,Philadelphia 76ers,train
Detroit Pistons,2019-03-17,Toronto Raptors,train
Orlando Magic,2019-03-17,Atlanta Hawks,train
Sacramento Kings,2019-03-17,Chicago Bulls,train
Houston Rockets,2019-03-17,Minnesota Timberwolves,train
LA Clippers,2019-03-17,Brooklyn Nets,train
Toronto Raptors,2019-03-18,New York Knicks,train
Portland Trail Blazers,2019-03-18,Indiana Pacers,train
Phoenix Suns,2019-03-18,Chicago Bulls,train
Dallas Mavericks,2019-03-18,New Orleans Pelicans,train
San Antonio Spurs,2019-03-18,Golden State Warriors,train
Boston Celtics,2019-03-18,Denver Nuggets,train
Washington Wizards,2019-03-18,Utah Jazz,train
Cleveland Cavaliers,2019-03-18,Detroit Pistons,train
Oklahoma City Thunder,2019-03-18,Miami Heat,train
LA Clippers,2019-03-19,Indiana Pacers,train
Charlotte Hornets,2019-03-19,Philadelphia 76ers,train
Atlanta Hawks,2019-03-19,Houston Rockets,train
Minnesota Timberwolves,2019-03-19,Golden State Warriors,train
Milwaukee Bucks,2019-03-19,Los Angeles Lakers,train
Sacramento Kings,2019-03-19,Brooklyn Nets,train
Oklahoma City Thunder,2019-03-20,Toronto Raptors,train
Memphis Grizzlies,2019-03-20,Houston Rockets,train
Portland Trail Blazers,2019-03-20,Dallas Mavericks,train
Chicago Bulls,2019-03-20,Washington Wizards,train
San Antonio Spurs,2019-03-20,Miami Heat,train
Philadelphia 76ers,2019-03-20,Boston Celtics,train
Cleveland Cavaliers,2019-03-20,Milwaukee Bucks,train
New York Knicks,2019-03-20,Utah Jazz,train
Orlando Magic,2019-03-20,New Orleans Pelicans,train
Charlotte Hornets,2019-03-21,Minnesota Timberwolves,train
Washington Wizards,2019-03-21,Denver Nuggets,train
Atlanta Hawks,2019-03-21,Utah Jazz,train
Sacramento Kings,2019-03-21,Dallas Mavericks,train
Phoenix Suns,2019-03-21,Detroit Pistons,train
Golden State Warriors,2019-03-21,Indiana Pacers,train
New York Knicks,2019-03-22,Denver Nuggets,train
Orlando Magic,2019-03-22,Memphis Grizzlies,train
Cleveland Cavaliers,2019-03-22,LA Clippers,train
Toronto Raptors,2019-03-22,Oklahoma City Thunder,train
Houston Rockets,2019-03-22,San Antonio Spurs,train
Milwaukee Bucks,2019-03-22,Miami Heat,train
Los Angeles Lakers,2019-03-22,Brooklyn Nets,train
Washington Wizards,2019-03-23,Miami Heat,train
Portland Trail Blazers,2019-03-23,Detroit Pistons,train
Sacramento Kings,2019-03-23,Phoenix Suns,train
Golden State Warriors,2019-03-23,Dallas Mavericks,train
Charlotte Hornets,2019-03-23,Boston Celtics,train
Memphis Grizzlies,2019-03-23,Minnesota Timberwolves,train
Atlanta Hawks,2019-03-23,Philadelphia 76ers,train
Chicago Bulls,2019-03-23,Utah Jazz,train
New York Knicks,2019-03-24,LA Clippers,train
Milwaukee Bucks,2019-03-24,Cleveland Cavaliers,train
Indiana Pacers,2019-03-24,Denver Nuggets,train
Toronto Raptors,2019-03-24,Charlotte Hornets,train
New Orleans Pelicans,2019-03-24,Houston Rockets,train
Boston Celtics,2019-03-24,San Antonio Spurs,train
Golden State Warriors,2019-03-24,Detroit Pistons,train
Los Angeles Lakers,2019-03-24,Sacramento Kings,train
Utah Jazz,2019-03-25,Phoenix Suns,train
Portland Trail Blazers,2019-03-25,Brooklyn Nets,train
Memphis Grizzlies,2019-03-25,Oklahoma City Thunder,train
Orlando Magic,2019-03-25,Philadelphia 76ers,train
Denver Nuggets,2019-03-26,Detroit Pistons,train
Cleveland Cavaliers,2019-03-26,Boston Celtics,train
Charlotte Hornets,2019-03-26,San Antonio Spurs,train
Miami Heat,2019-03-26,Orlando Magic,train
Toronto Raptors,2019-03-26,Chicago Bulls,train
Minnesota Timberwolves,2019-03-26,LA Clippers,train
New Orleans Pelicans,2019-03-26,Atlanta Hawks,train
Milwaukee Bucks,2019-03-26,Houston Rockets,train
Dallas Mavericks,2019-03-26,Sacramento Kings,train
Los Angeles Lakers,2019-03-26,Washington Wizards,train
Phoenix Suns,2019-03-27,Washington Wizards,train
Chicago Bulls,2019-03-27,Portland Trail Blazers,train
Utah Jazz,2019-03-27,Los Angeles Lakers,train
Oklahoma City Thunder,2019-03-27,Indiana Pacers,train
Memphis Grizzlies,2019-03-27,Golden State Warriors,train
San Antonio Spurs,2019-03-28,Cleveland Cavaliers,train
Milwaukee Bucks,2019-03-28,LA Clippers,train
Houston Rockets,2019-03-28,Denver Nuggets,train
New Orleans Pelicans,2019-03-28,Sacramento Kings,train
Philadelphia 76ers,2019-03-28,Brooklyn Nets,train
New York Knicks,2019-03-28,Toronto Raptors,train
Detroit Pistons,2019-03-28,Orlando Magic,train
Miami Heat,2019-03-28,Dallas Mavericks,train
Los Angeles Lakers,2019-03-29,Charlotte Hornets,train
Boston Celtics,2019-03-29,Indiana Pacers,train
Atlanta Hawks,2019-03-29,Portland Trail Blazers,train
Oklahoma City Thunder,2019-03-29,Denver Nuggets,train
Minnesota Timberwolves,2019-03-29,Golden State Warriors,train
Utah Jazz,2019-03-29,Washington Wizards,train
Phoenix Suns,2019-03-30,Memphis Grizzlies,train
Minnesota Timberwolves,2019-03-30,Philadelphia 76ers,train
Chicago Bulls,2019-03-30,Toronto Raptors,train
New York Knicks,2019-03-30,Miami Heat,train
Brooklyn Nets,2019-03-30,Boston Celtics,train
Detroit Pistons,2019-03-30,Portland Trail Blazers,train
Houston Rockets,2019-03-30,Sacramento Kings,train
LA Clippers,2019-03-30,Cleveland Cavaliers,train
Indiana Pacers,2019-03-30,Orlando Magic,train
Atlanta Hawks,2019-03-31,Milwaukee Bucks,train
Oklahoma City Thunder,2019-03-31,Dallas Mavericks,train
New Orleans Pelicans,2019-03-31,Los Angeles Lakers,train
San Antonio Spurs,2019-03-31,Sacramento Kings,train
Denver Nuggets,2019-03-31,Washington Wizards,train
Golden State Warriors,2019-03-31,Charlotte Hornets,train
LA Clippers,2019-03-31,Memphis Grizzlies,train
Phoenix Suns,2019-04-01,Cleveland Cavaliers,train
Utah Jazz,2019-04-01,Charlotte Hornets,train
Dallas Mavericks,2019-04-01,Philadelphia 76ers,train
Minnesota Timberwolves,2019-04-01,Portland Trail Blazers,train
Toronto Raptors,2019-04-01,Orlando Magic,train
Brooklyn Nets,2019-04-01,Milwaukee Bucks,train
Boston Celtics,2019-04-01,Miami Heat,train
Indiana Pacers,2019-04-01,Detroit Pistons,train
New York Knicks,2019-04-01,Chicago Bulls,train
Oklahoma City Thunder,2019-04-02,Los Angeles Lakers,train
San Antonio Spurs,2019-04-02,Atlanta Hawks,train
Sacramento Kings,2019-04-02,Houston Rockets,train
Golden State Warriors,2019-04-02,Denver Nuggets,train
Dallas Mavericks,2019-04-03,Minnesota Timberwolves,train
LA Clippers,2019-04-03,Houston Rockets,train
Portland Trail Blazers,2019-04-03,Memphis Grizzlies,train
Phoenix Suns,2019-04-03,Utah Jazz,train
Denver Nuggets,2019-04-03,San Antonio Spurs,train
New Orleans Pelicans,2019-04-03,Charlotte Hornets,train
Brooklyn Nets,2019-04-03,Toronto Raptors,train
Miami Heat,2019-04-03,Boston Celtics,train
Atlanta Hawks,2019-04-03,Philadelphia 76ers,train
Washington Wizards,2019-04-03,Chicago Bulls,train
Orlando Magic,2019-04-03,New York Knicks,train
Detroit Pistons,2019-04-03,Indiana Pacers,train
Philadelphia 76ers,2019-04-04,Milwaukee Bucks,train
Sacramento Kings,2019-04-04,Cleveland Cavaliers,train
Los Angeles Lakers,2019-04-04,Golden State Warriors,train
Denver Nuggets,2019-04-05,Portland Trail Blazers,train
LA Clippers,2019-04-05,Los Angeles Lakers,train
Golden State Warriors,2019-04-05,Cleveland Cavaliers,train
Phoenix Suns,2019-04-05,New Orleans Pelicans,train
Utah Jazz,2019-04-05,Sacramento Kings,train
Dallas Mavericks,2019-04-05,Memphis Grizzlies,train
Oklahoma City Thunder,2019-04-05,Detroit Pistons,train
Minnesota Timberwolves,2019-04-05,Miami Heat,train
Indiana Pacers,2019-04-05,Boston Celtics,train
Houston Rockets,2019-04-05,New York Knicks,train
Orlando Magic,2019-04-05,Atlanta Hawks,train
Charlotte Hornets,2019-04-05,Toronto Raptors,train
Washington Wizards,2019-04-05,San Antonio Spurs,train
Milwaukee Bucks,2019-04-06,Brooklyn Nets,train
Chicago Bulls,2019-04-06,Philadelphia 76ers,train
Sacramento Kings,2019-04-07,New Orleans Pelicans,train
Portland Trail Blazers,2019-04-07,Denver Nuggets,train
Los Angeles Lakers,2019-04-07,Utah Jazz,train
New York Knicks,2019-04-07,Washington Wizards,train
Boston Celtics,2019-04-07,Orlando Magic,train
Houston Rockets,2019-04-07,Phoenix Suns,train
Golden State Warriors,2019-04-07,LA Clippers,train
Memphis Grizzlies,2019-04-07,Dallas Mavericks,train
Toronto Raptors,2019-04-07,Miami Heat,train
Cleveland Cavaliers,2019-04-07,San Antonio Spurs,train
Milwaukee Bucks,2019-04-07,Atlanta Hawks,train
Detroit Pistons,2019-04-07,Charlotte Hornets,train
Indiana Pacers,2019-04-07,Brooklyn Nets,train
Minnesota Timberwolves,2019-04-07,Oklahoma City Thunder,train
Oklahoma City Thunder,2019-04-09,Houston Rockets,train
Utah Jazz,2019-04-09,Denver Nuggets,train
Dallas Mavericks,2019-04-09,Phoenix Suns,train
New Orleans Pelicans,2019-04-09,Golden State Warriors,train
Minnesota Timberwolves,2019-04-09,Toronto Raptors,train
Los Angeles Lakers,2019-04-09,Portland Trail Blazers,train
Miami Heat,2019-04-09,Philadelphia 76ers,train
Washington Wizards,2019-04-09,Boston Celtics,train
Cleveland Cavaliers,2019-04-09,Charlotte Hornets,train
Detroit Pistons,2019-04-09,Memphis Grizzlies,train
Chicago Bulls,2019-04-09,New York Knicks,train
LA Clippers,2019-04-10,Utah Jazz,train
Portland Trail Blazers,2019-04-10,Sacramento Kings,train
Denver Nuggets,2019-04-10,Minnesota Timberwolves,train
New York Knicks,2019-04-10,Detroit Pistons,train
Brooklyn Nets,2019-04-10,Miami Heat,train
Atlanta Hawks,2019-04-10,Indiana Pacers,train
Philadelphia 76ers,2019-04-10,Chicago Bulls,train
San Antonio Spurs,2019-04-10,Dallas Mavericks,train
Memphis Grizzlies,2019-04-10,Golden State Warriors,train
Charlotte Hornets,2019-04-10,Orlando Magic,train
Milwaukee Bucks,2019-04-10,Oklahoma City Thunder,train
Philadelphia 76ers,2019-04-13,Brooklyn Nets,train
Toronto Raptors,2019-04-13,Orlando Magic,train
Golden State Warriors,2019-04-13,LA Clippers,train
Denver Nuggets,2019-04-13,San Antonio Spurs,train
Houston Rockets,2019-04-14,Utah Jazz,train
Milwaukee Bucks,2019-04-14,Detroit Pistons,train
Portland Trail Blazers,2019-04-14,Oklahoma City Thunder,train
Boston Celtics,2019-04-14,Indiana Pacers,train
Philadelphia 76ers,2019-04-15,Brooklyn Nets,train
Golden State Warriors,2019-04-15,LA Clippers,train
Toronto Raptors,2019-04-16,Orlando Magic,train
Denver Nuggets,2019-04-16,San Antonio Spurs,train
Portland Trail Blazers,2019-04-16,Oklahoma City Thunder,train
Milwaukee Bucks,2019-04-17,Detroit Pistons,train
Houston Rockets,2019-04-17,Utah Jazz,train
Boston Celtics,2019-04-17,Indiana Pacers,train
Brooklyn Nets,2019-04-18,Philadelphia 76ers,train
San Antonio Spurs,2019-04-18,Denver Nuggets,train
LA Clippers,2019-04-18,Golden State Warriors,train
Orlando Magic,2019-04-19,Toronto Raptors,train
Indiana Pacers,2019-04-19,Boston Celtics,train
Oklahoma City Thunder,2019-04-19,Portland Trail Blazers,train
Utah Jazz,2019-04-20,Houston Rockets,train
San Antonio Spurs,2019-04-20,Denver Nuggets,train
Brooklyn Nets,2019-04-20,Philadelphia 76ers,train
Detroit Pistons,2019-04-20,Milwaukee Bucks,train
Indiana Pacers,2019-04-21,Boston Celtics,train
LA Clippers,2019-04-21,Golden State Warriors,train
Orlando Magic,2019-04-21,Toronto Raptors,train
Oklahoma City Thunder,2019-04-21,Portland Trail Blazers,train
Detroit Pistons,2019-04-22,Milwaukee Bucks,train
Utah Jazz,2019-04-22,Houston Rockets,train
Denver Nuggets,2019-04-23,San Antonio Spurs,train
Portland Trail Blazers,2019-04-23,Oklahoma City Thunder,train
Toronto Raptors,2019-04-23,Orlando Magic,train
Philadelphia 76ers,2019-04-23,Brooklyn Nets,train
Golden State Warriors,2019-04-24,LA Clippers,train
Houston Rockets,2019-04-24,Utah Jazz,train
San Antonio Spurs,2019-04-25,Denver Nuggets,train
LA Clippers,2019-04-26,Golden State Warriors,train
Toronto Raptors,2019-04-27,Philadelphia 76ers,train
Denver Nuggets,2019-04-27,San Antonio Spurs,train
Milwaukee Bucks,2019-04-28,Boston Celtics,train
Golden State Warriors,2019-04-28,Houston Rockets,train
Toronto Raptors,2019-04-29,Philadelphia 76ers,train
Denver Nuggets,2019-04-29,Portland Trail Blazers,train
Milwaukee Bucks,2019-04-30,Boston Celtics,train
Golden State Warriors,2019-04-30,Houston Rockets,train
Denver Nuggets,2019-05-01,Portland Trail Blazers,train
Philadelphia 76ers,2019-05-02,Toronto Raptors,train
Boston Celtics,2019-05-03,Milwaukee Bucks,train
Portland Trail Blazers,2019-05-03,Denver Nuggets,train
Houston Rockets,2019-05-04,Golden State Warriors,train
Philadelphia 76ers,2019-05-05,Toronto Raptors,train
Portland Trail Blazers,2019-05-05,Denver Nuggets,train
Houston Rockets,2019-05-06,Golden State Warriors,train
Boston Celtics,2019-05-06,Milwaukee Bucks,train
Denver Nuggets,2019-05-07,Portland Trail Blazers,train
Toronto Raptors,2019-05-07,Philadelphia 76ers,train
Milwaukee Bucks,2019-05-08,Boston Celtics,train
Golden State Warriors,2019-05-08,Houston Rockets,train
Philadelphia 76ers,2019-05-09,Toronto Raptors,train
Portland Trail Blazers,2019-05-09,Denver Nuggets,train
Houston Rockets,2019-05-10,Golden State Warriors,train
Toronto Raptors,2019-05-12,Philadelphia 76ers,train
Denver Nuggets,2019-05-12,Portland Trail Blazers,train
Golden State Warriors,2019-05-14,Portland Trail Blazers,train
Milwaukee Bucks,2019-05-15,Toronto Raptors,train
Golden State Warriors,2019-05-16,Portland Trail Blazers,train
Milwaukee Bucks,2019-05-17,Toronto Raptors,train
Portland Trail Blazers,2019-05-18,Golden State Warriors,train
Toronto Raptors,2019-05-19,Milwaukee Bucks,train
Portland Trail Blazers,2019-05-20,Golden State Warriors,train
Toronto Raptors,2019-05-21,Milwaukee Bucks,train
Milwaukee Bucks,2019-05-23,Toronto Raptors,train
Toronto Raptors,2019-05-25,Milwaukee Bucks,train
Toronto Raptors,2019-05-30,Golden State Warriors,train
Toronto Raptors,2019-06-02,Golden State Warriors,train
Golden State Warriors,2019-06-05,Toronto Raptors,train
Golden State Warriors,2019-06-07,Toronto Raptors,train
Toronto Raptors,2019-06-10,Golden State Warriors,train
Golden State Warriors,2019-06-13,Toronto Raptors,train
Los Angeles Lakers,2019-10-25,Utah Jazz,train
Denver Nuggets,2019-10-25,Phoenix Suns,train
Memphis Grizzlies,2019-10-25,Chicago Bulls,train
New Orleans Pelicans,2019-10-25,Dallas Mavericks,train
Sacramento Kings,2019-10-25,Portland Trail Blazers,train
Brooklyn Nets,2019-10-25,New York Knicks,train
Charlotte Hornets,2019-10-25,Minnesota Timberwolves,train
Boston Celtics,2019-10-25,Toronto Raptors,train
Oklahoma City Thunder,2019-10-25,Washington Wizards,train
Milwaukee Bucks,2019-10-26,Miami Heat,train
Detroit Pistons,2019-10-26,Philadelphia 76ers,train
New York Knicks,2019-10-26,Boston Celtics,train
Atlanta Hawks,2019-10-26,Orlando Magic,train
Cleveland Cavaliers,2019-10-26,Indiana Pacers,train
Chicago Bulls,2019-10-26,Toronto Raptors,train
Houston Rockets,2019-10-26,New Orleans Pelicans,train
San Antonio Spurs,2019-10-26,Washington Wizards,train
Utah Jazz,2019-10-26,Sacramento Kings,train
Phoenix Suns,2019-10-26,LA Clippers,train
Los Angeles Lakers,2019-10-27,Charlotte Hornets,train
Minnesota Timberwolves,2019-10-27,Miami Heat,train
Dallas Mavericks,2019-10-27,Portland Trail Blazers,train
Oklahoma City Thunder,2019-10-27,Golden State Warriors,train
Memphis Grizzlies,2019-10-27,Brooklyn Nets,train
LA Clippers,2019-10-28,Charlotte Hornets,train
San Antonio Spurs,2019-10-28,Portland Trail Blazers,train
Sacramento Kings,2019-10-28,Denver Nuggets,train
Phoenix Suns,2019-10-28,Utah Jazz,train
Houston Rockets,2019-10-28,Oklahoma City Thunder,train
Detroit Pistons,2019-10-28,Indiana Pacers,train
New Orleans Pelicans,2019-10-28,Golden State Warriors,train
Toronto Raptors,2019-10-28,Orlando Magic,train
Atlanta Hawks,2019-10-28,Philadelphia 76ers,train
New York Knicks,2019-10-28,Chicago Bulls,train
Milwaukee Bucks,2019-10-28,Cleveland Cavaliers,train
Miami Heat,2019-10-29,Atlanta Hawks,train
Denver Nuggets,2019-10-29,Dallas Mavericks,train
Los Angeles Lakers,2019-10-29,Memphis Grizzlies,train
Golden State Warriors,2019-10-30,Phoenix Suns,train
Utah Jazz,2019-10-30,LA Clippers,train
Sacramento Kings,2019-10-30,Charlotte Hornets,train
Oklahoma City Thunder,2019-10-30,Portland Trail Blazers,train
Washington Wizards,2019-10-30,Houston Rockets,train
Brooklyn Nets,2019-10-30,Indiana Pacers,train
Toronto Raptors,2019-10-30,Detroit Pistons,train
Cleveland Cavaliers,2019-10-30,Chicago Bulls,train
Philadelphia 76ers,2019-10-30,Minnesota Timberwolves,train
Orlando Magic,2019-10-30,New York Knicks,train
Boston Celtics,2019-10-30,Milwaukee Bucks,train
Atlanta Hawks,2019-10-31,Miami Heat,train
New Orleans Pelicans,2019-10-31,Denver Nuggets,train
LA Clippers,2019-10-31,San Antonio Spurs,train
Golden State Warriors,2019-11-01,San Antonio Spurs,train
Sacramento Kings,2019-11-01,Utah Jazz,train
Chicago Bulls,2019-11-01,Detroit Pistons,train
Dallas Mavericks,2019-11-01,Los Angeles Lakers,train
Indiana Pacers,2019-11-01,Cleveland Cavaliers,train
Orlando Magic,2019-11-01,Milwaukee Bucks,train
Brooklyn Nets,2019-11-01,Houston Rockets,train
Boston Celtics,2019-11-01,New York Knicks,train
Oklahoma City Thunder,2019-11-02,New Orleans Pelicans,train
Detroit Pistons,2019-11-02,Brooklyn Nets,train
Orlando Magic,2019-11-02,Denver Nuggets,train
Memphis Grizzlies,2019-11-02,Phoenix Suns,train
Washington Wizards,2019-11-02,Minnesota Timberwolves,train
Milwaukee Bucks,2019-11-02,Toronto Raptors,train
Golden State Warriors,2019-11-02,Charlotte Hornets,train
Portland Trail Blazers,2019-11-02,Philadelphia 76ers,train
LA Clippers,2019-11-03,Utah Jazz,train
Cleveland Cavaliers,2019-11-03,Dallas Mavericks,train
San Antonio Spurs,2019-11-03,Los Angeles Lakers,train
New York Knicks,2019-11-03,Sacramento Kings,train
Indiana Pacers,2019-11-03,Chicago Bulls,train
Miami Heat,2019-11-03,Houston Rockets,train
Washington Wizards,2019-11-04,Detroit Pistons,train
Brooklyn Nets,2019-11-04,New Orleans Pelicans,train
Minnesota Timberwolves,2019-11-04,Milwaukee Bucks,train
Memphis Grizzlies,2019-11-04,Houston Rockets,train
Phoenix Suns,2019-11-04,Philadelphia 76ers,train
Golden State Warriors,2019-11-04,Portland Trail Blazers,train
Chicago Bulls,2019-11-05,Los Angeles Lakers,train
Cleveland Cavaliers,2019-11-05,Boston Celtics,train
Charlotte Hornets,2019-11-05,Indiana Pacers,train
Atlanta Hawks,2019-11-05,San Antonio Spurs,train
Oklahoma City Thunder,2019-11-05,Orlando Magic,train
Denver Nuggets,2019-11-05,Miami Heat,train
Utah Jazz,2019-11-06,Philadelphia 76ers,train
Dallas Mavericks,2019-11-06,Orlando Magic,train
LA Clippers,2019-11-06,Milwaukee Bucks,train
Memphis Grizzlies,2019-11-06,Minnesota Timberwolves,train
Houston Rockets,2019-11-06,Golden State Warriors,train
Atlanta Hawks,2019-11-06,Chicago Bulls,train
Toronto Raptors,2019-11-06,Sacramento Kings,train
Indiana Pacers,2019-11-06,Washington Wizards,train
Detroit Pistons,2019-11-06,New York Knicks,train
Charlotte Hornets,2019-11-07,Boston Celtics,train
San Antonio Spurs,2019-11-07,Oklahoma City Thunder,train
Phoenix Suns,2019-11-07,Miami Heat,train
LA Clippers,2019-11-07,Portland Trail Blazers,train
Los Angeles Lakers,2019-11-08,Miami Heat,train
Portland Trail Blazers,2019-11-08,Brooklyn Nets,train
Denver Nuggets,2019-11-08,Philadelphia 76ers,train
Utah Jazz,2019-11-08,Milwaukee Bucks,train
Dallas Mavericks,2019-11-08,New York Knicks,train
New Orleans Pelicans,2019-11-08,Toronto Raptors,train
Minnesota Timberwolves,2019-11-08,Golden State Warriors,train
Atlanta Hawks,2019-11-08,Sacramento Kings,train
Orlando Magic,2019-11-08,Memphis Grizzlies,train
Washington Wizards,2019-11-08,Cleveland Cavaliers,train
Indiana Pacers,2019-11-08,Detroit Pistons,train
San Antonio Spurs,2019-11-09,Boston Celtics,train
Charlotte Hornets,2019-11-09,New Orleans Pelicans,train
Oklahoma City Thunder,2019-11-09,Golden State Warriors,train
Memphis Grizzlies,2019-11-09,Dallas Mavericks,train
Chicago Bulls,2019-11-09,Houston Rockets,train
Los Angeles Lakers,2019-11-10,Toronto Raptors,train
Phoenix Suns,2019-11-10,Brooklyn Nets,train
New York Knicks,2019-11-10,Cleveland Cavaliers,train
Portland Trail Blazers,2019-11-10,Atlanta Hawks,train
Philadelphia 76ers,2019-11-10,Charlotte Hornets,train
Orlando Magic,2019-11-10,Indiana Pacers,train
Minnesota Timberwolves,2019-11-10,Denver Nuggets,train
Oklahoma City Thunder,2019-11-10,Milwaukee Bucks,train
Detroit Pistons,2019-11-11,Minnesota Timberwolves,train
Boston Celtics,2019-11-11,Dallas Mavericks,train
San Antonio Spurs,2019-11-11,Memphis Grizzlies,train
New Orleans Pelicans,2019-11-11,Houston Rockets,train
Golden State Warriors,2019-11-11,Utah Jazz,train
LA Clippers,2019-11-11,Toronto Raptors,train
Sacramento Kings,2019-11-12,Portland Trail Blazers,train
Denver Nuggets,2019-11-12,Atlanta Hawks,train
Phoenix Suns,2019-11-12,Los Angeles Lakers,train
Utah Jazz,2019-11-12,Brooklyn Nets,train
Miami Heat,2019-11-12,Detroit Pistons,train
Indiana Pacers,2019-11-12,Oklahoma City Thunder,train
Philadelphia 76ers,2019-11-12,Cleveland Cavaliers,train
Chicago Bulls,2019-11-12,New York Knicks,train
Los Angeles Lakers,2019-11-13,Golden State Warriors,train
Minnesota Timberwolves,2019-11-13,San Antonio Spurs,train
Boston Celtics,2019-11-13,Washington Wizards,train
Portland Trail Blazers,2019-11-13,Toronto Raptors,train
Charlotte Hornets,2019-11-13,Memphis Grizzlies,train
Orlando Magic,2019-11-13,Philadelphia 76ers,train
Houston Rockets,2019-11-13,LA Clippers,train
Cleveland Cavaliers,2019-11-14,Miami Heat,train
Milwaukee Bucks,2019-11-14,Chicago Bulls,train
New York Knicks,2019-11-14,Dallas Mavericks,train
New Orleans Pelicans,2019-11-14,LA Clippers,train
Phoenix Suns,2019-11-14,Atlanta Hawks,train
Denver Nuggets,2019-11-14,Brooklyn Nets,train
Golden State Warriors,2019-11-15,Boston Celtics,train
Los Angeles Lakers,2019-11-15,Sacramento Kings,train
Memphis Grizzlies,2019-11-15,Utah Jazz,train
Oklahoma City Thunder,2019-11-15,Philadelphia 76ers,train
Minnesota Timberwolves,2019-11-15,Washington Wizards,train
Orlando Magic,2019-11-15,San Antonio Spurs,train
Charlotte Hornets,2019-11-15,Detroit Pistons,train
Houston Rockets,2019-11-15,Indiana Pacers,train
Chicago Bulls,2019-11-16,Brooklyn Nets,train
Indiana Pacers,2019-11-16,Milwaukee Bucks,train
New York Knicks,2019-11-16,Charlotte Hornets,train
Minnesota Timberwolves,2019-11-16,Houston Rockets,train
Miami Heat,2019-11-16,New Orleans Pelicans,train
Dallas Mavericks,2019-11-16,Toronto Raptors,train
San Antonio Spurs,2019-11-16,Portland Trail Blazers,train
LA Clippers,2019-11-16,Atlanta Hawks,train
Los Angeles Lakers,2019-11-17,Atlanta Hawks,train
New Orleans Pelicans,2019-11-17,Golden State Warriors,train
Orlando Magic,2019-11-17,Washington Wizards,train
Memphis Grizzlies,2019-11-17,Denver Nuggets,train
Sacramento Kings,2019-11-17,Boston Celtics,train
Cleveland Cavaliers,2019-11-17,Philadelphia 76ers,train
New York Knicks,2019-11-18,Cleveland Cavaliers,train
Brooklyn Nets,2019-11-18,Indiana Pacers,train
Toronto Raptors,2019-11-18,Charlotte Hornets,train
Chicago Bulls,2019-11-18,Milwaukee Bucks,train
Houston Rockets,2019-11-18,Portland Trail Blazers,train
Dallas Mavericks,2019-11-18,San Antonio Spurs,train
Utah Jazz,2019-11-18,Minnesota Timberwolves,train
Phoenix Suns,2019-11-18,Boston Celtics,train
LA Clippers,2019-11-18,Oklahoma City Thunder,train
Los Angeles Lakers,2019-11-19,Oklahoma City Thunder,train
Sacramento Kings,2019-11-19,Phoenix Suns,train
Memphis Grizzlies,2019-11-19,Golden State Warriors,train
New Orleans Pelicans,2019-11-19,Portland Trail Blazers,train
Chicago Bulls,2019-11-20,Detroit Pistons,train
Denver Nuggets,2019-11-20,Houston Rockets,train
Minnesota Timberwolves,2019-11-20,Utah Jazz,train
LA Clippers,2019-11-20,Boston Celtics,train
Toronto Raptors,2019-11-20,Orlando Magic,train
Philadelphia 76ers,2019-11-20,New York Knicks,train
Dallas Mavericks,2019-11-20,Golden State Warriors,train
Atlanta Hawks,2019-11-20,Milwaukee Bucks,train
Miami Heat,2019-11-20,Cleveland Cavaliers,train
Washington Wizards,2019-11-20,San Antonio Spurs,train
Brooklyn Nets,2019-11-20,Charlotte Hornets,train
Milwaukee Bucks,2019-11-21,Portland Trail Blazers,train
Phoenix Suns,2019-11-21,New Orleans Pelicans,train
LA Clippers,2019-11-22,Houston Rockets,train
Utah Jazz,2019-11-22,Golden State Warriors,train
Denver Nuggets,2019-11-22,Boston Celtics,train
Dallas Mavericks,2019-11-22,Cleveland Cavaliers,train
Oklahoma City Thunder,2019-11-22,Los Angeles Lakers,train
Philadelphia 76ers,2019-11-22,San Antonio Spurs,train
Brooklyn Nets,2019-11-22,Sacramento Kings,train
Washington Wizards,2019-11-22,Charlotte Hornets,train
Detroit Pistons,2019-11-22,Atlanta Hawks,train
Chicago Bulls,2019-11-22,Miami Heat,train
Atlanta Hawks,2019-11-23,Toronto Raptors,train
Cleveland Cavaliers,2019-11-23,Portland Trail Blazers,train
Memphis Grizzlies,2019-11-23,Los Angeles Lakers,train
New York Knicks,2019-11-23,San Antonio Spurs,train
Milwaukee Bucks,2019-11-23,Detroit Pistons,train
Indiana Pacers,2019-11-23,Orlando Magic,train
Charlotte Hornets,2019-11-23,Chicago Bulls,train
Minnesota Timberwolves,2019-11-23,Phoenix Suns,train
Philadelphia 76ers,2019-11-23,Miami Heat,train
Utah Jazz,2019-11-23,New Orleans Pelicans,train
Denver Nuggets,2019-11-24,Phoenix Suns,train
New York Knicks,2019-11-24,Brooklyn Nets,train
LA Clippers,2019-11-24,New Orleans Pelicans,train
Houston Rockets,2019-11-24,Dallas Mavericks,train
Washington Wizards,2019-11-24,Sacramento Kings,train
Golden State Warriors,2019-11-25,Oklahoma City Thunder,train
Milwaukee Bucks,2019-11-25,Utah Jazz,train
San Antonio Spurs,2019-11-25,Los Angeles Lakers,train
Chicago Bulls,2019-11-25,Portland Trail Blazers,train
Atlanta Hawks,2019-11-25,Minnesota Timberwolves,train
Detroit Pistons,2019-11-25,Orlando Magic,train
Boston Celtics,2019-11-25,Sacramento Kings,train
Indiana Pacers,2019-11-25,Memphis Grizzlies,train
Miami Heat,2019-11-25,Charlotte Hornets,train
Toronto Raptors,2019-11-25,Philadelphia 76ers,train
Cleveland Cavaliers,2019-11-25,Brooklyn Nets,train
Dallas Mavericks,2019-11-26,LA Clippers,train
Denver Nuggets,2019-11-26,Washington Wizards,train
Golden State Warriors,2019-11-27,Chicago Bulls,train
Portland Trail Blazers,2019-11-27,Oklahoma City Thunder,train
New Orleans Pelicans,2019-11-27,Los Angeles Lakers,train
Phoenix Suns,2019-11-27,Washington Wizards,train
San Antonio Spurs,2019-11-27,Minnesota Timberwolves,train
Memphis Grizzlies,2019-11-27,LA Clippers,train
Houston Rockets,2019-11-27,Miami Heat,train
Toronto Raptors,2019-11-27,New York Knicks,train
Charlotte Hornets,2019-11-27,Detroit Pistons,train
Cleveland Cavaliers,2019-11-27,Orlando Magic,train
Philadelphia 76ers,2019-11-27,Sacramento Kings,train
Boston Celtics,2019-11-27,Brooklyn Nets,train
Indiana Pacers,2019-11-27,Utah Jazz,train
Milwaukee Bucks,2019-11-27,Atlanta Hawks,train
Oklahoma City Thunder,2019-11-29,New Orleans Pelicans,train
Portland Trail Blazers,2019-11-29,Chicago Bulls,train
Phoenix Suns,2019-11-29,Dallas Mavericks,train
San Antonio Spurs,2019-11-29,LA Clippers,train
Memphis Grizzlies,2019-11-29,Utah Jazz,train
Miami Heat,2019-11-29,Golden State Warriors,train
Los Angeles Lakers,2019-11-29,Washington Wizards,train
Cleveland Cavaliers,2019-11-29,Milwaukee Bucks,train
New York Knicks,2019-11-29,Philadelphia 76ers,train
Orlando Magic,2019-11-29,Toronto Raptors,train
Detroit Pistons,2019-11-29,Charlotte Hornets,train
Brooklyn Nets,2019-11-29,Boston Celtics,train
Indiana Pacers,2019-11-29,Atlanta Hawks,train
Houston Rockets,2019-11-30,Atlanta Hawks,train
Milwaukee Bucks,2019-11-30,Charlotte Hornets,train
Sacramento Kings,2019-11-30,Denver Nuggets,train
Philadelphia 76ers,2019-11-30,Indiana Pacers,train
Toronto Raptors,2019-12-01,Utah Jazz,train
Brooklyn Nets,2019-12-01,Miami Heat,train
New York Knicks,2019-12-01,Boston Celtics,train
Minnesota Timberwolves,2019-12-01,Memphis Grizzlies,train
Los Angeles Lakers,2019-12-01,Dallas Mavericks,train
Detroit Pistons,2019-12-01,San Antonio Spurs,train
New Orleans Pelicans,2019-12-01,Oklahoma City Thunder,train
Orlando Magic,2019-12-01,Golden State Warriors,train
LA Clippers,2019-12-01,Washington Wizards,train
Sacramento Kings,2019-12-02,Chicago Bulls,train
Milwaukee Bucks,2019-12-02,New York Knicks,train
Memphis Grizzlies,2019-12-02,Indiana Pacers,train
Charlotte Hornets,2019-12-02,Phoenix Suns,train
Philadelphia 76ers,2019-12-02,Utah Jazz,train
Atlanta Hawks,2019-12-02,Golden State Warriors,train
Cleveland Cavaliers,2019-12-03,Detroit Pistons,train
Washington Wizards,2019-12-03,Orlando Magic,train
New Orleans Pelicans,2019-12-03,Dallas Mavericks,train
Toronto Raptors,2019-12-03,Miami Heat,train
San Antonio Spurs,2019-12-03,Houston Rockets,train
Denver Nuggets,2019-12-03,Los Angeles Lakers,train
LA Clippers,2019-12-03,Portland Trail Blazers,train
Oklahoma City Thunder,2019-12-04,Indiana Pacers,train
Utah Jazz,2019-12-04,Los Angeles Lakers,train
Dallas Mavericks,2019-12-04,Minnesota Timberwolves,train
Portland Trail Blazers,2019-12-04,Sacramento Kings,train
Chicago Bulls,2019-12-04,Memphis Grizzlies,train
Atlanta Hawks,2019-12-04,Brooklyn Nets,train
Detroit Pistons,2019-12-04,Milwaukee Bucks,train
Boston Celtics,2019-12-04,Miami Heat,train
Charlotte Hornets,2019-12-04,Golden State Warriors,train
Orlando Magic,2019-12-04,Phoenix Suns,train
Washington Wizards,2019-12-05,Philadelphia 76ers,train
Toronto Raptors,2019-12-05,Houston Rockets,train
New York Knicks,2019-12-05,Denver Nuggets,train
New Orleans Pelicans,2019-12-05,Phoenix Suns,train
Portland Trail Blazers,2019-12-06,Los Angeles Lakers,train
San Antonio Spurs,2019-12-06,Sacramento Kings,train
Milwaukee Bucks,2019-12-06,LA Clippers,train
Boston Celtics,2019-12-06,Denver Nuggets,train
Chicago Bulls,2019-12-06,Golden State Warriors,train
Oklahoma City Thunder,2019-12-06,Minnesota Timberwolves,train
Charlotte Hornets,2019-12-06,Brooklyn Nets,train
Cleveland Cavaliers,2019-12-06,Orlando Magic,train
Detroit Pistons,2019-12-06,Indiana Pacers,train
Miami Heat,2019-12-06,Washington Wizards,train
Dallas Mavericks,2019-12-07,New Orleans Pelicans,train
Philadelphia 76ers,2019-12-07,Cleveland Cavaliers,train
New York Knicks,2019-12-07,Indiana Pacers,train
Houston Rockets,2019-12-07,Phoenix Suns,train
Utah Jazz,2019-12-07,Memphis Grizzlies,train
Dallas Mavericks,2019-12-08,Sacramento Kings,train
Portland Trail Blazers,2019-12-08,Oklahoma City Thunder,train
Washington Wizards,2019-12-08,LA Clippers,train
Los Angeles Lakers,2019-12-08,Minnesota Timberwolves,train
Philadelphia 76ers,2019-12-08,Toronto Raptors,train
Charlotte Hornets,2019-12-08,Atlanta Hawks,train
Brooklyn Nets,2019-12-08,Denver Nuggets,train
Miami Heat,2019-12-08,Chicago Bulls,train
Golden State Warriors,2019-12-09,Memphis Grizzlies,train
Utah Jazz,2019-12-09,Oklahoma City Thunder,train
Phoenix Suns,2019-12-09,Minnesota Timberwolves,train
Milwaukee Bucks,2019-12-09,Orlando Magic,train
Boston Celtics,2019-12-09,Cleveland Cavaliers,train
New Orleans Pelicans,2019-12-09,Detroit Pistons,train
Chicago Bulls,2019-12-09,Toronto Raptors,train
Indiana Pacers,2019-12-09,LA Clippers,train
Houston Rockets,2019-12-09,Sacramento Kings,train
Philadelphia 76ers,2019-12-10,Denver Nuggets,train
Charlotte Hornets,2019-12-10,Washington Wizards,train
Miami Heat,2019-12-10,Atlanta Hawks,train
Portland Trail Blazers,2019-12-10,New York Knicks,train
Golden State Warriors,2019-12-11,New York Knicks,train
Sacramento Kings,2019-12-11,Oklahoma City Thunder,train
Milwaukee Bucks,2019-12-11,New Orleans Pelicans,train
Phoenix Suns,2019-12-11,Memphis Grizzlies,train
Chicago Bulls,2019-12-11,Atlanta Hawks,train
Minnesota Timberwolves,2019-12-11,Utah Jazz,train
Cleveland Cavaliers,2019-12-11,Houston Rockets,train
Orlando Magic,2019-12-11,Los Angeles Lakers,train
Toronto Raptors,2019-12-11,LA Clippers,train
Brooklyn Nets,2019-12-11,Charlotte Hornets,train
Indiana Pacers,2019-12-11,Boston Celtics,train
Boston Celtics,2019-12-12,Philadelphia 76ers,train
San Antonio Spurs,2019-12-12,Cleveland Cavaliers,train
Detroit Pistons,2019-12-12,Dallas Mavericks,train
Denver Nuggets,2019-12-12,Portland Trail Blazers,train
Minnesota Timberwolves,2019-12-13,LA Clippers,train
Utah Jazz,2019-12-13,Golden State Warriors,train
Sacramento Kings,2019-12-13,New York Knicks,train
Chicago Bulls,2019-12-13,Charlotte Hornets,train
Memphis Grizzlies,2019-12-13,Milwaukee Bucks,train
Atlanta Hawks,2019-12-13,Indiana Pacers,train
Philadelphia 76ers,2019-12-13,New Orleans Pelicans,train
Orlando Magic,2019-12-13,Houston Rockets,train
Miami Heat,2019-12-13,Los Angeles Lakers,train
Phoenix Suns,2019-12-14,San Antonio Spurs,train
Toronto Raptors,2019-12-14,Brooklyn Nets,train
Chicago Bulls,2019-12-14,LA Clippers,train
Memphis Grizzlies,2019-12-14,Washington Wizards,train
Dallas Mavericks,2019-12-14,Miami Heat,train
Milwaukee Bucks,2019-12-14,Cleveland Cavaliers,train
Houston Rockets,2019-12-14,Detroit Pistons,train
Denver Nuggets,2019-12-14,Oklahoma City Thunder,train
Denver Nuggets,2019-12-15,New York Knicks,train
Atlanta Hawks,2019-12-15,Los Angeles Lakers,train
Golden State Warriors,2019-12-15,Sacramento Kings,train
Indiana Pacers,2019-12-15,Charlotte Hornets,train
New Orleans Pelicans,2019-12-15,Orlando Magic,train
Brooklyn Nets,2019-12-15,Philadelphia 76ers,train
Milwaukee Bucks,2019-12-16,Dallas Mavericks,train
Houston Rockets,2019-12-16,San Antonio Spurs,train
Memphis Grizzlies,2019-12-16,Miami Heat,train
Phoenix Suns,2019-12-16,Portland Trail Blazers,train
Toronto Raptors,2019-12-16,Cleveland Cavaliers,train
Detroit Pistons,2019-12-16,Washington Wizards,train
Oklahoma City Thunder,2019-12-16,Chicago Bulls,train
Charlotte Hornets,2019-12-17,Sacramento Kings,train
Indiana Pacers,2019-12-17,Los Angeles Lakers,train
New York Knicks,2019-12-17,Atlanta Hawks,train
New Orleans Pelicans,2019-12-17,Brooklyn Nets,train
Utah Jazz,2019-12-17,Orlando Magic,train
LA Clippers,2019-12-17,Phoenix Suns,train
Dallas Mavericks,2019-12-18,Boston Celtics,train
Denver Nuggets,2019-12-18,Orlando Magic,train
Portland Trail Blazers,2019-12-18,Golden State Warriors,train
Oklahoma City Thunder,2019-12-18,Memphis Grizzlies,train
Detroit Pistons,2019-12-18,Toronto Raptors,train
Philadelphia 76ers,2019-12-18,Miami Heat,train
Cleveland Cavaliers,2019-12-18,Charlotte Hornets,train
Washington Wizards,2019-12-18,Chicago Bulls,train
Minnesota Timberwolves,2019-12-18,New Orleans Pelicans,train
Atlanta Hawks,2019-12-19,Utah Jazz,train
Milwaukee Bucks,2019-12-19,Los Angeles Lakers,train
San Antonio Spurs,2019-12-19,Brooklyn Nets,train
LA Clippers,2019-12-19,Houston Rockets,train
Golden State Warriors,2019-12-20,New Orleans Pelicans,train
Portland Trail Blazers,2019-12-20,Orlando Magic,train
Denver Nuggets,2019-12-20,Minnesota Timberwolves,train
Oklahoma City Thunder,2019-12-20,Phoenix Suns,train
Philadelphia 76ers,2019-12-20,Dallas Mavericks,train
Boston Celtics,2019-12-20,Detroit Pistons,train
Toronto Raptors,2019-12-20,Washington Wizards,train
Cleveland Cavaliers,2019-12-20,Memphis Grizzlies,train
Indiana Pacers,2019-12-20,Sacramento Kings,train
Miami Heat,2019-12-20,New York Knicks,train
Charlotte Hornets,2019-12-21,Utah Jazz,train
Brooklyn Nets,2019-12-21,Atlanta Hawks,train
Philadelphia 76ers,2019-12-21,Washington Wizards,train
Detroit Pistons,2019-12-21,Chicago Bulls,train
New York Knicks,2019-12-21,Milwaukee Bucks,train
Memphis Grizzlies,2019-12-21,Sacramento Kings,train
San Antonio Spurs,2019-12-21,LA Clippers,train
Phoenix Suns,2019-12-21,Houston Rockets,train
Portland Trail Blazers,2019-12-21,Minnesota Timberwolves,train
Los Angeles Lakers,2019-12-22,Denver Nuggets,train
Oklahoma City Thunder,2019-12-22,LA Clippers,train
Toronto Raptors,2019-12-22,Dallas Mavericks,train
Boston Celtics,2019-12-22,Charlotte Hornets,train
Milwaukee Bucks,2019-12-22,Indiana Pacers,train
Golden State Warriors,2019-12-23,Minnesota Timberwolves,train
Portland Trail Blazers,2019-12-23,New Orleans Pelicans,train
Phoenix Suns,2019-12-23,Denver Nuggets,train
Memphis Grizzlies,2019-12-23,San Antonio Spurs,train
Miami Heat,2019-12-23,Utah Jazz,train
Sacramento Kings,2019-12-23,Houston Rockets,train
New York Knicks,2019-12-23,Washington Wizards,train
Orlando Magic,2019-12-23,Chicago Bulls,train
Indiana Pacers,2019-12-23,Toronto Raptors,train
Detroit Pistons,2019-12-23,Philadelphia 76ers,train
Cleveland Cavaliers,2019-12-23,Atlanta Hawks,train
Toronto Raptors,2019-12-25,Boston Celtics,train
Philadelphia 76ers,2019-12-25,Milwaukee Bucks,train
Golden State Warriors,2019-12-25,Houston Rockets,train
Los Angeles Lakers,2019-12-25,LA Clippers,train
Denver Nuggets,2019-12-25,New Orleans Pelicans,train
Sacramento Kings,2019-12-26,Minnesota Timberwolves,train
Utah Jazz,2019-12-26,Portland Trail Blazers,train
Dallas Mavericks,2019-12-26,San Antonio Spurs,train
Detroit Pistons,2019-12-26,Washington Wizards,train
Oklahoma City Thunder,2019-12-26,Memphis Grizzlies,train
Brooklyn Nets,2019-12-26,New York Knicks,train
Boston Celtics,2019-12-27,Cleveland Cavaliers,train
Orlando Magic,2019-12-27,Philadelphia 76ers,train
Charlotte Hornets,2019-12-27,Oklahoma City Thunder,train
Atlanta Hawks,2019-12-27,Milwaukee Bucks,train
Miami Heat,2019-12-27,Indiana Pacers,train
Golden State Warriors,2019-12-27,Phoenix Suns,train
Milwaukee Bucks,2019-12-28,Orlando Magic,train
LA Clippers,2019-12-28,Utah Jazz,train
Portland Trail Blazers,2019-12-28,Los Angeles Lakers,train
Sacramento Kings,2019-12-28,Phoenix Suns,train
San Antonio Spurs,2019-12-28,Detroit Pistons,train
Golden State Warriors,2019-12-28,Dallas Mavericks,train
Chicago Bulls,2019-12-28,Atlanta Hawks,train
Denver Nuggets,2019-12-28,Memphis Grizzlies,train
Minnesota Timberwolves,2019-12-28,Cleveland Cavaliers,train
Washington Wizards,2019-12-28,New York Knicks,train
Miami Heat,2019-12-28,Philadelphia 76ers,train
Boston Celtics,2019-12-28,Toronto Raptors,train
New Orleans Pelicans,2019-12-28,Indiana Pacers,train
Houston Rockets,2019-12-28,Brooklyn Nets,train
Toronto Raptors,2019-12-29,Oklahoma City Thunder,train
New Orleans Pelicans,2019-12-29,Houston Rockets,train
Memphis Grizzlies,2019-12-29,Charlotte Hornets,train
Denver Nuggets,2019-12-29,Sacramento Kings,train
Los Angeles Lakers,2019-12-29,Dallas Mavericks,train
Portland Trail Blazers,2019-12-30,Phoenix Suns,train
Utah Jazz,2019-12-30,Detroit Pistons,train
Chicago Bulls,2019-12-30,Milwaukee Bucks,train
Orlando Magic,2019-12-30,Atlanta Hawks,train
Washington Wizards,2019-12-30,Miami Heat,train
Minnesota Timberwolves,2019-12-30,Brooklyn Nets,train
Houston Rockets,2019-12-31,Denver Nuggets,train
Charlotte Hornets,2019-12-31,Boston Celtics,train
Indiana Pacers,2019-12-31,Philadelphia 76ers,train
Sacramento Kings,2019-12-31,LA Clippers,train
San Antonio Spurs,2019-12-31,Golden State Warriors,train
Toronto Raptors,2019-12-31,Cleveland Cavaliers,train
Oklahoma City Thunder,2019-12-31,Dallas Mavericks,train
Los Angeles Lakers,2020-01-01,Phoenix Suns,train
Milwaukee Bucks,2020-01-01,Minnesota Timberwolves,train
New York Knicks,2020-01-01,Portland Trail Blazers,train
Washington Wizards,2020-01-01,Orlando Magic,train
Cleveland Cavaliers,2020-01-02,Charlotte Hornets,train
Indiana Pacers,2020-01-02,Denver Nuggets,train
Miami Heat,2020-01-02,Toronto Raptors,train
Minnesota Timberwolves,2020-01-02,Golden State Warriors,train
Chicago Bulls,2020-01-02,Utah Jazz,train
San Antonio Spurs,2020-01-02,Oklahoma City Thunder,train
Dallas Mavericks,2020-01-02,Brooklyn Nets,train
Sacramento Kings,2020-01-02,Memphis Grizzlies,train
LA Clippers,2020-01-02,Detroit Pistons,train
Los Angeles Lakers,2020-01-03,New Orleans Pelicans,train
Houston Rockets,2020-01-03,Philadelphia 76ers,train
Phoenix Suns,2020-01-03,New York Knicks,train
Boston Celtics,2020-01-03,Atlanta Hawks,train
Orlando Magic,2020-01-03,Miami Heat,train
Washington Wizards,2020-01-03,Portland Trail Blazers,train
LA Clippers,2020-01-04,Memphis Grizzlies,train
Brooklyn Nets,2020-01-04,Toronto Raptors,train
Orlando Magic,2020-01-04,Utah Jazz,train
Cleveland Cavaliers,2020-01-04,Oklahoma City Thunder,train
Atlanta Hawks,2020-01-04,Indiana Pacers,train
Chicago Bulls,2020-01-04,Boston Celtics,train
Washington Wizards,2020-01-04,Denver Nuggets,train
Dallas Mavericks,2020-01-04,Charlotte Hornets,train
Milwaukee Bucks,2020-01-04,San Antonio Spurs,train
Golden State Warriors,2020-01-04,Detroit Pistons,train
Sacramento Kings,2020-01-04,New Orleans Pelicans,train
Phoenix Suns,2020-01-05,Memphis Grizzlies,train
Cleveland Cavaliers,2020-01-05,Minnesota Timberwolves,train
Los Angeles Lakers,2020-01-05,Detroit Pistons,train
LA Clippers,2020-01-05,New York Knicks,train
Miami Heat,2020-01-05,Portland Trail Blazers,train
Orlando Magic,2020-01-06,Brooklyn Nets,train
Charlotte Hornets,2020-01-06,Indiana Pacers,train
Washington Wizards,2020-01-06,Boston Celtics,train
Philadelphia 76ers,2020-01-06,Oklahoma City Thunder,train
Atlanta Hawks,2020-01-06,Denver Nuggets,train
New Orleans Pelicans,2020-01-06,Utah Jazz,train
San Antonio Spurs,2020-01-06,Milwaukee Bucks,train
Dallas Mavericks,2020-01-06,Chicago Bulls,train
Sacramento Kings,2020-01-06,Golden State Warriors,train
Phoenix Suns,2020-01-07,Sacramento Kings,train
Memphis Grizzlies,2020-01-07,Minnesota Timberwolves,train
Los Angeles Lakers,2020-01-07,New York Knicks,train
Toronto Raptors,2020-01-07,Portland Trail Blazers,train
Cleveland Cavaliers,2020-01-07,Detroit Pistons,train
Brooklyn Nets,2020-01-07,Oklahoma City Thunder,train
Golden State Warriors,2020-01-08,Milwaukee Bucks,train
Utah Jazz,2020-01-08,New York Knicks,train
Atlanta Hawks,2020-01-08,Houston Rockets,train
Dallas Mavericks,2020-01-08,Denver Nuggets,train
New Orleans Pelicans,2020-01-08,Chicago Bulls,train
Orlando Magic,2020-01-08,Washington Wizards,train
Indiana Pacers,2020-01-08,Miami Heat,train
Charlotte Hornets,2020-01-08,Toronto Raptors,train
Boston Celtics,2020-01-08,San Antonio Spurs,train
Detroit Pistons,2020-01-09,Cleveland Cavaliers,train
Philadelphia 76ers,2020-01-09,Boston Celtics,train
Minnesota Timberwolves,2020-01-09,Portland Trail Blazers,train
Oklahoma City Thunder,2020-01-09,Houston Rockets,train
Utah Jazz,2020-01-10,Charlotte Hornets,train
Sacramento Kings,2020-01-10,Milwaukee Bucks,train
Phoenix Suns,2020-01-10,Orlando Magic,train
Dallas Mavericks,2020-01-10,Los Angeles Lakers,train
LA Clippers,2020-01-10,Golden State Warriors,train
New York Knicks,2020-01-10,New Orleans Pelicans,train
Washington Wizards,2020-01-10,Atlanta Hawks,train
Chicago Bulls,2020-01-10,Indiana Pacers,train
Memphis Grizzlies,2020-01-10,San Antonio Spurs,train
Brooklyn Nets,2020-01-10,Miami Heat,train
Houston Rockets,2020-01-11,Minnesota Timberwolves,train
Boston Celtics,2020-01-11,New Orleans Pelicans,train
Detroit Pistons,2020-01-11,Chicago Bulls,train
Oklahoma City Thunder,2020-01-11,Los Angeles Lakers,train
Dallas Mavericks,2020-01-11,Philadelphia 76ers,train
Denver Nuggets,2020-01-11,Cleveland Cavaliers,train
Portland Trail Blazers,2020-01-11,Milwaukee Bucks,train
Denver Nuggets,2020-01-12,LA Clippers,train
Toronto Raptors,2020-01-12,San Antonio Spurs,train
Memphis Grizzlies,2020-01-12,Golden State Warriors,train
Phoenix Suns,2020-01-12,Charlotte Hornets,train
Washington Wizards,2020-01-12,Utah Jazz,train
New York Knicks,2020-01-12,Miami Heat,train
Brooklyn Nets,2020-01-12,Atlanta Hawks,train
Los Angeles Lakers,2020-01-13,Cleveland Cavaliers,train
Sacramento Kings,2020-01-13,Orlando Magic,train
Portland Trail Blazers,2020-01-13,Charlotte Hornets,train
Indiana Pacers,2020-01-13,Philadelphia 76ers,train
Boston Celtics,2020-01-13,Chicago Bulls,train
Detroit Pistons,2020-01-13,New Orleans Pelicans,train
Minnesota Timberwolves,2020-01-13,Oklahoma City Thunder,train
Brooklyn Nets,2020-01-14,Utah Jazz,train
Memphis Grizzlies,2020-01-14,Houston Rockets,train
Milwaukee Bucks,2020-01-14,New York Knicks,train
LA Clippers,2020-01-14,Cleveland Cavaliers,train
Golden State Warriors,2020-01-14,Dallas Mavericks,train
Atlanta Hawks,2020-01-14,Phoenix Suns,train
Los Angeles Lakers,2020-01-15,Orlando Magic,train
Chicago Bulls,2020-01-15,Washington Wizards,train
Sacramento Kings,2020-01-15,Dallas Mavericks,train
Houston Rockets,2020-01-15,Portland Trail Blazers,train
Denver Nuggets,2020-01-15,Charlotte Hornets,train
Oklahoma City Thunder,2020-01-15,Toronto Raptors,train
Miami Heat,2020-01-15,San Antonio Spurs,train
Boston Celtics,2020-01-15,Detroit Pistons,train
Philadelphia 76ers,2020-01-15,Brooklyn Nets,train
Minnesota Timberwolves,2020-01-15,Indiana Pacers,train
New York Knicks,2020-01-16,Phoenix Suns,train
Milwaukee Bucks,2020-01-16,Boston Celtics,train
New Orleans Pelicans,2020-01-16,Utah Jazz,train
LA Clippers,2020-01-16,Orlando Magic,train
Golden State Warriors,2020-01-16,Denver Nuggets,train
Dallas Mavericks,2020-01-17,Portland Trail Blazers,train
San Antonio Spurs,2020-01-17,Atlanta Hawks,train
Memphis Grizzlies,2020-01-17,Cleveland Cavaliers,train
Toronto Raptors,2020-01-17,Washington Wizards,train
Indiana Pacers,2020-01-17,Minnesota Timberwolves,train
Philadelphia 76ers,2020-01-17,Chicago Bulls,train
Oklahoma City Thunder,2020-01-17,Miami Heat,train
Houston Rockets,2020-01-18,Los Angeles Lakers,train
Oklahoma City Thunder,2020-01-18,Portland Trail Blazers,train
Utah Jazz,2020-01-18,Sacramento Kings,train
Golden State Warriors,2020-01-18,Orlando Magic,train
Chicago Bulls,2020-01-18,Cleveland Cavaliers,train
Brooklyn Nets,2020-01-18,Milwaukee Bucks,train
New York Knicks,2020-01-18,Philadelphia 76ers,train
Atlanta Hawks,2020-01-18,Detroit Pistons,train
Boston Celtics,2020-01-18,Phoenix Suns,train
New Orleans Pelicans,2020-01-18,LA Clippers,train
Minnesota Timberwolves,2020-01-18,Toronto Raptors,train
San Antonio Spurs,2020-01-19,Miami Heat,train
Denver Nuggets,2020-01-19,Indiana Pacers,train
Houston Rockets,2020-01-20,Oklahoma City Thunder,train
Portland Trail Blazers,2020-01-20,Golden State Warriors,train
Phoenix Suns,2020-01-20,San Antonio Spurs,train
Utah Jazz,2020-01-20,Indiana Pacers,train
Minnesota Timberwolves,2020-01-20,Denver Nuggets,train
Boston Celtics,2020-01-20,Los Angeles Lakers,train
Memphis Grizzlies,2020-01-20,New Orleans Pelicans,train
Washington Wizards,2020-01-20,Detroit Pistons,train
Cleveland Cavaliers,2020-01-20,New York Knicks,train
Atlanta Hawks,2020-01-20,Toronto Raptors,train
Brooklyn Nets,2020-01-20,Philadelphia 76ers,train
Charlotte Hornets,2020-01-20,Orlando Magic,train
Milwaukee Bucks,2020-01-20,Chicago Bulls,train
Miami Heat,2020-01-20,Sacramento Kings,train
Dallas Mavericks,2020-01-21,LA Clippers,train
Golden State Warriors,2020-01-22,Utah Jazz,train
Phoenix Suns,2020-01-22,Indiana Pacers,train
Chicago Bulls,2020-01-22,Minnesota Timberwolves,train
New Orleans Pelicans,2020-01-22,San Antonio Spurs,train
Boston Celtics,2020-01-22,Memphis Grizzlies,train
Houston Rockets,2020-01-22,Denver Nuggets,train
Toronto Raptors,2020-01-22,Philadelphia 76ers,train
New York Knicks,2020-01-22,Los Angeles Lakers,train
Miami Heat,2020-01-22,Washington Wizards,train
Orlando Magic,2020-01-22,Oklahoma City Thunder,train
Detroit Pistons,2020-01-22,Sacramento Kings,train
Atlanta Hawks,2020-01-22,LA Clippers,train
Cleveland Cavaliers,2020-01-23,Washington Wizards,train
Brooklyn Nets,2020-01-23,Los Angeles Lakers,train
Portland Trail Blazers,2020-01-23,Dallas Mavericks,train
Minnesota Timberwolves,2020-01-24,Houston Rockets,train
Golden State Warriors,2020-01-24,Indiana Pacers,train
Oklahoma City Thunder,2020-01-24,Atlanta Hawks,train
New Orleans Pelicans,2020-01-24,Denver Nuggets,train
Miami Heat,2020-01-24,LA Clippers,train
San Antonio Spurs,2020-01-24,Phoenix Suns,train
New York Knicks,2020-01-24,Toronto Raptors,train
Detroit Pistons,2020-01-24,Memphis Grizzlies,train
Orlando Magic,2020-01-24,Boston Celtics,train
Chicago Bulls,2020-01-24,Sacramento Kings,train
Charlotte Hornets,2020-01-24,Milwaukee Bucks,train
Philadelphia 76ers,2020-01-25,Los Angeles Lakers,train
Minnesota Timberwolves,2020-01-25,Oklahoma City Thunder,train
Utah Jazz,2020-01-25,Dallas Mavericks,train
Detroit Pistons,2020-01-25,Brooklyn Nets,train
Cleveland Cavaliers,2020-01-25,Chicago Bulls,train
Atlanta Hawks,2020-01-26,Washington Wizards,train
New York Knicks,2020-01-26,Brooklyn Nets,train
Orlando Magic,2020-01-26,LA Clippers,train
Portland Trail Blazers,2020-01-26,Indiana Pacers,train
New Orleans Pelicans,2020-01-26,Boston Celtics,train
San Antonio Spurs,2020-01-26,Toronto Raptors,train
Denver Nuggets,2020-01-26,Houston Rockets,train
Memphis Grizzlies,2020-01-26,Phoenix Suns,train
Utah Jazz,2020-01-27,Houston Rockets,train
Chicago Bulls,2020-01-27,San Antonio Spurs,train
Minnesota Timberwolves,2020-01-27,Sacramento Kings,train
Miami Heat,2020-01-27,Orlando Magic,train
Detroit Pistons,2020-01-27,Cleveland Cavaliers,train
Oklahoma City Thunder,2020-01-27,Dallas Mavericks,train
Philadelphia 76ers,2020-01-28,Golden State Warriors,train
Miami Heat,2020-01-28,Boston Celtics,train
Cleveland Cavaliers,2020-01-28,New Orleans Pelicans,train
Toronto Raptors,2020-01-28,Atlanta Hawks,train
Memphis Grizzlies,2020-01-28,Denver Nuggets,train
Milwaukee Bucks,2020-01-28,Washington Wizards,train
Dallas Mavericks,2020-01-28,Phoenix Suns,train
Charlotte Hornets,2020-01-28,New York Knicks,train
Portland Trail Blazers,2020-01-29,Houston Rockets,train
San Antonio Spurs,2020-01-29,Utah Jazz,train
Sacramento Kings,2020-01-29,Oklahoma City Thunder,train
New York Knicks,2020-01-29,Memphis Grizzlies,train
Indiana Pacers,2020-01-29,Chicago Bulls,train
Brooklyn Nets,2020-01-29,Detroit Pistons,train
Cleveland Cavaliers,2020-01-30,Toronto Raptors,train
Washington Wizards,2020-01-30,Charlotte Hornets,train
Atlanta Hawks,2020-01-30,Philadelphia 76ers,train
Boston Celtics,2020-01-30,Golden State Warriors,train
LA Clippers,2020-01-30,Sacramento Kings,train
Denver Nuggets,2020-01-30,Utah Jazz,train
Los Angeles Lakers,2020-01-31,Portland Trail Blazers,train
Milwaukee Bucks,2020-01-31,Denver Nuggets,train
Phoenix Suns,2020-01-31,Oklahoma City Thunder,train
Brooklyn Nets,2020-01-31,Chicago Bulls,train
Houston Rockets,2020-01-31,Dallas Mavericks,train
Detroit Pistons,2020-01-31,Toronto Raptors,train
New Orleans Pelicans,2020-01-31,Memphis Grizzlies,train
Dallas Mavericks,2020-02-01,Atlanta Hawks,train
Sacramento Kings,2020-02-01,Los Angeles Lakers,train
Portland Trail Blazers,2020-02-01,Utah Jazz,train
San Antonio Spurs,2020-02-01,Charlotte Hornets,train
Boston Celtics,2020-02-01,Philadelphia 76ers,train
Orlando Magic,2020-02-01,Miami Heat,train
Washington Wizards,2020-02-01,Brooklyn Nets,train
Indiana Pacers,2020-02-01,New York Knicks,train
LA Clippers,2020-02-01,Minnesota Timberwolves,train
Cleveland Cavaliers,2020-02-01,Golden State Warriors,train
Detroit Pistons,2020-02-02,Denver Nuggets,train
Houston Rockets,2020-02-02,New Orleans Pelicans,train
Milwaukee Bucks,2020-02-02,Phoenix Suns,train
Toronto Raptors,2020-02-02,Chicago Bulls,train
Atlanta Hawks,2020-02-03,Boston Celtics,train
Sacramento Kings,2020-02-03,Minnesota Timberwolves,train
LA Clippers,2020-02-03,San Antonio Spurs,train
Memphis Grizzlies,2020-02-03,Detroit Pistons,train
Miami Heat,2020-02-03,Philadelphia 76ers,train
Washington Wizards,2020-02-03,Golden State Warriors,train
Charlotte Hornets,2020-02-03,Orlando Magic,train
Indiana Pacers,2020-02-03,Dallas Mavericks,train
Cleveland Cavaliers,2020-02-03,New York Knicks,train
Brooklyn Nets,2020-02-03,Phoenix Suns,train
New Orleans Pelicans,2020-02-04,Milwaukee Bucks,train
Houston Rockets,2020-02-04,Charlotte Hornets,train
Denver Nuggets,2020-02-04,Portland Trail Blazers,train
Los Angeles Lakers,2020-02-04,San Antonio Spurs,train
LA Clippers,2020-02-05,Miami Heat,train
Utah Jazz,2020-02-05,Denver Nuggets,train
Dallas Mavericks,2020-02-05,Memphis Grizzlies,train
Oklahoma City Thunder,2020-02-05,Cleveland Cavaliers,train
Minnesota Timberwolves,2020-02-05,Atlanta Hawks,train
Toronto Raptors,2020-02-05,Indiana Pacers,train
Brooklyn Nets,2020-02-05,Golden State Warriors,train
Detroit Pistons,2020-02-05,Phoenix Suns,train
Boston Celtics,2020-02-05,Orlando Magic,train
New York Knicks,2020-02-06,Orlando Magic,train
Chicago Bulls,2020-02-06,New Orleans Pelicans,train
Milwaukee Bucks,2020-02-06,Philadelphia 76ers,train
Portland Trail Blazers,2020-02-06,San Antonio Spurs,train
Los Angeles Lakers,2020-02-06,Houston Rockets,train
Phoenix Suns,2020-02-07,Houston Rockets,train
Utah Jazz,2020-02-07,Portland Trail Blazers,train
Sacramento Kings,2020-02-07,Miami Heat,train
Indiana Pacers,2020-02-07,Toronto Raptors,train
Boston Celtics,2020-02-07,Atlanta Hawks,train
Oklahoma City Thunder,2020-02-07,Detroit Pistons,train
Philadelphia 76ers,2020-02-07,Memphis Grizzlies,train
Washington Wizards,2020-02-07,Dallas Mavericks,train
Orlando Magic,2020-02-08,Milwaukee Bucks,train
Detroit Pistons,2020-02-08,New York Knicks,train
Charlotte Hornets,2020-02-08,Dallas Mavericks,train
Indiana Pacers,2020-02-08,New Orleans Pelicans,train
Toronto Raptors,2020-02-08,Brooklyn Nets,train
Minnesota Timberwolves,2020-02-08,LA Clippers,train
Golden State Warriors,2020-02-08,Los Angeles Lakers,train
Phoenix Suns,2020-02-08,Denver Nuggets,train
Sacramento Kings,2020-02-08,San Antonio Spurs,train
Portland Trail Blazers,2020-02-09,Miami Heat,train
Cleveland Cavaliers,2020-02-09,LA Clippers,train
Houston Rockets,2020-02-09,Utah Jazz,train
Philadelphia 76ers,2020-02-09,Chicago Bulls,train
Atlanta Hawks,2020-02-09,New York Knicks,train
Oklahoma City Thunder,2020-02-09,Boston Celtics,train
Washington Wizards,2020-02-09,Memphis Grizzlies,train
Indiana Pacers,2020-02-10,Brooklyn Nets,train
Orlando Magic,2020-02-10,Atlanta Hawks,train
Detroit Pistons,2020-02-10,Charlotte Hornets,train
Toronto Raptors,2020-02-10,Minnesota Timberwolves,train
Milwaukee Bucks,2020-02-10,Sacramento Kings,train
Dallas Mavericks,2020-02-10,Utah Jazz,train
Denver Nuggets,2020-02-10,San Antonio Spurs,train
Golden State Warriors,2020-02-10,Miami Heat,train
Los Angeles Lakers,2020-02-10,Phoenix Suns,train
Houston Rockets,2020-02-11,Boston Celtics,train
New Orleans Pelicans,2020-02-11,Portland Trail Blazers,train
Oklahoma City Thunder,2020-02-11,San Antonio Spurs,train
Washington Wizards,2020-02-11,Chicago Bulls,train
Philadelphia 76ers,2020-02-11,LA Clippers,train
Memphis Grizzlies,2020-02-12,Portland Trail Blazers,train
Orlando Magic,2020-02-12,Detroit Pistons,train
Cleveland Cavaliers,2020-02-12,Atlanta Hawks,train
New York Knicks,2020-02-12,Washington Wizards,train
Brooklyn Nets,2020-02-12,Toronto Raptors,train
Indiana Pacers,2020-02-12,Milwaukee Bucks,train
Minnesota Timberwolves,2020-02-12,Charlotte Hornets,train
Dallas Mavericks,2020-02-12,Sacramento Kings,train
Phoenix Suns,2020-02-12,Golden State Warriors,train
Utah Jazz,2020-02-12,Miami Heat,train
Denver Nuggets,2020-02-12,Los Angeles Lakers,train
New Orleans Pelicans,2020-02-13,Oklahoma City Thunder,train
Boston Celtics,2020-02-13,LA Clippers,train
Golden State Warriors,2020-02-20,Houston Rockets,train
Sacramento Kings,2020-02-20,Memphis Grizzlies,train
Philadelphia 76ers,2020-02-20,Brooklyn Nets,train
Atlanta Hawks,2020-02-20,Miami Heat,train
Detroit Pistons,2020-02-20,Milwaukee Bucks,train
Chicago Bulls,2020-02-20,Charlotte Hornets,train
Portland Trail Blazers,2020-02-21,New Orleans Pelicans,train
Washington Wizards,2020-02-21,Cleveland Cavaliers,train
Orlando Magic,2020-02-21,Dallas Mavericks,train
Toronto Raptors,2020-02-21,Phoenix Suns,train
New York Knicks,2020-02-21,Indiana Pacers,train
Minnesota Timberwolves,2020-02-21,Boston Celtics,train
Oklahoma City Thunder,2020-02-21,Denver Nuggets,train
Utah Jazz,2020-02-21,San Antonio Spurs,train
Los Angeles Lakers,2020-02-21,Memphis Grizzlies,train
Milwaukee Bucks,2020-02-22,Philadelphia 76ers,train
Utah Jazz,2020-02-22,Houston Rockets,train
Chicago Bulls,2020-02-22,Phoenix Suns,train
Miami Heat,2020-02-22,Cleveland Cavaliers,train
Atlanta Hawks,2020-02-22,Dallas Mavericks,train
Charlotte Hornets,2020-02-22,Brooklyn Nets,train
LA Clippers,2020-02-22,Sacramento Kings,train
Los Angeles Lakers,2020-02-23,Boston Celtics,train
Toronto Raptors,2020-02-23,Indiana Pacers,train
Denver Nuggets,2020-02-23,Minnesota Timberwolves,train
Oklahoma City Thunder,2020-02-23,San Antonio Spurs,train
Chicago Bulls,2020-02-23,Washington Wizards,train
Golden State Warriors,2020-02-23,New Orleans Pelicans,train
Portland Trail Blazers,2020-02-23,Detroit Pistons,train
LA Clippers,2020-02-24,Memphis Grizzlies,train
Utah Jazz,2020-02-24,Phoenix Suns,train
Dallas Mavericks,2020-02-24,Minnesota Timberwolves,train
Houston Rockets,2020-02-24,New York Knicks,train
Philadelphia 76ers,2020-02-24,Atlanta Hawks,train
Cleveland Cavaliers,2020-02-24,Miami Heat,train
Washington Wizards,2020-02-24,Milwaukee Bucks,train
Brooklyn Nets,2020-02-24,Orlando Magic,train
Indiana Pacers,2020-02-25,Charlotte Hornets,train
Toronto Raptors,2020-02-25,Milwaukee Bucks,train
Chicago Bulls,2020-02-25,Oklahoma City Thunder,train
Denver Nuggets,2020-02-25,Detroit Pistons,train
Portland Trail Blazers,2020-02-25,Boston Celtics,train
Los Angeles Lakers,2020-02-25,New Orleans Pelicans,train
Golden State Warriors,2020-02-25,Sacramento Kings,train
Miami Heat,2020-02-26,Minnesota Timberwolves,train
Utah Jazz,2020-02-26,Boston Celtics,train
Phoenix Suns,2020-02-26,LA Clippers,train
San Antonio Spurs,2020-02-26,Dallas Mavericks,train
Houston Rockets,2020-02-26,Memphis Grizzlies,train
Washington Wizards,2020-02-26,Brooklyn Nets,train
Charlotte Hornets,2020-02-26,New York Knicks,train
Cleveland Cavaliers,2020-02-26,Philadelphia 76ers,train
Atlanta Hawks,2020-02-26,Orlando Magic,train
Philadelphia 76ers,2020-02-27,New York Knicks,train
Oklahoma City Thunder,2020-02-27,Sacramento Kings,train
Indiana Pacers,2020-02-27,Portland Trail Blazers,train
Golden State Warriors,2020-02-27,Los Angeles Lakers,train
LA Clippers,2020-02-28,Denver Nuggets,train
Utah Jazz,2020-02-28,Washington Wizards,train
Miami Heat,2020-02-28,Dallas Mavericks,train
Milwaukee Bucks,2020-02-28,Oklahoma City Thunder,train
Phoenix Suns,2020-02-28,Detroit Pistons,train
New Orleans Pelicans,2020-02-28,Cleveland Cavaliers,train
Atlanta Hawks,2020-02-28,Brooklyn Nets,train
Toronto Raptors,2020-02-28,Charlotte Hornets,train
Orlando Magic,2020-02-28,Minnesota Timberwolves,train
Memphis Grizzlies,2020-02-28,Sacramento Kings,train
Phoenix Suns,2020-02-29,Golden State Warriors,train
San Antonio Spurs,2020-02-29,Orlando Magic,train
Memphis Grizzlies,2020-02-29,Los Angeles Lakers,train
Boston Celtics,2020-02-29,Houston Rockets,train
Atlanta Hawks,2020-02-29,Portland Trail Blazers,train
Miami Heat,2020-02-29,Brooklyn Nets,train
New York Knicks,2020-02-29,Chicago Bulls,train
Cleveland Cavaliers,2020-02-29,Indiana Pacers,train
Golden State Warriors,2020-03-01,Washington Wizards,train
Charlotte Hornets,2020-03-01,Milwaukee Bucks,train
LA Clippers,2020-03-01,Philadelphia 76ers,train
Minnesota Timberwolves,2020-03-01,Dallas Mavericks,train
Sacramento Kings,2020-03-01,Detroit Pistons,train
Denver Nuggets,2020-03-01,Toronto Raptors,train
New Orleans Pelicans,2020-03-01,Los Angeles Lakers,train
Chicago Bulls,2020-03-02,Dallas Mavericks,train
Cleveland Cavaliers,2020-03-02,Utah Jazz,train
San Antonio Spurs,2020-03-02,Indiana Pacers,train
Miami Heat,2020-03-02,Milwaukee Bucks,train
Orlando Magic,2020-03-02,Portland Trail Blazers,train
Atlanta Hawks,2020-03-02,Memphis Grizzlies,train
New York Knicks,2020-03-02,Houston Rockets,train
Charlotte Hornets,2020-03-03,San Antonio Spurs,train
Boston Celtics,2020-03-03,Brooklyn Nets,train
Oklahoma City Thunder,2020-03-03,LA Clippers,train
New Orleans Pelicans,2020-03-03,Minnesota Timberwolves,train
Denver Nuggets,2020-03-03,Golden State Warriors,train
Phoenix Suns,2020-03-03,Toronto Raptors,train
Los Angeles Lakers,2020-03-03,Philadelphia 76ers,train
Sacramento Kings,2020-03-03,Washington Wizards,train
Portland Trail Blazers,2020-03-04,Washington Wizards,train
Milwaukee Bucks,2020-03-04,Indiana Pacers,train
Dallas Mavericks,2020-03-04,New Orleans Pelicans,train
Minnesota Timberwolves,2020-03-04,Chicago Bulls,train
New York Knicks,2020-03-04,Utah Jazz,train
Miami Heat,2020-03-04,Orlando Magic,train
Detroit Pistons,2020-03-04,Oklahoma City Thunder,train
Cleveland Cavaliers,2020-03-04,Boston Celtics,train
Brooklyn Nets,2020-03-04,Memphis Grizzlies,train
Charlotte Hornets,2020-03-05,Denver Nuggets,train
Houston Rockets,2020-03-05,LA Clippers,train
Sacramento Kings,2020-03-05,Philadelphia 76ers,train
Golden State Warriors,2020-03-05,Toronto Raptors,train
Chicago Bulls,2020-03-06,Indiana Pacers,train
Los Angeles Lakers,2020-03-06,Milwaukee Bucks,train
Dallas Mavericks,2020-03-06,Memphis Grizzlies,train
Minnesota Timberwolves,2020-03-06,Orlando Magic,train
Phoenix Suns,2020-03-06,Portland Trail Blazers,train
Boston Celtics,2020-03-06,Utah Jazz,train
Brooklyn Nets,2020-03-06,San Antonio Spurs,train
New York Knicks,2020-03-06,Oklahoma City Thunder,train
Washington Wizards,2020-03-06,Atlanta Hawks,train
New Orleans Pelicans,2020-03-06,Miami Heat,train
Charlotte Hornets,2020-03-07,Houston Rockets,train
Detroit Pistons,2020-03-07,Utah Jazz,train
Cleveland Cavaliers,2020-03-07,Denver Nuggets,train
Memphis Grizzlies,2020-03-07,Atlanta Hawks,train
Golden State Warriors,2020-03-07,Philadelphia 76ers,train
Portland Trail Blazers,2020-03-07,Sacramento Kings,train
Sacramento Kings,2020-03-08,Toronto Raptors,train
New York Knicks,2020-03-08,Detroit Pistons,train
Cleveland Cavaliers,2020-03-08,San Antonio Spurs,train
Houston Rockets,2020-03-08,Orlando Magic,train
Dallas Mavericks,2020-03-08,Indiana Pacers,train
Washington Wizards,2020-03-08,Miami Heat,train
Boston Celtics,2020-03-08,Oklahoma City Thunder,train
Minnesota Timberwolves,2020-03-08,New Orleans Pelicans,train
LA Clippers,2020-03-08,Los Angeles Lakers,train
Brooklyn Nets,2020-03-08,Chicago Bulls,train
Phoenix Suns,2020-03-08,Milwaukee Bucks,train
Atlanta Hawks,2020-03-09,Charlotte Hornets,train
Utah Jazz,2020-03-09,Toronto Raptors,train
Denver Nuggets,2020-03-09,Milwaukee Bucks,train
Golden State Warriors,2020-03-10,LA Clippers,train
Portland Trail Blazers,2020-03-10,Phoenix Suns,train
San Antonio Spurs,2020-03-10,Dallas Mavericks,train
Memphis Grizzlies,2020-03-10,Orlando Magic,train
Washington Wizards,2020-03-10,New York Knicks,train
Chicago Bulls,2020-03-10,Cleveland Cavaliers,train
Indiana Pacers,2020-03-10,Boston Celtics,train
Houston Rockets,2020-03-10,Minnesota Timberwolves,train
Los Angeles Lakers,2020-03-10,Brooklyn Nets,train
Dallas Mavericks,2020-03-11,Denver Nuggets,train
Miami Heat,2020-03-11,Charlotte Hornets,train
Philadelphia 76ers,2020-03-11,Detroit Pistons,train
Atlanta Hawks,2020-03-11,New York Knicks,train
New Orleans Pelicans,2020-07-30,Utah Jazz,train
Los Angeles Lakers,2020-07-30,LA Clippers,train
San Antonio Spurs,2020-07-31,Sacramento Kings,train
Milwaukee Bucks,2020-07-31,Boston Celtics,train
Dallas Mavericks,2020-07-31,Houston Rockets,train
Portland Trail Blazers,2020-07-31,Memphis Grizzlies,train
Brooklyn Nets,2020-07-31,Orlando Magic,train
Washington Wizards,2020-07-31,Phoenix Suns,train
Denver Nuggets,2020-08-01,Miami Heat,train
Oklahoma City Thunder,2020-08-01,Utah Jazz,train
LA Clippers,2020-08-01,New Orleans Pelicans,train
Indiana Pacers,2020-08-01,Philadelphia 76ers,train
Toronto Raptors,2020-08-01,Los Angeles Lakers,train
Houston Rockets,2020-08-02,Milwaukee Bucks,train
Phoenix Suns,2020-08-02,Dallas Mavericks,train
Orlando Magic,2020-08-02,Sacramento Kings,train
Brooklyn Nets,2020-08-02,Washington Wizards,train
Boston Celtics,2020-08-02,Portland Trail Blazers,train
Memphis Grizzlies,2020-08-02,San Antonio Spurs,train
Miami Heat,2020-08-03,Toronto Raptors,train
Washington Wizards,2020-08-03,Indiana Pacers,train
Oklahoma City Thunder,2020-08-03,Denver Nuggets,train
New Orleans Pelicans,2020-08-03,Memphis Grizzlies,train
Philadelphia 76ers,2020-08-03,San Antonio Spurs,train
Utah Jazz,2020-08-03,Los Angeles Lakers,train
Miami Heat,2020-08-04,Boston Celtics,train
Portland Trail Blazers,2020-08-04,Houston Rockets,train
LA Clippers,2020-08-04,Phoenix Suns,train
Sacramento Kings,2020-08-04,Dallas Mavericks,train
Milwaukee Bucks,2020-08-04,Brooklyn Nets,train
Indiana Pacers,2020-08-04,Orlando Magic,train
Utah Jazz,2020-08-05,Memphis Grizzlies,train
Washington Wizards,2020-08-05,Philadelphia 76ers,train
San Antonio Spurs,2020-08-05,Denver Nuggets,train
Los Angeles Lakers,2020-08-05,Oklahoma City Thunder,train
Orlando Magic,2020-08-05,Toronto Raptors,train
Boston Celtics,2020-08-05,Brooklyn Nets,train
Denver Nuggets,2020-08-06,Portland Trail Blazers,train
Houston Rockets,2020-08-06,Los Angeles Lakers,train
Dallas Mavericks,2020-08-06,LA Clippers,train
Phoenix Suns,2020-08-06,Indiana Pacers,train
Milwaukee Bucks,2020-08-06,Miami Heat,train
Sacramento Kings,2020-08-06,New Orleans Pelicans,train
San Antonio Spurs,2020-08-07,Utah Jazz,train
Memphis Grizzlies,2020-08-07,Oklahoma City Thunder,train
Brooklyn Nets,2020-08-07,Sacramento Kings,train
Philadelphia 76ers,2020-08-07,Orlando Magic,train
New Orleans Pelicans,2020-08-07,Washington Wizards,train
Toronto Raptors,2020-08-07,Boston Celtics,train
Indiana Pacers,2020-08-08,Los Angeles Lakers,train
Miami Heat,2020-08-08,Phoenix Suns,train
Portland Trail Blazers,2020-08-08,LA Clippers,train
Denver Nuggets,2020-08-08,Utah Jazz,train
Dallas Mavericks,2020-08-08,Milwaukee Bucks,train
Portland Trail Blazers,2020-08-09,Philadelphia 76ers,train
Boston Celtics,2020-08-09,Orlando Magic,train
Sacramento Kings,2020-08-09,Houston Rockets,train
Toronto Raptors,2020-08-09,Memphis Grizzlies,train
Oklahoma City Thunder,2020-08-09,Washington Wizards,train
New Orleans Pelicans,2020-08-09,San Antonio Spurs,train
LA Clippers,2020-08-09,Brooklyn Nets,train
Los Angeles Lakers,2020-08-10,Denver Nuggets,train
Miami Heat,2020-08-10,Indiana Pacers,train
Milwaukee Bucks,2020-08-10,Toronto Raptors,train
Utah Jazz,2020-08-10,Dallas Mavericks,train
Phoenix Suns,2020-08-10,Oklahoma City Thunder,train
Orlando Magic,2020-08-11,Brooklyn Nets,train
San Antonio Spurs,2020-08-11,Houston Rockets,train
Philadelphia 76ers,2020-08-11,Phoenix Suns,train
Dallas Mavericks,2020-08-11,Portland Trail Blazers,train
Memphis Grizzlies,2020-08-11,Boston Celtics,train
Sacramento Kings,2020-08-11,New Orleans Pelicans,train
Washington Wizards,2020-08-11,Milwaukee Bucks,train
Houston Rockets,2020-08-12,Indiana Pacers,train
Philadelphia 76ers,2020-08-12,Toronto Raptors,train
Oklahoma City Thunder,2020-08-12,Miami Heat,train
Denver Nuggets,2020-08-12,LA Clippers,train
Brooklyn Nets,2020-08-13,Portland Trail Blazers,train
Phoenix Suns,2020-08-13,Dallas Mavericks,train
Boston Celtics,2020-08-13,Washington Wizards,train
Memphis Grizzlies,2020-08-13,Milwaukee Bucks,train
Utah Jazz,2020-08-13,San Antonio Spurs,train
Orlando Magic,2020-08-13,New Orleans Pelicans,train
Los Angeles Lakers,2020-08-13,Sacramento Kings,train
Houston Rockets,2020-08-14,Philadelphia 76ers,train
Toronto Raptors,2020-08-14,Denver Nuggets,train
LA Clippers,2020-08-14,Oklahoma City Thunder,train
Indiana Pacers,2020-08-14,Miami Heat,train
Portland Trail Blazers,2020-08-15,Memphis Grizzlies,train
LA Clippers,2020-08-17,Dallas Mavericks,train
Denver Nuggets,2020-08-17,Utah Jazz,train
Toronto Raptors,2020-08-17,Brooklyn Nets,train
Boston Celtics,2020-08-17,Philadelphia 76ers,train
Houston Rockets,2020-08-18,Oklahoma City Thunder,train
Indiana Pacers,2020-08-18,Miami Heat,train
Milwaukee Bucks,2020-08-18,Orlando Magic,train
Los Angeles Lakers,2020-08-18,Portland Trail Blazers,train
Toronto Raptors,2020-08-19,Brooklyn Nets,train
Denver Nuggets,2020-08-19,Utah Jazz,train
Boston Celtics,2020-08-19,Philadelphia 76ers,train
LA Clippers,2020-08-19,Dallas Mavericks,train
Indiana Pacers,2020-08-20,Miami Heat,train
Houston Rockets,2020-08-20,Oklahoma City Thunder,train
Milwaukee Bucks,2020-08-20,Orlando Magic,train
Los Angeles Lakers,2020-08-20,Portland Trail Blazers,train
Brooklyn Nets,2020-08-21,Toronto Raptors,train
Utah Jazz,2020-08-21,Denver Nuggets,train
Philadelphia 76ers,2020-08-21,Boston Celtics,train
Dallas Mavericks,2020-08-21,LA Clippers,train
Miami Heat,2020-08-22,Indiana Pacers,train
Portland Trail Blazers,2020-08-22,Los Angeles Lakers,train
Orlando Magic,2020-08-22,Milwaukee Bucks,train
Oklahoma City Thunder,2020-08-22,Houston Rockets,train
Philadelphia 76ers,2020-08-23,Boston Celtics,train
Dallas Mavericks,2020-08-23,LA Clippers,train
Brooklyn Nets,2020-08-23,Toronto Raptors,train
Utah Jazz,2020-08-23,Denver Nuggets,train
Orlando Magic,2020-08-24,Milwaukee Bucks,train
Oklahoma City Thunder,2020-08-24,Houston Rockets,train
Miami Heat,2020-08-24,Indiana Pacers,train
Portland Trail Blazers,2020-08-24,Los Angeles Lakers,train
LA Clippers,2020-08-25,Dallas Mavericks,train
Denver Nuggets,2020-08-25,Utah Jazz,train
Houston Rockets,2020-08-29,Oklahoma City Thunder,train
Los Angeles Lakers,2020-08-29,Portland Trail Blazers,train
Milwaukee Bucks,2020-08-29,Orlando Magic,train
Utah Jazz,2020-08-30,Denver Nuggets,train
Dallas Mavericks,2020-08-30,LA Clippers,train
Toronto Raptors,2020-08-30,Boston Celtics,train
Oklahoma City Thunder,2020-08-31,Houston Rockets,train
Milwaukee Bucks,2020-08-31,Miami Heat,train
Toronto Raptors,2020-09-01,Boston Celtics,train
Denver Nuggets,2020-09-01,Utah Jazz,train
Milwaukee Bucks,2020-09-02,Miami Heat,train
Houston Rockets,2020-09-02,Oklahoma City Thunder,train
Boston Celtics,2020-09-03,Toronto Raptors,train
LA Clippers,2020-09-03,Denver Nuggets,train
Miami Heat,2020-09-04,Milwaukee Bucks,train
Los Angeles Lakers,2020-09-04,Houston Rockets,train
Boston Celtics,2020-09-05,Toronto Raptors,train
LA Clippers,2020-09-05,Denver Nuggets,train
Miami Heat,2020-09-06,Milwaukee Bucks,train
Los Angeles Lakers,2020-09-06,Houston Rockets,train
Denver Nuggets,2020-09-07,LA Clippers,train
Toronto Raptors,2020-09-07,Boston Celtics,train
Milwaukee Bucks,2020-09-08,Miami Heat,train
Houston Rockets,2020-09-08,Los Angeles Lakers,train
Boston Celtics,2020-09-09,Toronto Raptors,train
Denver Nuggets,2020-09-09,LA Clippers,train
Houston Rockets,2020-09-10,Los Angeles Lakers,train
Toronto Raptors,2020-09-11,Boston Celtics,train
LA Clippers,2020-09-11,Denver Nuggets,train
Los Angeles Lakers,2020-09-12,Houston Rockets,train
Denver Nuggets,2020-09-13,LA Clippers,train
LA Clippers,2020-09-15,Denver Nuggets,train
Boston Celtics,2020-09-15,Miami Heat,train
Boston Celtics,2020-09-17,Miami Heat,train
Los Angeles Lakers,2020-09-18,Denver Nuggets,train
Miami Heat,2020-09-19,Boston Celtics,train
Los Angeles Lakers,2020-09-20,Denver Nuggets,train
Denver Nuggets,2020-09-22,Los Angeles Lakers,train
Miami Heat,2020-09-23,Boston Celtics,train
Denver Nuggets,2020-09-24,Los Angeles Lakers,train
Boston Celtics,2020-09-25,Miami Heat,train
Los Angeles Lakers,2020-09-26,Denver Nuggets,train
Miami Heat,2020-09-27,Boston Celtics,train
Los Angeles Lakers,2020-09-30,Miami Heat,train
Los Angeles Lakers,2020-10-02,Miami Heat,train
Miami Heat,2020-10-04,Los Angeles Lakers,train
Miami Heat,2020-10-06,Los Angeles Lakers,train
Los Angeles Lakers,2020-10-09,Miami Heat,train
Miami Heat,2020-10-11,Los Angeles Lakers,train
Sacramento Kings,2020-12-27,Phoenix Suns,train
Chicago Bulls,2020-12-27,Golden State Warriors,train
Indiana Pacers,2020-12-27,Boston Celtics,train
New York Knicks,2020-12-27,Milwaukee Bucks,train
Charlotte Hornets,2020-12-27,Brooklyn Nets,train
Washington Wizards,2020-12-27,Orlando Magic,train
New Orleans Pelicans,2020-12-27,San Antonio Spurs,train
LA Clippers,2020-12-27,Dallas Mavericks,train
Cleveland Cavaliers,2020-12-27,Philadelphia 76ers,train
Los Angeles Lakers,2020-12-28,Minnesota Timberwolves,train
Brooklyn Nets,2020-12-28,Memphis Grizzlies,train
Atlanta Hawks,2020-12-28,Detroit Pistons,train
Oklahoma City Thunder,2020-12-28,Utah Jazz,train
Denver Nuggets,2020-12-28,Houston Rockets,train
Los Angeles Lakers,2020-12-28,Portland Trail Blazers,train
Oklahoma City Thunder,2020-12-29,Orlando Magic,train
Phoenix Suns,2020-12-29,New Orleans Pelicans,train
LA Clippers,2020-12-29,Minnesota Timberwolves,train
Miami Heat,2020-12-29,Milwaukee Bucks,train
Sacramento Kings,2020-12-29,Denver Nuggets,train
Philadelphia 76ers,2020-12-29,Toronto Raptors,train
Indiana Pacers,2020-12-29,Boston Celtics,train
Cleveland Cavaliers,2020-12-29,New York Knicks,train
Detroit Pistons,2020-12-29,Golden State Warriors,train
Washington Wizards,2020-12-29,Chicago Bulls,train
Boston Celtics,2020-12-30,Memphis Grizzlies,train
Miami Heat,2020-12-30,Milwaukee Bucks,train
Brooklyn Nets,2020-12-30,Atlanta Hawks,train
Dallas Mavericks,2020-12-30,Charlotte Hornets,train
San Antonio Spurs,2020-12-30,Los Angeles Lakers,train
LA Clippers,2020-12-30,Portland Trail Blazers,train
Utah Jazz,2020-12-31,Phoenix Suns,train
Oklahoma City Thunder,2020-12-31,New Orleans Pelicans,train
Toronto Raptors,2020-12-31,New York Knicks,train
Washington Wizards,2020-12-31,Chicago Bulls,train
Orlando Magic,2020-12-31,Philadelphia 76ers,train
Indiana Pacers,2020-12-31,Cleveland Cavaliers,train
Houston Rockets,2020-12-31,Sacramento Kings,train
Milwaukee Bucks,2021-01-01,Chicago Bulls,train
Golden State Warriors,2021-01-01,Portland Trail Blazers,train
Utah Jazz,2021-01-01,LA Clippers,train
Denver Nuggets,2021-01-01,Phoenix Suns,train
San Antonio Spurs,2021-01-01,Los Angeles Lakers,train
Charlotte Hornets,2021-01-01,Memphis Grizzlies,train
Brooklyn Nets,2021-01-01,Atlanta Hawks,train
Dallas Mavericks,2021-01-01,Miami Heat,train
Detroit Pistons,2021-01-01,Boston Celtics,train
Minnesota Timberwolves,2021-01-01,Washington Wizards,train
Houston Rockets,2021-01-02,Sacramento Kings,train
Philadelphia 76ers,2021-01-02,Charlotte Hornets,train
Orlando Magic,2021-01-02,Oklahoma City Thunder,train
Indiana Pacers,2021-01-02,New York Knicks,train
New Orleans Pelicans,2021-01-02,Toronto Raptors,train
Atlanta Hawks,2021-01-02,Cleveland Cavaliers,train
Phoenix Suns,2021-01-03,LA Clippers,train
Chicago Bulls,2021-01-03,Dallas Mavericks,train
Golden State Warriors,2021-01-03,Portland Trail Blazers,train
Minnesota Timberwolves,2021-01-03,Denver Nuggets,train
Brooklyn Nets,2021-01-03,Washington Wizards,train
Memphis Grizzlies,2021-01-03,Los Angeles Lakers,train
San Antonio Spurs,2021-01-03,Utah Jazz,train
Detroit Pistons,2021-01-03,Boston Celtics,train
Philadelphia 76ers,2021-01-04,Charlotte Hornets,train
Orlando Magic,2021-01-04,Cleveland Cavaliers,train
Miami Heat,2021-01-04,Oklahoma City Thunder,train
Atlanta Hawks,2021-01-04,New York Knicks,train
Toronto Raptors,2021-01-04,Boston Celtics,train
Houston Rockets,2021-01-04,Dallas Mavericks,train
New Orleans Pelicans,2021-01-04,Indiana Pacers,train
Milwaukee Bucks,2021-01-04,Detroit Pistons,train
Golden State Warriors,2021-01-04,Sacramento Kings,train
LA Clippers,2021-01-05,San Antonio Spurs,train
Portland Trail Blazers,2021-01-05,Chicago Bulls,train
Brooklyn Nets,2021-01-05,Utah Jazz,train
Memphis Grizzlies,2021-01-05,Los Angeles Lakers,train
Denver Nuggets,2021-01-05,Minnesota Timberwolves,train
Indiana Pacers,2021-01-06,Houston Rockets,train
Philadelphia 76ers,2021-01-06,Washington Wizards,train
Orlando Magic,2021-01-06,Cleveland Cavaliers,train
Miami Heat,2021-01-06,Boston Celtics,train
Atlanta Hawks,2021-01-06,Charlotte Hornets,train
New York Knicks,2021-01-06,Utah Jazz,train
New Orleans Pelicans,2021-01-06,Oklahoma City Thunder,train
Milwaukee Bucks,2021-01-06,Detroit Pistons,train
Phoenix Suns,2021-01-06,Toronto Raptors,train
Sacramento Kings,2021-01-06,Chicago Bulls,train
Golden State Warriors,2021-01-06,LA Clippers,train
Denver Nuggets,2021-01-07,Dallas Mavericks,train
Los Angeles Lakers,2021-01-07,San Antonio Spurs,train
Memphis Grizzlies,2021-01-07,Cleveland Cavaliers,train
Brooklyn Nets,2021-01-07,Philadelphia 76ers,train
Portland Trail Blazers,2021-01-07,Minnesota Timberwolves,train
Detroit Pistons,2021-01-08,Phoenix Suns,train
New Orleans Pelicans,2021-01-08,Charlotte Hornets,train
Boston Celtics,2021-01-08,Washington Wizards,train
New York Knicks,2021-01-08,Oklahoma City Thunder,train
Milwaukee Bucks,2021-01-08,Utah Jazz,train
Houston Rockets,2021-01-08,Orlando Magic,train
Memphis Grizzlies,2021-01-08,Brooklyn Nets,train
Sacramento Kings,2021-01-08,Toronto Raptors,train
Golden State Warriors,2021-01-08,LA Clippers,train
Los Angeles Lakers,2021-01-08,Chicago Bulls,train
Sacramento Kings,2021-01-09,Portland Trail Blazers,train
Dallas Mavericks,2021-01-09,Orlando Magic,train
Milwaukee Bucks,2021-01-09,Cleveland Cavaliers,train
Minnesota Timberwolves,2021-01-09,San Antonio Spurs,train
Charlotte Hornets,2021-01-09,Atlanta Hawks,train
Washington Wizards,2021-01-09,Miami Heat,train
Philadelphia 76ers,2021-01-09,Denver Nuggets,train
Indiana Pacers,2021-01-09,Phoenix Suns,train
Detroit Pistons,2021-01-10,Utah Jazz,train
LA Clippers,2021-01-10,Chicago Bulls,train
Brooklyn Nets,2021-01-10,Oklahoma City Thunder,train
New York Knicks,2021-01-10,Denver Nuggets,train
Houston Rockets,2021-01-10,Los Angeles Lakers,train
Minnesota Timberwolves,2021-01-10,San Antonio Spurs,train
Golden State Warriors,2021-01-10,Toronto Raptors,train
Atlanta Hawks,2021-01-11,Philadelphia 76ers,train
Portland Trail Blazers,2021-01-11,Toronto Raptors,train
Charlotte Hornets,2021-01-11,New York Knicks,train
Sacramento Kings,2021-01-11,Indiana Pacers,train
Washington Wizards,2021-01-11,Phoenix Suns,train
Orlando Magic,2021-01-11,Milwaukee Bucks,train
Cleveland Cavaliers,2021-01-11,Memphis Grizzlies,train
Philadelphia 76ers,2021-01-12,Miami Heat,train
Cleveland Cavaliers,2021-01-12,Utah Jazz,train
Brooklyn Nets,2021-01-12,Denver Nuggets,train
Oklahoma City Thunder,2021-01-12,San Antonio Spurs,train
Houston Rockets,2021-01-12,Los Angeles Lakers,train
Golden State Warriors,2021-01-12,Indiana Pacers,train
Detroit Pistons,2021-01-13,Milwaukee Bucks,train
Charlotte Hornets,2021-01-13,Dallas Mavericks,train
New York Knicks,2021-01-13,Brooklyn Nets,train
Oklahoma City Thunder,2021-01-13,Los Angeles Lakers,train
Minnesota Timberwolves,2021-01-13,Memphis Grizzlies,train
Sacramento Kings,2021-01-13,Portland Trail Blazers,train
LA Clippers,2021-01-13,New Orleans Pelicans,train
Portland Trail Blazers,2021-01-14,Indiana Pacers,train
Denver Nuggets,2021-01-14,Golden State Warriors,train
Toronto Raptors,2021-01-14,Charlotte Hornets,train
Philadelphia 76ers,2021-01-14,Miami Heat,train
San Antonio Spurs,2021-01-14,Houston Rockets,train
Los Angeles Lakers,2021-01-15,New Orleans Pelicans,train
Utah Jazz,2021-01-15,Atlanta Hawks,train
Oklahoma City Thunder,2021-01-15,Chicago Bulls,train
Sacramento Kings,2021-01-15,LA Clippers,train
Boston Celtics,2021-01-15,Orlando Magic,train
Cleveland Cavaliers,2021-01-15,New York Knicks,train
Milwaukee Bucks,2021-01-15,Dallas Mavericks,train
San Antonio Spurs,2021-01-16,Houston Rockets,train
Brooklyn Nets,2021-01-16,Orlando Magic,train
Toronto Raptors,2021-01-16,Charlotte Hornets,train
Memphis Grizzlies,2021-01-16,Philadelphia 76ers,train
Miami Heat,2021-01-16,Detroit Pistons,train
Portland Trail Blazers,2021-01-16,Atlanta Hawks,train
LA Clippers,2021-01-17,Indiana Pacers,train
Sacramento Kings,2021-01-17,New Orleans Pelicans,train
Boston Celtics,2021-01-17,New York Knicks,train
Dallas Mavericks,2021-01-17,Chicago Bulls,train
Denver Nuggets,2021-01-17,Utah Jazz,train
Los Angeles Lakers,2021-01-18,Golden State Warriors,train
Chicago Bulls,2021-01-18,Houston Rockets,train
Toronto Raptors,2021-01-18,Dallas Mavericks,train
Memphis Grizzlies,2021-01-18,Phoenix Suns,train
Brooklyn Nets,2021-01-18,Milwaukee Bucks,train
Portland Trail Blazers,2021-01-18,San Antonio Spurs,train
Atlanta Hawks,2021-01-18,Minnesota Timberwolves,train
New York Knicks,2021-01-18,Orlando Magic,train
Miami Heat,2021-01-18,Detroit Pistons,train
Denver Nuggets,2021-01-19,Oklahoma City Thunder,train
Utah Jazz,2021-01-19,New Orleans Pelicans,train
Houston Rockets,2021-01-20,Phoenix Suns,train
Golden State Warriors,2021-01-20,San Antonio Spurs,train
LA Clippers,2021-01-20,Sacramento Kings,train
Minnesota Timberwolves,2021-01-20,Orlando Magic,train
Cleveland Cavaliers,2021-01-20,Brooklyn Nets,train
Atlanta Hawks,2021-01-20,Detroit Pistons,train
Indiana Pacers,2021-01-20,Dallas Mavericks,train
Philadelphia 76ers,2021-01-20,Boston Celtics,train
Toronto Raptors,2021-01-20,Miami Heat,train
Milwaukee Bucks,2021-01-21,Los Angeles Lakers,train
Golden State Warriors,2021-01-21,New York Knicks,train
Utah Jazz,2021-01-21,New Orleans Pelicans,train
Minnesota Timberwolves,2021-01-22,Atlanta Hawks,train
Phoenix Suns,2021-01-22,Denver Nuggets,train
Sacramento Kings,2021-01-22,New York Knicks,train
San Antonio Spurs,2021-01-22,Dallas Mavericks,train
Cleveland Cavaliers,2021-01-22,Brooklyn Nets,train
LA Clippers,2021-01-22,Oklahoma City Thunder,train
Philadelphia 76ers,2021-01-22,Boston Celtics,train
Detroit Pistons,2021-01-22,Houston Rockets,train
Toronto Raptors,2021-01-22,Miami Heat,train
Indiana Pacers,2021-01-22,Orlando Magic,train
Charlotte Hornets,2021-01-22,Chicago Bulls,train
Utah Jazz,2021-01-23,Golden State Warriors,train
Detroit Pistons,2021-01-23,Philadelphia 76ers,train
Brooklyn Nets,2021-01-23,Miami Heat,train
Minnesota Timberwolves,2021-01-23,New Orleans Pelicans,train
Chicago Bulls,2021-01-23,Los Angeles Lakers,train
Dallas Mavericks,2021-01-23,Houston Rockets,train
Phoenix Suns,2021-01-23,Denver Nuggets,train
Milwaukee Bucks,2021-01-24,Atlanta Hawks,train
San Antonio Spurs,2021-01-24,Washington Wizards,train
Orlando Magic,2021-01-24,Charlotte Hornets,train
Portland Trail Blazers,2021-01-24,New York Knicks,train
Boston Celtics,2021-01-24,Cleveland Cavaliers,train
Indiana Pacers,2021-01-24,Toronto Raptors,train
LA Clippers,2021-01-24,Oklahoma City Thunder,train
Golden State Warriors,2021-01-25,Minnesota Timberwolves,train
Dallas Mavericks,2021-01-25,Denver Nuggets,train
Chicago Bulls,2021-01-25,Boston Celtics,train
Brooklyn Nets,2021-01-25,Miami Heat,train
Portland Trail Blazers,2021-01-25,Oklahoma City Thunder,train
Indiana Pacers,2021-01-25,Toronto Raptors,train
Detroit Pistons,2021-01-25,Philadelphia 76ers,train
Orlando Magic,2021-01-25,Charlotte Hornets,train
Cleveland Cavaliers,2021-01-25,Los Angeles Lakers,train
Atlanta Hawks,2021-01-26,LA Clippers,train
Houston Rockets,2021-01-26,Washington Wizards,train
Utah Jazz,2021-01-26,New York Knicks,train
New Orleans Pelicans,2021-01-27,Washington Wizards,train
Phoenix Suns,2021-01-27,Oklahoma City Thunder,train
Utah Jazz,2021-01-27,Dallas Mavericks,train
Golden State Warriors,2021-01-27,Minnesota Timberwolves,train
San Antonio Spurs,2021-01-27,Boston Celtics,train
Miami Heat,2021-01-27,Denver Nuggets,train
Charlotte Hornets,2021-01-27,Indiana Pacers,train
Atlanta Hawks,2021-01-27,Brooklyn Nets,train
Cleveland Cavaliers,2021-01-27,Detroit Pistons,train
Philadelphia 76ers,2021-01-27,Los Angeles Lakers,train
Toronto Raptors,2021-01-27,Milwaukee Bucks,train
Orlando Magic,2021-01-27,Sacramento Kings,train
Miami Heat,2021-01-28,LA Clippers,train
Detroit Pistons,2021-01-28,Los Angeles Lakers,train
Phoenix Suns,2021-01-28,Golden State Warriors,train
Houston Rockets,2021-01-28,Portland Trail Blazers,train
Utah Jazz,2021-01-29,Dallas Mavericks,train
San Antonio Spurs,2021-01-29,Denver Nuggets,train
Oklahoma City Thunder,2021-01-29,Brooklyn Nets,train
New Orleans Pelicans,2021-01-29,Milwaukee Bucks,train
Minnesota Timberwolves,2021-01-29,Philadelphia 76ers,train
Charlotte Hornets,2021-01-29,Indiana Pacers,train
Orlando Magic,2021-01-29,LA Clippers,train
Washington Wizards,2021-01-29,Atlanta Hawks,train
Toronto Raptors,2021-01-29,Sacramento Kings,train
New York Knicks,2021-01-29,Cleveland Cavaliers,train
Chicago Bulls,2021-01-30,Portland Trail Blazers,train
Charlotte Hornets,2021-01-30,Milwaukee Bucks,train
New Orleans Pelicans,2021-01-30,Houston Rockets,train
Miami Heat,2021-01-30,Sacramento Kings,train
Boston Celtics,2021-01-30,Los Angeles Lakers,train
Dallas Mavericks,2021-01-30,Phoenix Suns,train
Golden State Warriors,2021-01-30,Detroit Pistons,train
San Antonio Spurs,2021-01-30,Memphis Grizzlies,train
Toronto Raptors,2021-01-31,Orlando Magic,train
Minnesota Timberwolves,2021-01-31,Cleveland Cavaliers,train
Washington Wizards,2021-01-31,Brooklyn Nets,train
New York Knicks,2021-01-31,LA Clippers,train
Denver Nuggets,2021-01-31,Utah Jazz,train
Indiana Pacers,2021-01-31,Philadelphia 76ers,train
Cleveland Cavaliers,2021-02-01,Minnesota Timberwolves,train
Atlanta Hawks,2021-02-01,Los Angeles Lakers,train
Miami Heat,2021-02-01,Charlotte Hornets,train
New Orleans Pelicans,2021-02-01,Sacramento Kings,train
Chicago Bulls,2021-02-01,New York Knicks,train
Oklahoma City Thunder,2021-02-01,Houston Rockets,train
Milwaukee Bucks,2021-02-01,Portland Trail Blazers,train
San Antonio Spurs,2021-02-01,Memphis Grizzlies,train
Dallas Mavericks,2021-02-01,Phoenix Suns,train
Washington Wizards,2021-02-02,Portland Trail Blazers,train
Golden State Warriors,2021-02-02,Boston Celtics,train
Utah Jazz,2021-02-02,Detroit Pistons,train
Orlando Magic,2021-02-02,Toronto Raptors,train
Indiana Pacers,2021-02-02,Memphis Grizzlies,train
Brooklyn Nets,2021-02-02,LA Clippers,train
Milwaukee Bucks,2021-02-03,Indiana Pacers,train
Charlotte Hornets,2021-02-03,Philadelphia 76ers,train
Cleveland Cavaliers,2021-02-03,LA Clippers,train
Miami Heat,2021-02-03,Washington Wizards,train
Atlanta Hawks,2021-02-03,Dallas Mavericks,train
Oklahoma City Thunder,2021-02-03,Houston Rockets,train
Chicago Bulls,2021-02-03,New York Knicks,train
San Antonio Spurs,2021-02-03,Minnesota Timberwolves,train
New Orleans Pelicans,2021-02-03,Phoenix Suns,train
Sacramento Kings,2021-02-03,Boston Celtics,train
Los Angeles Lakers,2021-02-04,Denver Nuggets,train
Atlanta Hawks,2021-02-04,Utah Jazz,train
Memphis Grizzlies,2021-02-04,Houston Rockets,train
Philadelphia 76ers,2021-02-04,Portland Trail Blazers,train
Dallas Mavericks,2021-02-04,Golden State Warriors,train
Orlando Magic,2021-02-05,Chicago Bulls,train
Charlotte Hornets,2021-02-05,Utah Jazz,train
Indiana Pacers,2021-02-05,New Orleans Pelicans,train
Cleveland Cavaliers,2021-02-05,Milwaukee Bucks,train
Brooklyn Nets,2021-02-05,Toronto Raptors,train
Oklahoma City Thunder,2021-02-05,Minnesota Timberwolves,train
Miami Heat,2021-02-05,Washington Wizards,train
Phoenix Suns,2021-02-05,Detroit Pistons,train
LA Clippers,2021-02-05,Boston Celtics,train
Los Angeles Lakers,2021-02-06,Detroit Pistons,train
Dallas Mavericks,2021-02-06,Golden State Warriors,train
Houston Rockets,2021-02-06,San Antonio Spurs,train
Oklahoma City Thunder,2021-02-06,Minnesota Timberwolves,train
Cleveland Cavaliers,2021-02-06,Milwaukee Bucks,train
Philadelphia 76ers,2021-02-06,Brooklyn Nets,train
Orlando Magic,2021-02-06,Chicago Bulls,train
New Orleans Pelicans,2021-02-06,Memphis Grizzlies,train
Sacramento Kings,2021-02-06,Denver Nuggets,train
New York Knicks,2021-02-06,Portland Trail Blazers,train
Atlanta Hawks,2021-02-06,Toronto Raptors,train
Indiana Pacers,2021-02-07,Utah Jazz,train
New York Knicks,2021-02-07,Miami Heat,train
Phoenix Suns,2021-02-07,Boston Celtics,train
LA Clippers,2021-02-07,Sacramento Kings,train
Charlotte Hornets,2021-02-07,Washington Wizards,train
Phoenix Suns,2021-02-08,Cleveland Cavaliers,train
Los Angeles Lakers,2021-02-08,Oklahoma City Thunder,train
Denver Nuggets,2021-02-08,Milwaukee Bucks,train
Dallas Mavericks,2021-02-08,Minnesota Timberwolves,train
San Antonio Spurs,2021-02-08,Golden State Warriors,train
Chicago Bulls,2021-02-08,Washington Wizards,train
Memphis Grizzlies,2021-02-08,Toronto Raptors,train
Charlotte Hornets,2021-02-08,Houston Rockets,train
Detroit Pistons,2021-02-09,Brooklyn Nets,train
Miami Heat,2021-02-09,New York Knicks,train
New Orleans Pelicans,2021-02-09,Houston Rockets,train
San Antonio Spurs,2021-02-09,Golden State Warriors,train
Sacramento Kings,2021-02-09,Philadelphia 76ers,train
Utah Jazz,2021-02-09,Boston Celtics,train
Portland Trail Blazers,2021-02-09,Orlando Magic,train
Phoenix Suns,2021-02-10,Milwaukee Bucks,train
Los Angeles Lakers,2021-02-10,Oklahoma City Thunder,train
Denver Nuggets,2021-02-10,Cleveland Cavaliers,train
Memphis Grizzlies,2021-02-10,Charlotte Hornets,train
Chicago Bulls,2021-02-10,New Orleans Pelicans,train
Minnesota Timberwolves,2021-02-10,LA Clippers,train
Dallas Mavericks,2021-02-10,Atlanta Hawks,train
Brooklyn Nets,2021-02-10,Indiana Pacers,train
Washington Wizards,2021-02-10,Toronto Raptors,train
Detroit Pistons,2021-02-11,Indiana Pacers,train
Houston Rockets,2021-02-11,Miami Heat,train
Portland Trail Blazers,2021-02-11,Philadelphia 76ers,train
Golden State Warriors,2021-02-11,Orlando Magic,train
Boston Celtics,2021-02-11,Toronto Raptors,train
Boston Celtics,2021-02-12,Detroit Pistons,train
Los Angeles Lakers,2021-02-12,Memphis Grizzlies,train
Sacramento Kings,2021-02-12,Orlando Magic,train
Denver Nuggets,2021-02-12,Oklahoma City Thunder,train
Utah Jazz,2021-02-12,Milwaukee Bucks,train
Portland Trail Blazers,2021-02-12,Cleveland Cavaliers,train
Dallas Mavericks,2021-02-12,New Orleans Pelicans,train
Atlanta Hawks,2021-02-12,San Antonio Spurs,train
Washington Wizards,2021-02-12,New York Knicks,train
Charlotte Hornets,2021-02-12,Minnesota Timberwolves,train
Chicago Bulls,2021-02-12,LA Clippers,train
Phoenix Suns,2021-02-13,Philadelphia 76ers,train
Atlanta Hawks,2021-02-13,Indiana Pacers,train
New York Knicks,2021-02-13,Houston Rockets,train
Golden State Warriors,2021-02-13,Brooklyn Nets,train
Utah Jazz,2021-02-13,Miami Heat,train
Detroit Pistons,2021-02-14,New Orleans Pelicans,train
LA Clippers,2021-02-14,Cleveland Cavaliers,train
Sacramento Kings,2021-02-14,Memphis Grizzlies,train
Phoenix Suns,2021-02-14,Orlando Magic,train
Washington Wizards,2021-02-14,Boston Celtics,train
Oklahoma City Thunder,2021-02-14,Milwaukee Bucks,train
Charlotte Hornets,2021-02-14,San Antonio Spurs,train
Toronto Raptors,2021-02-14,Minnesota Timberwolves,train
Denver Nuggets,2021-02-14,Los Angeles Lakers,train
Dallas Mavericks,2021-02-14,Portland Trail Blazers,train
Golden State Warriors,2021-02-15,Cleveland Cavaliers,train
LA Clippers,2021-02-15,Miami Heat,train
Utah Jazz,2021-02-15,Philadelphia 76ers,train
Sacramento Kings,2021-02-15,Brooklyn Nets,train
Washington Wizards,2021-02-15,Houston Rockets,train
Indiana Pacers,2021-02-15,Chicago Bulls,train
New York Knicks,2021-02-15,Atlanta Hawks,train
Boston Celtics,2021-02-16,Denver Nuggets,train
Memphis Grizzlies,2021-02-16,New Orleans Pelicans,train
Milwaukee Bucks,2021-02-16,Toronto Raptors,train
Minnesota Timberwolves,2021-02-16,Los Angeles Lakers,train
Oklahoma City Thunder,2021-02-16,Portland Trail Blazers,train
Phoenix Suns,2021-02-16,Brooklyn Nets,train
Golden State Warriors,2021-02-17,Miami Heat,train
Chicago Bulls,2021-02-17,Detroit Pistons,train
Memphis Grizzlies,2021-02-17,Oklahoma City Thunder,train
LA Clippers,2021-02-17,Utah Jazz,train
Minnesota Timberwolves,2021-02-17,Indiana Pacers,train
Washington Wizards,2021-02-17,Denver Nuggets,train
Boston Celtics,2021-02-17,Atlanta Hawks,train
Philadelphia 76ers,2021-02-17,Houston Rockets,train
Orlando Magic,2021-02-17,New York Knicks,train
New Orleans Pelicans,2021-02-17,Portland Trail Blazers,train
Milwaukee Bucks,2021-02-18,Toronto Raptors,train
Los Angeles Lakers,2021-02-18,Brooklyn Nets,train
Sacramento Kings,2021-02-18,Miami Heat,train
LA Clippers,2021-02-19,Utah Jazz,train
Minnesota Timberwolves,2021-02-19,Toronto Raptors,train
New Orleans Pelicans,2021-02-19,Phoenix Suns,train
Milwaukee Bucks,2021-02-19,Oklahoma City Thunder,train
Cleveland Cavaliers,2021-02-19,Denver Nuggets,train
Boston Celtics,2021-02-19,Atlanta Hawks,train
Philadelphia 76ers,2021-02-19,Chicago Bulls,train
Orlando Magic,2021-02-19,Golden State Warriors,train
Memphis Grizzlies,2021-02-19,Detroit Pistons,train
Charlotte Hornets,2021-02-20,Golden State Warriors,train
Memphis Grizzlies,2021-02-20,Phoenix Suns,train
Chicago Bulls,2021-02-20,Sacramento Kings,train
Los Angeles Lakers,2021-02-20,Miami Heat,train
Portland Trail Blazers,2021-02-20,Washington Wizards,train
Milwaukee Bucks,2021-02-21,Sacramento Kings,train
LA Clippers,2021-02-21,Brooklyn Nets,train
Atlanta Hawks,2021-02-21,Denver Nuggets,train
New York Knicks,2021-02-21,Minnesota Timberwolves,train
New Orleans Pelicans,2021-02-21,Boston Celtics,train
Orlando Magic,2021-02-21,Detroit Pistons,train
Toronto Raptors,2021-02-21,Philadelphia 76ers,train
Cleveland Cavaliers,2021-02-21,Oklahoma City Thunder,train
Utah Jazz,2021-02-22,Charlotte Hornets,train
Dallas Mavericks,2021-02-22,Memphis Grizzlies,train
Los Angeles Lakers,2021-02-22,Washington Wizards,train
Phoenix Suns,2021-02-22,Portland Trail Blazers,train
Oklahoma City Thunder,2021-02-22,Miami Heat,train
Houston Rockets,2021-02-22,Chicago Bulls,train
Cleveland Cavaliers,2021-02-23,Atlanta Hawks,train
Orlando Magic,2021-02-23,Detroit Pistons,train
New York Knicks,2021-02-23,Golden State Warriors,train
Dallas Mavericks,2021-02-23,Boston Celtics,train
Brooklyn Nets,2021-02-23,Sacramento Kings,train
Toronto Raptors,2021-02-23,Philadelphia 76ers,train
Milwaukee Bucks,2021-02-23,Minnesota Timberwolves,train
Denver Nuggets,2021-02-23,Portland Trail Blazers,train
LA Clippers,2021-02-23,Washington Wizards,train
Utah Jazz,2021-02-24,Los Angeles Lakers,train
Phoenix Suns,2021-02-24,Charlotte Hornets,train
New Orleans Pelicans,2021-02-24,Detroit Pistons,train
Chicago Bulls,2021-02-24,Minnesota Timberwolves,train
Oklahoma City Thunder,2021-02-24,San Antonio Spurs,train
Atlanta Hawks,2021-02-24,Boston Celtics,train
Cleveland Cavaliers,2021-02-24,Houston Rockets,train
Miami Heat,2021-02-24,Toronto Raptors,train
Indiana Pacers,2021-02-24,Golden State Warriors,train
Philadelphia 76ers,2021-02-25,Dallas Mavericks,train
Brooklyn Nets,2021-02-25,Orlando Magic,train
New York Knicks,2021-02-25,Sacramento Kings,train
Memphis Grizzlies,2021-02-25,LA Clippers,train
Denver Nuggets,2021-02-25,Washington Wizards,train
Milwaukee Bucks,2021-02-25,New Orleans Pelicans,train
Los Angeles Lakers,2021-02-26,Portland Trail Blazers,train
Oklahoma City Thunder,2021-02-26,Atlanta Hawks,train
Miami Heat,2021-02-26,Utah Jazz,train
Memphis Grizzlies,2021-02-26,LA Clippers,train
Golden State Warriors,2021-02-26,Charlotte Hornets,train
Toronto Raptors,2021-02-26,Houston Rockets,train
Boston Celtics,2021-02-26,Indiana Pacers,train
Detroit Pistons,2021-02-26,Sacramento Kings,train
Chicago Bulls,2021-02-26,Phoenix Suns,train
Philadelphia 76ers,2021-02-27,Cleveland Cavaliers,train
San Antonio Spurs,2021-02-27,New Orleans Pelicans,train
Orlando Magic,2021-02-27,Utah Jazz,train
Washington Wizards,2021-02-27,Minnesota Timberwolves,train
New York Knicks,2021-02-27,Indiana Pacers,train
Oklahoma City Thunder,2021-02-27,Denver Nuggets,train
Brooklyn Nets,2021-02-27,Dallas Mavericks,train
Minnesota Timberwolves,2021-02-28,Phoenix Suns,train
Los Angeles Lakers,2021-02-28,Golden State Warriors,train
Houston Rockets,2021-02-28,Memphis Grizzlies,train
Sacramento Kings,2021-02-28,Charlotte Hornets,train
Miami Heat,2021-02-28,Atlanta Hawks,train
Detroit Pistons,2021-02-28,New York Knicks,train
Milwaukee Bucks,2021-02-28,LA Clippers,train
Boston Celtics,2021-02-28,Washington Wizards,train
San Antonio Spurs,2021-03-01,Brooklyn Nets,train
Chicago Bulls,2021-03-01,Denver Nuggets,train
Houston Rockets,2021-03-01,Cleveland Cavaliers,train
Portland Trail Blazers,2021-03-01,Charlotte Hornets,train
Philadelphia 76ers,2021-03-01,Indiana Pacers,train
Orlando Magic,2021-03-01,Dallas Mavericks,train
New Orleans Pelicans,2021-03-01,Utah Jazz,train
Washington Wizards,2021-03-02,Memphis Grizzlies,train
Miami Heat,2021-03-02,Atlanta Hawks,train
Boston Celtics,2021-03-02,LA Clippers,train
Milwaukee Bucks,2021-03-02,Denver Nuggets,train
San Antonio Spurs,2021-03-02,New York Knicks,train
Los Angeles Lakers,2021-03-02,Phoenix Suns,train
Dallas Mavericks,2021-03-03,Oklahoma City Thunder,train
Toronto Raptors,2021-03-03,Detroit Pistons,train
Portland Trail Blazers,2021-03-03,Golden State Warriors,train
Sacramento Kings,2021-03-03,Los Angeles Lakers,train
Minnesota Timberwolves,2021-03-03,Charlotte Hornets,train
Philadelphia 76ers,2021-03-03,Utah Jazz,train
Houston Rockets,2021-03-03,Brooklyn Nets,train
New Orleans Pelicans,2021-03-03,Chicago Bulls,train
Cleveland Cavaliers,2021-03-03,Indiana Pacers,train
Orlando Magic,2021-03-03,Atlanta Hawks,train
Boston Celtics,2021-03-04,Toronto Raptors,train
Washington Wizards,2021-03-04,LA Clippers,train
Indiana Pacers,2021-03-04,Denver Nuggets,train
Memphis Grizzlies,2021-03-04,Milwaukee Bucks,train
San Antonio Spurs,2021-03-04,Oklahoma City Thunder,train
New Orleans Pelicans,2021-03-04,Miami Heat,train
Portland Trail Blazers,2021-03-04,Sacramento Kings,train
New York Knicks,2021-03-04,Detroit Pistons,train
Phoenix Suns,2021-03-04,Golden State Warriors,train
Dallas Mavericks,2021-03-10,San Antonio Spurs,train
Memphis Grizzlies,2021-03-10,Washington Wizards,train
Charlotte Hornets,2021-03-11,Detroit Pistons,train
Brooklyn Nets,2021-03-11,Boston Celtics,train
Toronto Raptors,2021-03-11,Atlanta Hawks,train
Miami Heat,2021-03-11,Orlando Magic,train
Chicago Bulls,2021-03-11,Philadelphia 76ers,train
New Orleans Pelicans,2021-03-11,Minnesota Timberwolves,train
Milwaukee Bucks,2021-03-11,New York Knicks,train
Oklahoma City Thunder,2021-03-11,Dallas Mavericks,train
LA Clippers,2021-03-11,Golden State Warriors,train
Sacramento Kings,2021-03-11,Houston Rockets,train
Portland Trail Blazers,2021-03-11,Phoenix Suns,train
Los Angeles Lakers,2021-03-12,Indiana Pacers,train
Utah Jazz,2021-03-12,Houston Rockets,train
San Antonio Spurs,2021-03-12,Orlando Magic,train
Chicago Bulls,2021-03-12,Miami Heat,train
Washington Wizards,2021-03-12,Philadelphia 76ers,train
New Orleans Pelicans,2021-03-12,Cleveland Cavaliers,train
Memphis Grizzlies,2021-03-12,Denver Nuggets,train
Oklahoma City Thunder,2021-03-13,New York Knicks,train
Brooklyn Nets,2021-03-13,Detroit Pistons,train
Washington Wizards,2021-03-13,Milwaukee Bucks,train
Charlotte Hornets,2021-03-13,Toronto Raptors,train
Atlanta Hawks,2021-03-13,Sacramento Kings,train
Minnesota Timberwolves,2021-03-13,Portland Trail Blazers,train
Denver Nuggets,2021-03-13,Dallas Mavericks,train
Phoenix Suns,2021-03-13,Indiana Pacers,train
New Orleans Pelicans,2021-03-14,LA Clippers,train
Chicago Bulls,2021-03-14,Toronto Raptors,train
Minnesota Timberwolves,2021-03-14,Portland Trail Blazers,train
Houston Rockets,2021-03-14,Boston Celtics,train
Atlanta Hawks,2021-03-14,Cleveland Cavaliers,train
Philadelphia 76ers,2021-03-14,San Antonio Spurs,train
Golden State Warriors,2021-03-14,Utah Jazz,train
Oklahoma City Thunder,2021-03-14,Memphis Grizzlies,train
Orlando Magic,2021-03-14,Miami Heat,train
Washington Wizards,2021-03-15,Milwaukee Bucks,train
Charlotte Hornets,2021-03-15,Sacramento Kings,train
Brooklyn Nets,2021-03-15,New York Knicks,train
Detroit Pistons,2021-03-15,San Antonio Spurs,train
Denver Nuggets,2021-03-15,Indiana Pacers,train
Dallas Mavericks,2021-03-15,LA Clippers,train
Phoenix Suns,2021-03-15,Memphis Grizzlies,train
Golden State Warriors,2021-03-15,Los Angeles Lakers,train
Philadelphia 76ers,2021-03-16,New York Knicks,train
Portland Trail Blazers,2021-03-16,New Orleans Pelicans,train
Miami Heat,2021-03-16,Cleveland Cavaliers,train
Los Angeles Lakers,2021-03-16,Minnesota Timberwolves,train
Chicago Bulls,2021-03-16,Oklahoma City Thunder,train
Boston Celtics,2021-03-16,Utah Jazz,train
Houston Rockets,2021-03-16,Atlanta Hawks,train
Philadelphia 76ers,2021-03-17,Milwaukee Bucks,train
Indiana Pacers,2021-03-17,Brooklyn Nets,train
Detroit Pistons,2021-03-17,Toronto Raptors,train
Washington Wizards,2021-03-17,Sacramento Kings,train
Houston Rockets,2021-03-17,Golden State Warriors,train
Cleveland Cavaliers,2021-03-17,Boston Celtics,train
Chicago Bulls,2021-03-17,San Antonio Spurs,train
Memphis Grizzlies,2021-03-17,Miami Heat,train
Denver Nuggets,2021-03-17,Charlotte Hornets,train
Dallas Mavericks,2021-03-17,LA Clippers,train
Los Angeles Lakers,2021-03-18,Charlotte Hornets,train
Portland Trail Blazers,2021-03-18,New Orleans Pelicans,train
Phoenix Suns,2021-03-18,Minnesota Timberwolves,train
Atlanta Hawks,2021-03-18,Oklahoma City Thunder,train
New York Knicks,2021-03-18,Orlando Magic,train
Washington Wizards,2021-03-18,Utah Jazz,train
Cleveland Cavaliers,2021-03-19,San Antonio Spurs,train
Boston Celtics,2021-03-19,Sacramento Kings,train
Memphis Grizzlies,2021-03-19,Golden State Warriors,train
Houston Rockets,2021-03-19,Detroit Pistons,train
Toronto Raptors,2021-03-19,Utah Jazz,train
Orlando Magic,2021-03-19,Brooklyn Nets,train
Miami Heat,2021-03-19,Indiana Pacers,train
Denver Nuggets,2021-03-19,Chicago Bulls,train
Portland Trail Blazers,2021-03-19,Dallas Mavericks,train
Phoenix Suns,2021-03-19,Minnesota Timberwolves,train
LA Clippers,2021-03-20,Charlotte Hornets,train
Milwaukee Bucks,2021-03-20,San Antonio Spurs,train
Memphis Grizzlies,2021-03-20,Golden State Warriors,train
Philadelphia 76ers,2021-03-20,Sacramento Kings,train
Los Angeles Lakers,2021-03-20,Atlanta Hawks,train
Miami Heat,2021-03-21,Indiana Pacers,train
Houston Rockets,2021-03-21,Oklahoma City Thunder,train
Denver Nuggets,2021-03-21,New Orleans Pelicans,train
Boston Celtics,2021-03-21,Orlando Magic,train
Brooklyn Nets,2021-03-21,Washington Wizards,train
Detroit Pistons,2021-03-21,Chicago Bulls,train
Cleveland Cavaliers,2021-03-21,Toronto Raptors,train
New York Knicks,2021-03-21,Philadelphia 76ers,train
Phoenix Suns,2021-03-21,Los Angeles Lakers,train
Portland Trail Blazers,2021-03-21,Dallas Mavericks,train
LA Clippers,2021-03-22,Atlanta Hawks,train
Chicago Bulls,2021-03-22,Utah Jazz,train
Houston Rockets,2021-03-22,Toronto Raptors,train
Milwaukee Bucks,2021-03-22,Indiana Pacers,train
Memphis Grizzlies,2021-03-22,Boston Celtics,train
San Antonio Spurs,2021-03-22,Charlotte Hornets,train
Minnesota Timberwolves,2021-03-22,Oklahoma City Thunder,train
Cleveland Cavaliers,2021-03-22,Sacramento Kings,train
Orlando Magic,2021-03-23,Denver Nuggets,train
New Orleans Pelicans,2021-03-23,Los Angeles Lakers,train
New York Knicks,2021-03-23,Washington Wizards,train
Miami Heat,2021-03-23,Phoenix Suns,train
Golden State Warriors,2021-03-23,Philadelphia 76ers,train
Portland Trail Blazers,2021-03-23,Brooklyn Nets,train
Utah Jazz,2021-03-24,Brooklyn Nets,train
San Antonio Spurs,2021-03-24,LA Clippers,train
Oklahoma City Thunder,2021-03-24,Memphis Grizzlies,train
Houston Rockets,2021-03-24,Charlotte Hornets,train
Chicago Bulls,2021-03-24,Cleveland Cavaliers,train
Sacramento Kings,2021-03-24,Atlanta Hawks,train
Orlando Magic,2021-03-24,Phoenix Suns,train
Milwaukee Bucks,2021-03-24,Boston Celtics,train
Toronto Raptors,2021-03-24,Denver Nuggets,train
Indiana Pacers,2021-03-24,Detroit Pistons,train
Minnesota Timberwolves,2021-03-24,Dallas Mavericks,train
Miami Heat,2021-03-25,Portland Trail Blazers,train
New York Knicks,2021-03-25,Washington Wizards,train
San Antonio Spurs,2021-03-25,LA Clippers,train
Sacramento Kings,2021-03-25,Golden State Warriors,train
Los Angeles Lakers,2021-03-25,Philadelphia 76ers,train
Los Angeles Lakers,2021-03-26,Cleveland Cavaliers,train
Utah Jazz,2021-03-26,Memphis Grizzlies,train
Dallas Mavericks,2021-03-26,Indiana Pacers,train
Charlotte Hornets,2021-03-26,Miami Heat,train
Orlando Magic,2021-03-26,Portland Trail Blazers,train
Golden State Warriors,2021-03-26,Atlanta Hawks,train
New Orleans Pelicans,2021-03-26,Denver Nuggets,train
Toronto Raptors,2021-03-26,Phoenix Suns,train
Milwaukee Bucks,2021-03-26,Boston Celtics,train
Detroit Pistons,2021-03-26,Brooklyn Nets,train
Minnesota Timberwolves,2021-03-26,Houston Rockets,train
LA Clippers,2021-03-27,Philadelphia 76ers,train
Sacramento Kings,2021-03-27,Cleveland Cavaliers,train
Oklahoma City Thunder,2021-03-27,Boston Celtics,train
New Orleans Pelicans,2021-03-27,Dallas Mavericks,train
Utah Jazz,2021-03-27,Memphis Grizzlies,train
Milwaukee Bucks,2021-03-27,New York Knicks,train
Minnesota Timberwolves,2021-03-27,Houston Rockets,train
Washington Wizards,2021-03-27,Detroit Pistons,train
San Antonio Spurs,2021-03-27,Chicago Bulls,train
Charlotte Hornets,2021-03-28,Phoenix Suns,train
Toronto Raptors,2021-03-28,Portland Trail Blazers,train
Denver Nuggets,2021-03-28,Atlanta Hawks,train
Los Angeles Lakers,2021-03-28,Orlando Magic,train
San Antonio Spurs,2021-03-29,Sacramento Kings,train
Golden State Warriors,2021-03-29,Chicago Bulls,train
LA Clippers,2021-03-29,Milwaukee Bucks,train
Utah Jazz,2021-03-29,Cleveland Cavaliers,train
Detroit Pistons,2021-03-29,Toronto Raptors,train
Brooklyn Nets,2021-03-29,Minnesota Timberwolves,train
Houston Rockets,2021-03-29,Memphis Grizzlies,train
Boston Celtics,2021-03-29,New Orleans Pelicans,train
New York Knicks,2021-03-29,Miami Heat,train
Washington Wizards,2021-03-29,Indiana Pacers,train
Oklahoma City Thunder,2021-03-29,Dallas Mavericks,train
Washington Wizards,2021-03-30,Charlotte Hornets,train
Denver Nuggets,2021-03-30,Philadelphia 76ers,train
Phoenix Suns,2021-03-30,Atlanta Hawks,train
LA Clippers,2021-03-30,Orlando Magic,train
Phoenix Suns,2021-03-31,Chicago Bulls,train
Los Angeles Lakers,2021-03-31,Milwaukee Bucks,train
San Antonio Spurs,2021-03-31,Sacramento Kings,train
Minnesota Timberwolves,2021-03-31,New York Knicks,train
Oklahoma City Thunder,2021-03-31,Toronto Raptors,train
Boston Celtics,2021-03-31,Dallas Mavericks,train
Brooklyn Nets,2021-03-31,Houston Rockets,train
Detroit Pistons,2021-03-31,Portland Trail Blazers,train
Indiana Pacers,2021-03-31,Miami Heat,train
Memphis Grizzlies,2021-03-31,Utah Jazz,train
LA Clippers,2021-04-01,Denver Nuggets,train
San Antonio Spurs,2021-04-01,Atlanta Hawks,train
New Orleans Pelicans,2021-04-01,Orlando Magic,train
Miami Heat,2021-04-01,Golden State Warriors,train
Detroit Pistons,2021-04-01,Washington Wizards,train
Cleveland Cavaliers,2021-04-01,Philadelphia 76ers,train
Brooklyn Nets,2021-04-01,Charlotte Hornets,train
Utah Jazz,2021-04-02,Chicago Bulls,train
Sacramento Kings,2021-04-02,Los Angeles Lakers,train
Portland Trail Blazers,2021-04-02,Milwaukee Bucks,train
Phoenix Suns,2021-04-02,Oklahoma City Thunder,train
New Orleans Pelicans,2021-04-02,Atlanta Hawks,train
Indiana Pacers,2021-04-02,Charlotte Hornets,train
Memphis Grizzlies,2021-04-02,Minnesota Timberwolves,train
New York Knicks,2021-04-02,Dallas Mavericks,train
Boston Celtics,2021-04-02,Houston Rockets,train
Toronto Raptors,2021-04-02,Golden State Warriors,train
Washington Wizards,2021-04-03,Dallas Mavericks,train
Miami Heat,2021-04-03,Cleveland Cavaliers,train
Philadelphia 76ers,2021-04-03,Minnesota Timberwolves,train
Detroit Pistons,2021-04-03,New York Knicks,train
San Antonio Spurs,2021-04-03,Indiana Pacers,train
Utah Jazz,2021-04-03,Orlando Magic,train
Sacramento Kings,2021-04-03,Milwaukee Bucks,train
Portland Trail Blazers,2021-04-03,Oklahoma City Thunder,train
Denver Nuggets,2021-04-04,Orlando Magic,train
Houston Rockets,2021-04-04,New Orleans Pelicans,train
Atlanta Hawks,2021-04-04,Golden State Warriors,train
Boston Celtics,2021-04-04,Charlotte Hornets,train
LA Clippers,2021-04-04,Los Angeles Lakers,train
Chicago Bulls,2021-04-04,Brooklyn Nets,train
Philadelphia 76ers,2021-04-04,Memphis Grizzlies,train
Oklahoma City Thunder,2021-04-05,Detroit Pistons,train
Toronto Raptors,2021-04-05,Washington Wizards,train
Brooklyn Nets,2021-04-05,New York Knicks,train
Minnesota Timberwolves,2021-04-05,Sacramento Kings,train
Dallas Mavericks,2021-04-05,Utah Jazz,train
San Antonio Spurs,2021-04-05,Cleveland Cavaliers,train
Houston Rockets,2021-04-05,Phoenix Suns,train
LA Clippers,2021-04-06,Portland Trail Blazers,train
Golden State Warriors,2021-04-06,Milwaukee Bucks,train
Denver Nuggets,2021-04-06,Detroit Pistons,train
Miami Heat,2021-04-06,Memphis Grizzlies,train
Atlanta Hawks,2021-04-06,New Orleans Pelicans,train
Boston Celtics,2021-04-06,Philadelphia 76ers,train
Indiana Pacers,2021-04-06,Chicago Bulls,train
Toronto Raptors,2021-04-06,Los Angeles Lakers,train
Houston Rockets,2021-04-07,Dallas Mavericks,train
Indiana Pacers,2021-04-07,Minnesota Timberwolves,train
Orlando Magic,2021-04-07,Washington Wizards,train
Boston Celtics,2021-04-07,New York Knicks,train
Brooklyn Nets,2021-04-07,New Orleans Pelicans,train
Oklahoma City Thunder,2021-04-07,Charlotte Hornets,train
Atlanta Hawks,2021-04-07,Memphis Grizzlies,train
Denver Nuggets,2021-04-07,San Antonio Spurs,train
Phoenix Suns,2021-04-07,Utah Jazz,train
Sacramento Kings,2021-04-08,Detroit Pistons,train
Dallas Mavericks,2021-04-08,Milwaukee Bucks,train
Toronto Raptors,2021-04-08,Chicago Bulls,train
Utah Jazz,2021-04-08,Portland Trail Blazers,train
Oklahoma City Thunder,2021-04-08,Cleveland Cavaliers,train
Miami Heat,2021-04-08,Los Angeles Lakers,train
LA Clippers,2021-04-08,Phoenix Suns,train
Golden State Warriors,2021-04-09,Washington Wizards,train
Orlando Magic,2021-04-09,Indiana Pacers,train
New York Knicks,2021-04-09,Memphis Grizzlies,train
Atlanta Hawks,2021-04-09,Chicago Bulls,train
Boston Celtics,2021-04-09,Minnesota Timberwolves,train
New Orleans Pelicans,2021-04-09,Philadelphia 76ers,train
Milwaukee Bucks,2021-04-09,Charlotte Hornets,train
Denver Nuggets,2021-04-09,San Antonio Spurs,train
LA Clippers,2021-04-09,Houston Rockets,train
Portland Trail Blazers,2021-04-10,Detroit Pistons,train
Cleveland Cavaliers,2021-04-10,Toronto Raptors,train
Golden State Warriors,2021-04-10,Houston Rockets,train
Oklahoma City Thunder,2021-04-10,Philadelphia 76ers,train
Phoenix Suns,2021-04-10,Washington Wizards,train
Utah Jazz,2021-04-10,Sacramento Kings,train
Brooklyn Nets,2021-04-10,Los Angeles Lakers,train
LA Clippers,2021-04-11,Detroit Pistons,train
Portland Trail Blazers,2021-04-11,Miami Heat,train
Memphis Grizzlies,2021-04-11,Indiana Pacers,train
Dallas Mavericks,2021-04-11,San Antonio Spurs,train
Minnesota Timberwolves,2021-04-11,Chicago Bulls,train
Cleveland Cavaliers,2021-04-11,New Orleans Pelicans,train
Orlando Magic,2021-04-11,Milwaukee Bucks,train
Denver Nuggets,2021-04-11,Boston Celtics,train
Charlotte Hornets,2021-04-11,Atlanta Hawks,train
New York Knicks,2021-04-11,Toronto Raptors,train
New Orleans Pelicans,2021-04-12,Sacramento Kings,train
Phoenix Suns,2021-04-12,Houston Rockets,train
Golden State Warriors,2021-04-12,Denver Nuggets,train
Memphis Grizzlies,2021-04-12,Chicago Bulls,train
Utah Jazz,2021-04-12,Washington Wizards,train
Dallas Mavericks,2021-04-12,Philadelphia 76ers,train
New York Knicks,2021-04-12,Los Angeles Lakers,train
Orlando Magic,2021-04-12,San Antonio Spurs,train
Minnesota Timberwolves,2021-04-13,Brooklyn Nets,train
Toronto Raptors,2021-04-13,Atlanta Hawks,train
Indiana Pacers,2021-04-13,LA Clippers,train
Charlotte Hornets,2021-04-13,Los Angeles Lakers,train
Utah Jazz,2021-04-13,Oklahoma City Thunder,train
Phoenix Suns,2021-04-13,Miami Heat,train
Portland Trail Blazers,2021-04-13,Boston Celtics,train
Memphis Grizzlies,2021-04-14,Dallas Mavericks,train
Toronto Raptors,2021-04-14,San Antonio Spurs,train
Denver Nuggets,2021-04-14,Miami Heat,train
Houston Rockets,2021-04-14,Indiana Pacers,train
Sacramento Kings,2021-04-14,Washington Wizards,train
Oklahoma City Thunder,2021-04-14,Golden State Warriors,train
Philadelphia 76ers,2021-04-14,Brooklyn Nets,train
Minnesota Timberwolves,2021-04-14,Milwaukee Bucks,train
New Orleans Pelicans,2021-04-14,New York Knicks,train
Chicago Bulls,2021-04-14,Orlando Magic,train
Charlotte Hornets,2021-04-14,Cleveland Cavaliers,train
Detroit Pistons,2021-04-14,LA Clippers,train
Atlanta Hawks,2021-04-15,Milwaukee Bucks,train
Cleveland Cavaliers,2021-04-15,Golden State Warriors,train
Los Angeles Lakers,2021-04-15,Boston Celtics,train
Phoenix Suns,2021-04-15,Sacramento Kings,train
Dallas Mavericks,2021-04-16,New York Knicks,train
San Antonio Spurs,2021-04-16,Portland Trail Blazers,train
Houston Rockets,2021-04-16,Denver Nuggets,train
Minnesota Timberwolves,2021-04-16,Miami Heat,train
Chicago Bulls,2021-04-16,Memphis Grizzlies,train
Philadelphia 76ers,2021-04-16,LA Clippers,train
Brooklyn Nets,2021-04-16,Charlotte Hornets,train
Washington Wizards,2021-04-16,New Orleans Pelicans,train
Detroit Pistons,2021-04-16,Oklahoma City Thunder,train
Utah Jazz,2021-04-16,Indiana Pacers,train
Toronto Raptors,2021-04-16,Orlando Magic,train
Boston Celtics,2021-04-17,Golden State Warriors,train
Chicago Bulls,2021-04-17,Cleveland Cavaliers,train
Milwaukee Bucks,2021-04-17,Memphis Grizzlies,train
Los Angeles Lakers,2021-04-17,Utah Jazz,train
Washington Wizards,2021-04-17,Detroit Pistons,train
Phoenix Suns,2021-04-17,San Antonio Spurs,train
Dallas Mavericks,2021-04-18,Sacramento Kings,train
Orlando Magic,2021-04-18,Houston Rockets,train
LA Clippers,2021-04-18,Minnesota Timberwolves,train
Toronto Raptors,2021-04-18,Oklahoma City Thunder,train
Charlotte Hornets,2021-04-18,Portland Trail Blazers,train
Miami Heat,2021-04-18,Brooklyn Nets,train
New York Knicks,2021-04-18,New Orleans Pelicans,train
Atlanta Hawks,2021-04-18,Indiana Pacers,train
Detroit Pistons,2021-04-19,Cleveland Cavaliers,train
Philadelphia 76ers,2021-04-19,Golden State Warriors,train
Boston Celtics,2021-04-19,Chicago Bulls,train
Miami Heat,2021-04-19,Houston Rockets,train
Washington Wizards,2021-04-19,Oklahoma City Thunder,train
Milwaukee Bucks,2021-04-19,Phoenix Suns,train
Indiana Pacers,2021-04-19,San Antonio Spurs,train
Denver Nuggets,2021-04-19,Memphis Grizzlies,train
Los Angeles Lakers,2021-04-19,Utah Jazz,train
Portland Trail Blazers,2021-04-20,LA Clippers,train
New York Knicks,2021-04-20,Charlotte Hornets,train
Sacramento Kings,2021-04-20,Minnesota Timberwolves,train
Atlanta Hawks,2021-04-20,Orlando Magic,train
New Orleans Pelicans,2021-04-20,Brooklyn Nets,train
New York Knicks,2021-04-21,Atlanta Hawks,train
Philadelphia 76ers,2021-04-21,Phoenix Suns,train
Washington Wizards,2021-04-21,Golden State Warriors,train
Indiana Pacers,2021-04-21,Oklahoma City Thunder,train
Cleveland Cavaliers,2021-04-21,Chicago Bulls,train
Toronto Raptors,2021-04-21,Brooklyn Nets,train
Houston Rockets,2021-04-21,Utah Jazz,train
San Antonio Spurs,2021-04-21,Miami Heat,train
Dallas Mavericks,2021-04-21,Detroit Pistons,train
LA Clippers,2021-04-21,Memphis Grizzlies,train
Portland Trail Blazers,2021-04-21,Denver Nuggets,train
Sacramento Kings,2021-04-21,Minnesota Timberwolves,train
Chicago Bulls,2021-04-22,Charlotte Hornets,train
Dallas Mavericks,2021-04-22,Los Angeles Lakers,train
San Antonio Spurs,2021-04-22,Detroit Pistons,train
Boston Celtics,2021-04-22,Phoenix Suns,train
Orlando Magic,2021-04-22,New Orleans Pelicans,train
Milwaukee Bucks,2021-04-22,Philadelphia 76ers,train
Brooklyn Nets,2021-04-23,Boston Celtics,train
Atlanta Hawks,2021-04-23,Miami Heat,train
Charlotte Hornets,2021-04-23,Cleveland Cavaliers,train
Oklahoma City Thunder,2021-04-23,Washington Wizards,train
Houston Rockets,2021-04-23,LA Clippers,train
Portland Trail Blazers,2021-04-23,Memphis Grizzlies,train
Golden State Warriors,2021-04-23,Denver Nuggets,train
Dallas Mavericks,2021-04-24,Los Angeles Lakers,train
Denver Nuggets,2021-04-24,Houston Rockets,train
Utah Jazz,2021-04-24,Minnesota Timberwolves,train
Miami Heat,2021-04-24,Chicago Bulls,train
New Orleans Pelicans,2021-04-24,San Antonio Spurs,train
Indiana Pacers,2021-04-24,Detroit Pistons,train
Milwaukee Bucks,2021-04-24,Philadelphia 76ers,train
New York Knicks,2021-04-24,Toronto Raptors,train
Charlotte Hornets,2021-04-25,Boston Celtics,train
Brooklyn Nets,2021-04-25,Phoenix Suns,train
Portland Trail Blazers,2021-04-25,Memphis Grizzlies,train
Washington Wizards,2021-04-25,Cleveland Cavaliers,train
Atlanta Hawks,2021-04-25,Milwaukee Bucks,train
Orlando Magic,2021-04-25,Indiana Pacers,train
Golden State Warriors,2021-04-25,Sacramento Kings,train
New Orleans Pelicans,2021-04-26,LA Clippers,train
Minnesota Timberwolves,2021-04-26,Utah Jazz,train
Sacramento Kings,2021-04-26,Dallas Mavericks,train
Denver Nuggets,2021-04-26,Memphis Grizzlies,train
Toronto Raptors,2021-04-26,Cleveland Cavaliers,train
Miami Heat,2021-04-26,Chicago Bulls,train
New York Knicks,2021-04-26,Phoenix Suns,train
Philadelphia 76ers,2021-04-26,Oklahoma City Thunder,train
Detroit Pistons,2021-04-26,Atlanta Hawks,train
Washington Wizards,2021-04-26,San Antonio Spurs,train
Orlando Magic,2021-04-26,Los Angeles Lakers,train
Indiana Pacers,2021-04-27,Portland Trail Blazers,train
Charlotte Hornets,2021-04-27,Milwaukee Bucks,train
Boston Celtics,2021-04-27,Oklahoma City Thunder,train
Toronto Raptors,2021-04-27,Brooklyn Nets,train
Houston Rockets,2021-04-27,Minnesota Timberwolves,train
Golden State Warriors,2021-04-27,Dallas Mavericks,train
Phoenix Suns,2021-04-28,LA Clippers,train
Sacramento Kings,2021-04-28,Utah Jazz,train
Memphis Grizzlies,2021-04-28,Portland Trail Blazers,train
Denver Nuggets,2021-04-28,New Orleans Pelicans,train
Miami Heat,2021-04-28,San Antonio Spurs,train
New York Knicks,2021-04-28,Chicago Bulls,train
Boston Celtics,2021-04-28,Charlotte Hornets,train
Cleveland Cavaliers,2021-04-28,Orlando Magic,train
Washington Wizards,2021-04-28,Los Angeles Lakers,train
Philadelphia 76ers,2021-04-28,Atlanta Hawks,train
Detroit Pistons,2021-04-29,Dallas Mavericks,train
Indiana Pacers,2021-04-29,Brooklyn Nets,train
Minnesota Timberwolves,2021-04-29,Golden State Warriors,train
Houston Rockets,2021-04-29,Milwaukee Bucks,train
Denver Nuggets,2021-04-29,Toronto Raptors,train
Oklahoma City Thunder,2021-04-29,New Orleans Pelicans,train
Los Angeles Lakers,2021-04-30,Sacramento Kings,train
Phoenix Suns,2021-04-30,Utah Jazz,train
Chicago Bulls,2021-04-30,Milwaukee Bucks,train
Brooklyn Nets,2021-04-30,Portland Trail Blazers,train
Memphis Grizzlies,2021-04-30,Orlando Magic,train
Boston Celtics,2021-04-30,San Antonio Spurs,train
Cleveland Cavaliers,2021-04-30,Washington Wizards,train
Philadelphia 76ers,2021-04-30,Atlanta Hawks,train
Utah Jazz,2021-05-01,Toronto Raptors,train
LA Clippers,2021-05-01,Denver Nuggets,train
Dallas Mavericks,2021-05-01,Washington Wizards,train
Orlando Magic,2021-05-01,Memphis Grizzlies,train
Oklahoma City Thunder,2021-05-01,Indiana Pacers,train
Cleveland Cavaliers,2021-05-01,Miami Heat,train
Minnesota Timberwolves,2021-05-01,New Orleans Pelicans,train
Houston Rockets,2021-05-01,Golden State Warriors,train
Charlotte Hornets,2021-05-01,Detroit Pistons,train
Atlanta Hawks,2021-05-01,Chicago Bulls,train
Dallas Mavericks,2021-05-02,Sacramento Kings,train
Los Angeles Lakers,2021-05-02,Toronto Raptors,train
Oklahoma City Thunder,2021-05-02,Phoenix Suns,train
Charlotte Hornets,2021-05-02,Miami Heat,train
Boston Celtics,2021-05-02,Portland Trail Blazers,train
Houston Rockets,2021-05-02,New York Knicks,train
Milwaukee Bucks,2021-05-02,Brooklyn Nets,train
San Antonio Spurs,2021-05-02,Philadelphia 76ers,train
Utah Jazz,2021-05-03,San Antonio Spurs,train
Detroit Pistons,2021-05-03,Orlando Magic,train
Washington Wizards,2021-05-03,Indiana Pacers,train
New Orleans Pelicans,2021-05-03,Golden State Warriors,train
Atlanta Hawks,2021-05-03,Portland Trail Blazers,train
Chicago Bulls,2021-05-03,Philadelphia 76ers,train
Memphis Grizzlies,2021-05-03,New York Knicks,train
Los Angeles Lakers,2021-05-03,Denver Nuggets,train
New Orleans Pelicans,2021-05-04,Golden State Warriors,train
Miami Heat,2021-05-04,Dallas Mavericks,train
Oklahoma City Thunder,2021-05-04,Sacramento Kings,train
LA Clippers,2021-05-04,Toronto Raptors,train
Detroit Pistons,2021-05-04,Charlotte Hornets,train
Cleveland Cavaliers,2021-05-04,Phoenix Suns,train
Milwaukee Bucks,2021-05-04,Brooklyn Nets,train
Milwaukee Bucks,2021-05-05,Washington Wizards,train
Atlanta Hawks,2021-05-05,Phoenix Suns,train
Denver Nuggets,2021-05-05,New York Knicks,train
Utah Jazz,2021-05-05,San Antonio Spurs,train
Indiana Pacers,2021-05-05,Sacramento Kings,train
Minnesota Timberwolves,2021-05-05,Memphis Grizzlies,train
Houston Rockets,2021-05-05,Philadelphia 76ers,train
Cleveland Cavaliers,2021-05-05,Portland Trail Blazers,train
Orlando Magic,2021-05-05,Boston Celtics,train
Charlotte Hornets,2021-05-06,Chicago Bulls,train
Dallas Mavericks,2021-05-06,Brooklyn Nets,train
Toronto Raptors,2021-05-06,Washington Wizards,train
Detroit Pistons,2021-05-06,Memphis Grizzlies,train
Indiana Pacers,2021-05-06,Atlanta Hawks,train
Golden State Warriors,2021-05-06,Oklahoma City Thunder,train
LA Clippers,2021-05-06,Los Angeles Lakers,train
Portland Trail Blazers,2021-05-07,Los Angeles Lakers,train
Sacramento Kings,2021-05-07,San Antonio Spurs,train
Utah Jazz,2021-05-07,Denver Nuggets,train
Phoenix Suns,2021-05-07,New York Knicks,train
Dallas Mavericks,2021-05-07,Cleveland Cavaliers,train
Charlotte Hornets,2021-05-07,Orlando Magic,train
Milwaukee Bucks,2021-05-07,Houston Rockets,train
Chicago Bulls,2021-05-07,Boston Celtics,train
Philadelphia 76ers,2021-05-07,New Orleans Pelicans,train
Miami Heat,2021-05-07,Minnesota Timberwolves,train
Indiana Pacers,2021-05-08,Washington Wizards,train
Philadelphia 76ers,2021-05-08,Detroit Pistons,train
Toronto Raptors,2021-05-08,Memphis Grizzlies,train
Denver Nuggets,2021-05-08,Brooklyn Nets,train
Golden State Warriors,2021-05-08,Oklahoma City Thunder,train
Portland Trail Blazers,2021-05-08,San Antonio Spurs,train
Utah Jazz,2021-05-08,Houston Rockets,train
Detroit Pistons,2021-05-09,Chicago Bulls,train
Sacramento Kings,2021-05-09,Oklahoma City Thunder,train
Los Angeles Lakers,2021-05-09,Phoenix Suns,train
Orlando Magic,2021-05-09,Minnesota Timberwolves,train
Charlotte Hornets,2021-05-09,New Orleans Pelicans,train
Cleveland Cavaliers,2021-05-09,Dallas Mavericks,train
LA Clippers,2021-05-09,New York Knicks,train
Boston Celtics,2021-05-09,Miami Heat,train
Atlanta Hawks,2021-05-10,Washington Wizards,train
Cleveland Cavaliers,2021-05-10,Indiana Pacers,train
Memphis Grizzlies,2021-05-10,New Orleans Pelicans,train
San Antonio Spurs,2021-05-10,Milwaukee Bucks,train
Golden State Warriors,2021-05-10,Utah Jazz,train
Portland Trail Blazers,2021-05-10,Houston Rockets,train
Los Angeles Lakers,2021-05-11,New York Knicks,train
Sacramento Kings,2021-05-11,Oklahoma City Thunder,train
Golden State Warriors,2021-05-11,Phoenix Suns,train
Milwaukee Bucks,2021-05-11,Orlando Magic,train
Indiana Pacers,2021-05-11,Philadelphia 76ers,train
Memphis Grizzlies,2021-05-11,Dallas Mavericks,train
Chicago Bulls,2021-05-11,Brooklyn Nets,train
Toronto Raptors,2021-05-11,LA Clippers,train
Boston Celtics,2021-05-11,Miami Heat,train
Charlotte Hornets,2021-05-11,Denver Nuggets,train
Detroit Pistons,2021-05-11,Minnesota Timberwolves,train
Atlanta Hawks,2021-05-12,Washington Wizards,train
Brooklyn Nets,2021-05-12,San Antonio Spurs,train
Cleveland Cavaliers,2021-05-12,Boston Celtics,train
Utah Jazz,2021-05-12,Portland Trail Blazers,train
Dallas Mavericks,2021-05-12,New Orleans Pelicans,train
Los Angeles Lakers,2021-05-12,Houston Rockets,train
Phoenix Suns,2021-05-13,Portland Trail Blazers,train
Minnesota Timberwolves,2021-05-13,Denver Nuggets,train
Memphis Grizzlies,2021-05-13,Sacramento Kings,train
Miami Heat,2021-05-13,Philadelphia 76ers,train
Chicago Bulls,2021-05-13,Toronto Raptors,train
Atlanta Hawks,2021-05-13,Orlando Magic,train
Charlotte Hornets,2021-05-13,LA Clippers,train
New York Knicks,2021-05-13,San Antonio Spurs,train
Indiana Pacers,2021-05-13,Milwaukee Bucks,train
Washington Wizards,2021-05-14,Cleveland Cavaliers,train
Detroit Pistons,2021-05-14,Denver Nuggets,train
Oklahoma City Thunder,2021-05-14,Utah Jazz,train
Philadelphia 76ers,2021-05-14,Orlando Magic,train
Houston Rockets,2021-05-14,LA Clippers,train
Memphis Grizzlies,2021-05-14,Sacramento Kings,train
Dallas Mavericks,2021-05-14,Toronto Raptors,train
Golden State Warriors,2021-05-14,New Orleans Pelicans,train
Milwaukee Bucks,2021-05-15,Miami Heat,train
Brooklyn Nets,2021-05-15,Chicago Bulls,train
New York Knicks,2021-05-15,Charlotte Hornets,train
Minnesota Timberwolves,2021-05-15,Boston Celtics,train
Indiana Pacers,2021-05-15,Los Angeles Lakers,train
San Antonio Spurs,2021-05-15,Phoenix Suns,train
New York Knicks,2021-05-16,Boston Celtics,train
Philadelphia 76ers,2021-05-16,Orlando Magic,train
Washington Wizards,2021-05-16,Charlotte Hornets,train
Chicago Bulls,2021-05-16,Milwaukee Bucks,train
Portland Trail Blazers,2021-05-16,Denver Nuggets,train
New Orleans Pelicans,2021-05-16,Los Angeles Lakers,train
Minnesota Timberwolves,2021-05-16,Dallas Mavericks,train
Sacramento Kings,2021-05-16,Utah Jazz,train
Detroit Pistons,2021-05-16,Miami Heat,train
Brooklyn Nets,2021-05-16,Cleveland Cavaliers,train
San Antonio Spurs,2021-05-16,Phoenix Suns,train
Golden State Warriors,2021-05-16,Memphis Grizzlies,train
Atlanta Hawks,2021-05-16,Houston Rockets,train
Toronto Raptors,2021-05-16,Indiana Pacers,train
Oklahoma City Thunder,2021-05-16,LA Clippers,train
Boston Celtics,2021-05-18,Washington Wizards,train
Indiana Pacers,2021-05-18,Charlotte Hornets,train
Memphis Grizzlies,2021-05-19,San Antonio Spurs,train
Los Angeles Lakers,2021-05-19,Golden State Warriors,train
Washington Wizards,2021-05-20,Indiana Pacers,train
Golden State Warriors,2021-05-21,Memphis Grizzlies,train
Milwaukee Bucks,2021-05-22,Miami Heat,train
Brooklyn Nets,2021-05-22,Boston Celtics,train
LA Clippers,2021-05-22,Dallas Mavericks,train
Denver Nuggets,2021-05-22,Portland Trail Blazers,train
New York Knicks,2021-05-23,Atlanta Hawks,train
Philadelphia 76ers,2021-05-23,Washington Wizards,train
Phoenix Suns,2021-05-23,Los Angeles Lakers,train
Utah Jazz,2021-05-23,Memphis Grizzlies,train
Milwaukee Bucks,2021-05-24,Miami Heat,train
Denver Nuggets,2021-05-24,Portland Trail Blazers,train
LA Clippers,2021-05-25,Dallas Mavericks,train
Phoenix Suns,2021-05-25,Los Angeles Lakers,train
Brooklyn Nets,2021-05-25,Boston Celtics,train
Philadelphia 76ers,2021-05-26,Washington Wizards,train
New York Knicks,2021-05-26,Atlanta Hawks,train
Utah Jazz,2021-05-26,Memphis Grizzlies,train
Miami Heat,2021-05-27,Milwaukee Bucks,train
Los Angeles Lakers,2021-05-27,Phoenix Suns,train
Portland Trail Blazers,2021-05-27,Denver Nuggets,train
Atlanta Hawks,2021-05-28,New York Knicks,train
Boston Celtics,2021-05-28,Brooklyn Nets,train
Dallas Mavericks,2021-05-28,LA Clippers,train
Miami Heat,2021-05-29,Milwaukee Bucks,train
Portland Trail Blazers,2021-05-29,Denver Nuggets,train
Washington Wizards,2021-05-29,Philadelphia 76ers,train
Memphis Grizzlies,2021-05-29,Utah Jazz,train
Dallas Mavericks,2021-05-30,LA Clippers,train
Boston Celtics,2021-05-30,Brooklyn Nets,train
Los Angeles Lakers,2021-05-30,Phoenix Suns,train
Atlanta Hawks,2021-05-30,New York Knicks,train
Washington Wizards,2021-05-31,Philadelphia 76ers,train
Memphis Grizzlies,2021-05-31,Utah Jazz,train
Brooklyn Nets,2021-06-01,Boston Celtics,train
Denver Nuggets,2021-06-01,Portland Trail Blazers,train
Phoenix Suns,2021-06-01,Los Angeles Lakers,train
New York Knicks,2021-06-02,Atlanta Hawks,train
LA Clippers,2021-06-02,Dallas Mavericks,train
Utah Jazz,2021-06-02,Memphis Grizzlies,train
Philadelphia 76ers,2021-06-02,Washington Wizards,train
Los Angeles Lakers,2021-06-03,Phoenix Suns,train
Portland Trail Blazers,2021-06-03,Denver Nuggets,train
Dallas Mavericks,2021-06-04,LA Clippers,train
Brooklyn Nets,2021-06-05,Milwaukee Bucks,train
Philadelphia 76ers,2021-06-06,Atlanta Hawks,train
LA Clippers,2021-06-06,Dallas Mavericks,train
Brooklyn Nets,2021-06-07,Milwaukee Bucks,train
Phoenix Suns,2021-06-07,Denver Nuggets,train
Philadelphia 76ers,2021-06-08,Atlanta Hawks,train
Utah Jazz,2021-06-08,LA Clippers,train
Phoenix Suns,2021-06-09,Denver Nuggets,train
Milwaukee Bucks,2021-06-10,Brooklyn Nets,train
Utah Jazz,2021-06-10,LA Clippers,train
Atlanta Hawks,2021-06-11,Philadelphia 76ers,train
Denver Nuggets,2021-06-11,Phoenix Suns,train
LA Clippers,2021-06-12,Utah Jazz,train
Milwaukee Bucks,2021-06-13,Brooklyn Nets,train
Denver Nuggets,2021-06-13,Phoenix Suns,train
LA Clippers,2021-06-14,Utah Jazz,train
Atlanta Hawks,2021-06-14,Philadelphia 76ers,train
Brooklyn Nets,2021-06-15,Milwaukee Bucks,train
Philadelphia 76ers,2021-06-16,Atlanta Hawks,train
Utah Jazz,2021-06-16,LA Clippers,train
Milwaukee Bucks,2021-06-17,Brooklyn Nets,train
Atlanta Hawks,2021-06-18,Philadelphia 76ers,train
LA Clippers,2021-06-18,Utah Jazz,train
Brooklyn Nets,2021-06-19,Milwaukee Bucks,train
Philadelphia 76ers,2021-06-20,Atlanta Hawks,train
Phoenix Suns,2021-06-20,LA Clippers,train
Phoenix Suns,2021-06-22,LA Clippers,train
Milwaukee Bucks,2021-06-23,Atlanta Hawks,train
LA Clippers,2021-06-24,Phoenix Suns,train
Milwaukee Bucks,2021-06-25,Atlanta Hawks,train
LA Clippers,2021-06-26,Phoenix Suns,train
Atlanta Hawks,2021-06-27,Milwaukee Bucks,train
Phoenix Suns,2021-06-28,LA Clippers,train
Atlanta Hawks,2021-06-29,Milwaukee Bucks,train
LA Clippers,2021-06-30,Phoenix Suns,train
Milwaukee Bucks,2021-07-01,Atlanta Hawks,train
Atlanta Hawks,2021-07-03,Milwaukee Bucks,train
Phoenix Suns,2021-07-06,Milwaukee Bucks,train
Phoenix Suns,2021-07-08,Milwaukee Bucks,train
Milwaukee Bucks,2021-07-11,Phoenix Suns,train
Milwaukee Bucks,2021-07-14,Phoenix Suns,train
Phoenix Suns,2021-07-17,Milwaukee Bucks,train
Milwaukee Bucks,2021-07-20,Phoenix Suns,train
Los Angeles Lakers,2021-10-22,Phoenix Suns,train
Chicago Bulls,2021-10-22,New Orleans Pelicans,train
Sacramento Kings,2021-10-22,Utah Jazz,train
Houston Rockets,2021-10-22,Oklahoma City Thunder,train
Denver Nuggets,2021-10-22,San Antonio Spurs,train
Boston Celtics,2021-10-22,Toronto Raptors,train
Washington Wizards,2021-10-22,Indiana Pacers,train
Philadelphia 76ers,2021-10-22,Brooklyn Nets,train
Cleveland Cavaliers,2021-10-22,Charlotte Hornets,train
Orlando Magic,2021-10-22,New York Knicks,train
Cleveland Cavaliers,2021-10-23,Atlanta Hawks,train
Indiana Pacers,2021-10-23,Miami Heat,train
Toronto Raptors,2021-10-23,Dallas Mavericks,train
Minnesota Timberwolves,2021-10-23,New Orleans Pelicans,train
Chicago Bulls,2021-10-23,Detroit Pistons,train
San Antonio Spurs,2021-10-23,Milwaukee Bucks,train
Portland Trail Blazers,2021-10-23,Phoenix Suns,train
LA Clippers,2021-10-23,Memphis Grizzlies,train
Sacramento Kings,2021-10-24,Golden State Warriors,train
Oklahoma City Thunder,2021-10-24,Philadelphia 76ers,train
Los Angeles Lakers,2021-10-24,Memphis Grizzlies,train
New York Knicks,2021-10-24,Orlando Magic,train
Brooklyn Nets,2021-10-24,Charlotte Hornets,train
Houston Rockets,2021-10-24,Boston Celtics,train
LA Clippers,2021-10-25,Portland Trail Blazers,train
Minnesota Timberwolves,2021-10-25,New Orleans Pelicans,train
Brooklyn Nets,2021-10-25,Washington Wizards,train
Atlanta Hawks,2021-10-25,Detroit Pistons,train
Denver Nuggets,2021-10-25,Cleveland Cavaliers,train
Miami Heat,2021-10-25,Orlando Magic,train
Charlotte Hornets,2021-10-25,Boston Celtics,train
Indiana Pacers,2021-10-25,Milwaukee Bucks,train
Toronto Raptors,2021-10-25,Chicago Bulls,train
New York Knicks,2021-10-26,Philadelphia 76ers,train
Oklahoma City Thunder,2021-10-26,Golden State Warriors,train
Dallas Mavericks,2021-10-26,Houston Rockets,train
San Antonio Spurs,2021-10-26,Los Angeles Lakers,train
Utah Jazz,2021-10-26,Denver Nuggets,train
Milwaukee Bucks,2021-10-27,Minnesota Timberwolves,train
LA Clippers,2021-10-27,Cleveland Cavaliers,train
Portland Trail Blazers,2021-10-27,Memphis Grizzlies,train
Phoenix Suns,2021-10-27,Sacramento Kings,train
Oklahoma City Thunder,2021-10-27,Los Angeles Lakers,train
Orlando Magic,2021-10-27,Charlotte Hornets,train
New Orleans Pelicans,2021-10-27,Atlanta Hawks,train
Toronto Raptors,2021-10-27,Indiana Pacers,train
Brooklyn Nets,2021-10-27,Miami Heat,train
Boston Celtics,2021-10-27,Washington Wizards,train
Philadelphia 76ers,2021-10-28,Detroit Pistons,train
Washington Wizards,2021-10-28,Atlanta Hawks,train
Chicago Bulls,2021-10-28,New York Knicks,train
Houston Rockets,2021-10-28,Utah Jazz,train
Dallas Mavericks,2021-10-28,San Antonio Spurs,train
Golden State Warriors,2021-10-28,Memphis Grizzlies,train
Los Angeles Lakers,2021-10-29,Cleveland Cavaliers,train
Denver Nuggets,2021-10-29,Dallas Mavericks,train
Portland Trail Blazers,2021-10-29,LA Clippers,train
New Orleans Pelicans,2021-10-29,Sacramento Kings,train
Miami Heat,2021-10-29,Charlotte Hornets,train
Toronto Raptors,2021-10-29,Orlando Magic,train
Brooklyn Nets,2021-10-29,Indiana Pacers,train
Minnesota Timberwolves,2021-10-30,Denver Nuggets,train
Washington Wizards,2021-10-30,Boston Celtics,train
Detroit Pistons,2021-10-30,Orlando Magic,train
New Orleans Pelicans,2021-10-30,New York Knicks,train
Indiana Pacers,2021-10-30,Toronto Raptors,train
Philadelphia 76ers,2021-10-30,Atlanta Hawks,train
Chicago Bulls,2021-10-30,Utah Jazz,train
Milwaukee Bucks,2021-10-30,San Antonio Spurs,train
Memphis Grizzlies,2021-10-30,Miami Heat,train
Golden State Warriors,2021-10-30,Oklahoma City Thunder,train
Phoenix Suns,2021-10-30,Cleveland Cavaliers,train
Los Angeles Lakers,2021-10-31,Houston Rockets,train
Brooklyn Nets,2021-10-31,Detroit Pistons,train
Milwaukee Bucks,2021-10-31,Utah Jazz,train
Charlotte Hornets,2021-10-31,Portland Trail Blazers,train
Dallas Mavericks,2021-10-31,Sacramento Kings,train
Charlotte Hornets,2021-11-01,Cleveland Cavaliers,train
Philadelphia 76ers,2021-11-01,Portland Trail Blazers,train
Indiana Pacers,2021-11-01,San Antonio Spurs,train
New York Knicks,2021-11-01,Toronto Raptors,train
Atlanta Hawks,2021-11-01,Washington Wizards,train
Boston Celtics,2021-11-01,Chicago Bulls,train
Memphis Grizzlies,2021-11-01,Denver Nuggets,train
Minnesota Timberwolves,2021-11-01,Orlando Magic,train
LA Clippers,2021-11-01,Oklahoma City Thunder,train
Los Angeles Lakers,2021-11-02,Houston Rockets,train
Utah Jazz,2021-11-02,Sacramento Kings,train
Phoenix Suns,2021-11-02,New Orleans Pelicans,train
Detroit Pistons,2021-11-02,Milwaukee Bucks,train
Dallas Mavericks,2021-11-02,Miami Heat,train
Cleveland Cavaliers,2021-11-03,Portland Trail Blazers,train
Orlando Magic,2021-11-03,Boston Celtics,train
Washington Wizards,2021-11-03,Toronto Raptors,train
Philadelphia 76ers,2021-11-03,Chicago Bulls,train
Indiana Pacers,2021-11-03,New York Knicks,train
Brooklyn Nets,2021-11-03,Atlanta Hawks,train
Memphis Grizzlies,2021-11-03,Denver Nuggets,train
Minnesota Timberwolves,2021-11-03,LA Clippers,train
San Antonio Spurs,2021-11-03,Dallas Mavericks,train
Sacramento Kings,2021-11-03,New Orleans Pelicans,train
Golden State Warriors,2021-11-03,Charlotte Hornets,train
Los Angeles Lakers,2021-11-04,Oklahoma City Thunder,train
Phoenix Suns,2021-11-04,Houston Rockets,train
Atlanta Hawks,2021-11-04,Utah Jazz,train
Detroit Pistons,2021-11-04,Philadelphia 76ers,train
Miami Heat,2021-11-04,Boston Celtics,train
Orlando Magic,2021-11-05,San Antonio Spurs,train
Detroit Pistons,2021-11-05,Brooklyn Nets,train
Washington Wizards,2021-11-05,Memphis Grizzlies,train
Milwaukee Bucks,2021-11-05,New York Knicks,train
Toronto Raptors,2021-11-05,Cleveland Cavaliers,train
Minnesota Timberwolves,2021-11-05,LA Clippers,train
Golden State Warriors,2021-11-05,New Orleans Pelicans,train
Sacramento Kings,2021-11-05,Charlotte Hornets,train
Portland Trail Blazers,2021-11-05,Indiana Pacers,train
Chicago Bulls,2021-11-06,Philadelphia 76ers,train
Portland Trail Blazers,2021-11-06,Los Angeles Lakers,train
Phoenix Suns,2021-11-06,Atlanta Hawks,train
Miami Heat,2021-11-06,Utah Jazz,train
Denver Nuggets,2021-11-06,Houston Rockets,train
Dallas Mavericks,2021-11-06,Boston Celtics,train
Golden State Warriors,2021-11-07,Houston Rockets,train
Toronto Raptors,2021-11-07,Brooklyn Nets,train
Sacramento Kings,2021-11-07,Indiana Pacers,train
New York Knicks,2021-11-07,Cleveland Cavaliers,train
Orlando Magic,2021-11-07,Utah Jazz,train
Washington Wizards,2021-11-07,Milwaukee Bucks,train
Oklahoma City Thunder,2021-11-07,San Antonio Spurs,train
LA Clippers,2021-11-07,Charlotte Hornets,train
Golden State Warriors,2021-11-08,Atlanta Hawks,train
Sacramento Kings,2021-11-08,Phoenix Suns,train
Denver Nuggets,2021-11-08,Miami Heat,train
Los Angeles Lakers,2021-11-08,Charlotte Hornets,train
Memphis Grizzlies,2021-11-08,Minnesota Timberwolves,train
Chicago Bulls,2021-11-08,Brooklyn Nets,train
Philadelphia 76ers,2021-11-08,New York Knicks,train
Dallas Mavericks,2021-11-08,New Orleans Pelicans,train
Philadelphia 76ers,2021-11-09,Milwaukee Bucks,train
Utah Jazz,2021-11-09,Atlanta Hawks,train
LA Clippers,2021-11-09,Portland Trail Blazers,train
Los Angeles Lakers,2021-11-10,Miami Heat,train
Golden State Warriors,2021-11-10,Minnesota Timberwolves,train
Denver Nuggets,2021-11-10,Indiana Pacers,train
Phoenix Suns,2021-11-10,Portland Trail Blazers,train
San Antonio Spurs,2021-11-10,Sacramento Kings,train
Chicago Bulls,2021-11-10,Dallas Mavericks,train
New Orleans Pelicans,2021-11-10,Oklahoma City Thunder,train
Memphis Grizzlies,2021-11-10,Charlotte Hornets,train
Houston Rockets,2021-11-10,Detroit Pistons,train
New York Knicks,2021-11-10,Milwaukee Bucks,train
Boston Celtics,2021-11-10,Toronto Raptors,train
Orlando Magic,2021-11-10,Brooklyn Nets,train
Cleveland Cavaliers,2021-11-10,Washington Wizards,train
Philadelphia 76ers,2021-11-11,Toronto Raptors,train
Utah Jazz,2021-11-11,Indiana Pacers,train
LA Clippers,2021-11-11,Miami Heat,train
Golden State Warriors,2021-11-12,Chicago Bulls,train
Denver Nuggets,2021-11-12,Atlanta Hawks,train
San Antonio Spurs,2021-11-12,Dallas Mavericks,train
Oklahoma City Thunder,2021-11-12,Sacramento Kings,train
Memphis Grizzlies,2021-11-12,Phoenix Suns,train
Los Angeles Lakers,2021-11-12,Minnesota Timberwolves,train
Houston Rockets,2021-11-12,Portland Trail Blazers,train
Boston Celtics,2021-11-12,Milwaukee Bucks,train
Cleveland Cavaliers,2021-11-12,Detroit Pistons,train
Charlotte Hornets,2021-11-12,New York Knicks,train
New Orleans Pelicans,2021-11-12,Brooklyn Nets,train
Utah Jazz,2021-11-13,Miami Heat,train
Orlando Magic,2021-11-13,Washington Wizards,train
Indiana Pacers,2021-11-13,Philadelphia 76ers,train
New Orleans Pelicans,2021-11-13,Memphis Grizzlies,train
Toronto Raptors,2021-11-13,Detroit Pistons,train
Cleveland Cavaliers,2021-11-13,Boston Celtics,train
LA Clippers,2021-11-13,Minnesota Timberwolves,train
Denver Nuggets,2021-11-14,Portland Trail Blazers,train
Oklahoma City Thunder,2021-11-14,Brooklyn Nets,train
Houston Rockets,2021-11-14,Phoenix Suns,train
LA Clippers,2021-11-14,Chicago Bulls,train
Atlanta Hawks,2021-11-14,Milwaukee Bucks,train
Los Angeles Lakers,2021-11-14,San Antonio Spurs,train
Charlotte Hornets,2021-11-14,Golden State Warriors,train
Los Angeles Lakers,2021-11-15,Chicago Bulls,train
Portland Trail Blazers,2021-11-15,Toronto Raptors,train
Oklahoma City Thunder,2021-11-15,Miami Heat,train
Dallas Mavericks,2021-11-15,Denver Nuggets,train
Memphis Grizzlies,2021-11-15,Houston Rockets,train
Minnesota Timberwolves,2021-11-15,Phoenix Suns,train
New York Knicks,2021-11-15,Indiana Pacers,train
Detroit Pistons,2021-11-15,Sacramento Kings,train
Cleveland Cavaliers,2021-11-15,Boston Celtics,train
Washington Wizards,2021-11-15,New Orleans Pelicans,train
Atlanta Hawks,2021-11-15,Orlando Magic,train
Brooklyn Nets,2021-11-16,Golden State Warriors,train
Utah Jazz,2021-11-16,Philadelphia 76ers,train
LA Clippers,2021-11-16,San Antonio Spurs,train
Milwaukee Bucks,2021-11-17,Los Angeles Lakers,train
Portland Trail Blazers,2021-11-17,Chicago Bulls,train
Minnesota Timberwolves,2021-11-17,Sacramento Kings,train
Oklahoma City Thunder,2021-11-17,Houston Rockets,train
Atlanta Hawks,2021-11-17,Boston Celtics,train
Phoenix Suns,2021-11-17,Dallas Mavericks,train
New York Knicks,2021-11-17,Orlando Magic,train
Detroit Pistons,2021-11-17,Indiana Pacers,train
Brooklyn Nets,2021-11-17,Cleveland Cavaliers,train
Miami Heat,2021-11-17,New Orleans Pelicans,train
Charlotte Hornets,2021-11-17,Washington Wizards,train
Miami Heat,2021-11-18,Washington Wizards,train
Cleveland Cavaliers,2021-11-18,Golden State Warriors,train
Minnesota Timberwolves,2021-11-18,San Antonio Spurs,train
Memphis Grizzlies,2021-11-18,LA Clippers,train
Denver Nuggets,2021-11-18,Philadelphia 76ers,train
Utah Jazz,2021-11-18,Toronto Raptors,train
New Orleans Pelicans,2021-11-19,LA Clippers,train
Sacramento Kings,2021-11-19,Toronto Raptors,train
Phoenix Suns,2021-11-19,Dallas Mavericks,train
Denver Nuggets,2021-11-19,Chicago Bulls,train
Boston Celtics,2021-11-19,Los Angeles Lakers,train
Brooklyn Nets,2021-11-19,Orlando Magic,train
Detroit Pistons,2021-11-19,Golden State Warriors,train
Charlotte Hornets,2021-11-19,Indiana Pacers,train
Milwaukee Bucks,2021-11-19,Oklahoma City Thunder,train
Portland Trail Blazers,2021-11-20,Philadelphia 76ers,train
Milwaukee Bucks,2021-11-20,Orlando Magic,train
Sacramento Kings,2021-11-20,Utah Jazz,train
Minnesota Timberwolves,2021-11-20,Memphis Grizzlies,train
New York Knicks,2021-11-20,Houston Rockets,train
Atlanta Hawks,2021-11-20,Charlotte Hornets,train
Washington Wizards,2021-11-20,Miami Heat,train
Indiana Pacers,2021-11-20,New Orleans Pelicans,train
Boston Celtics,2021-11-20,Oklahoma City Thunder,train
Golden State Warriors,2021-11-21,Toronto Raptors,train
Phoenix Suns,2021-11-21,Denver Nuggets,train
Chicago Bulls,2021-11-21,New York Knicks,train
LA Clippers,2021-11-21,Dallas Mavericks,train
Detroit Pistons,2021-11-21,Los Angeles Lakers,train
Sacramento Kings,2021-11-22,Philadelphia 76ers,train
New Orleans Pelicans,2021-11-22,Minnesota Timberwolves,train
Utah Jazz,2021-11-22,Memphis Grizzlies,train
San Antonio Spurs,2021-11-22,Phoenix Suns,train
Milwaukee Bucks,2021-11-22,Orlando Magic,train
Cleveland Cavaliers,2021-11-22,Brooklyn Nets,train
Boston Celtics,2021-11-22,Houston Rockets,train
Atlanta Hawks,2021-11-22,Oklahoma City Thunder,train
Washington Wizards,2021-11-22,Charlotte Hornets,train
Chicago Bulls,2021-11-22,Indiana Pacers,train
Detroit Pistons,2021-11-23,Miami Heat,train
New York Knicks,2021-11-23,Los Angeles Lakers,train
Portland Trail Blazers,2021-11-23,Denver Nuggets,train
LA Clippers,2021-11-23,Dallas Mavericks,train
Golden State Warriors,2021-11-24,Philadelphia 76ers,train
Sacramento Kings,2021-11-24,Portland Trail Blazers,train
San Antonio Spurs,2021-11-24,Atlanta Hawks,train
New Orleans Pelicans,2021-11-24,Washington Wizards,train
Memphis Grizzlies,2021-11-24,Toronto Raptors,train
Minnesota Timberwolves,2021-11-24,Miami Heat,train
Milwaukee Bucks,2021-11-24,Detroit Pistons,train
Oklahoma City Thunder,2021-11-24,Utah Jazz,train
Boston Celtics,2021-11-24,Brooklyn Nets,train
Orlando Magic,2021-11-24,Charlotte Hornets,train
Cleveland Cavaliers,2021-11-24,Phoenix Suns,train
Indiana Pacers,2021-11-24,Los Angeles Lakers,train
Houston Rockets,2021-11-24,Chicago Bulls,train
San Antonio Spurs,2021-11-26,Boston Celtics,train
Golden State Warriors,2021-11-26,Portland Trail Blazers,train
Denver Nuggets,2021-11-26,Milwaukee Bucks,train
Utah Jazz,2021-11-26,New Orleans Pelicans,train
Los Angeles Lakers,2021-11-26,Sacramento Kings,train
Oklahoma City Thunder,2021-11-26,Washington Wizards,train
Memphis Grizzlies,2021-11-26,Atlanta Hawks,train
Orlando Magic,2021-11-26,Chicago Bulls,train
New York Knicks,2021-11-26,Phoenix Suns,train
Charlotte Hornets,2021-11-26,Minnesota Timberwolves,train
LA Clippers,2021-11-26,Detroit Pistons,train
Indiana Pacers,2021-11-26,Toronto Raptors,train
Philadelphia 76ers,2021-11-27,Minnesota Timberwolves,train
Atlanta Hawks,2021-11-27,New York Knicks,train
Brooklyn Nets,2021-11-27,Phoenix Suns,train
Houston Rockets,2021-11-27,Charlotte Hornets,train
Chicago Bulls,2021-11-27,Miami Heat,train
Cleveland Cavaliers,2021-11-27,Orlando Magic,train
Dallas Mavericks,2021-11-27,Washington Wizards,train
Utah Jazz,2021-11-27,New Orleans Pelicans,train
Toronto Raptors,2021-11-28,Boston Celtics,train
Memphis Grizzlies,2021-11-28,Sacramento Kings,train
Los Angeles Lakers,2021-11-28,Detroit Pistons,train
LA Clippers,2021-11-28,Golden State Warriors,train
Indiana Pacers,2021-11-28,Milwaukee Bucks,train
LA Clippers,2021-11-29,New Orleans Pelicans,train
San Antonio Spurs,2021-11-29,Washington Wizards,train
Dallas Mavericks,2021-11-29,Cleveland Cavaliers,train
Chicago Bulls,2021-11-29,Charlotte Hornets,train
Utah Jazz,2021-11-29,Portland Trail Blazers,train
Houston Rockets,2021-11-29,Oklahoma City Thunder,train
Miami Heat,2021-11-29,Denver Nuggets,train
Philadelphia 76ers,2021-11-29,Orlando Magic,train
Minnesota Timberwolves,2021-11-29,Indiana Pacers,train
Toronto Raptors,2021-11-30,Memphis Grizzlies,train
Brooklyn Nets,2021-11-30,New York Knicks,train
Sacramento Kings,2021-11-30,Los Angeles Lakers,train
Phoenix Suns,2021-11-30,Golden State Warriors,train
Portland Trail Blazers,2021-11-30,Detroit Pistons,train
Oklahoma City Thunder,2021-12-01,Houston Rockets,train
LA Clippers,2021-12-01,Sacramento Kings,train
Milwaukee Bucks,2021-12-01,Charlotte Hornets,train
New Orleans Pelicans,2021-12-01,Dallas Mavericks,train
Washington Wizards,2021-12-01,Minnesota Timberwolves,train
Boston Celtics,2021-12-01,Philadelphia 76ers,train
Orlando Magic,2021-12-01,Denver Nuggets,train
Indiana Pacers,2021-12-01,Atlanta Hawks,train
Miami Heat,2021-12-01,Cleveland Cavaliers,train
New York Knicks,2021-12-02,Chicago Bulls,train
Toronto Raptors,2021-12-02,Milwaukee Bucks,train
Memphis Grizzlies,2021-12-02,Oklahoma City Thunder,train
Phoenix Suns,2021-12-02,Detroit Pistons,train
Portland Trail Blazers,2021-12-02,San Antonio Spurs,train
Los Angeles Lakers,2021-12-03,LA Clippers,train
Golden State Warriors,2021-12-03,Phoenix Suns,train
Utah Jazz,2021-12-03,Boston Celtics,train
Houston Rockets,2021-12-03,Orlando Magic,train
Dallas Mavericks,2021-12-03,New Orleans Pelicans,train
Atlanta Hawks,2021-12-03,Philadelphia 76ers,train
Washington Wizards,2021-12-03,Cleveland Cavaliers,train
Indiana Pacers,2021-12-03,Miami Heat,train
Brooklyn Nets,2021-12-03,Minnesota Timberwolves,train
New York Knicks,2021-12-04,Denver Nuggets,train
Brooklyn Nets,2021-12-04,Chicago Bulls,train
Milwaukee Bucks,2021-12-04,Miami Heat,train
Dallas Mavericks,2021-12-04,Memphis Grizzlies,train
Golden State Warriors,2021-12-04,San Antonio Spurs,train
Portland Trail Blazers,2021-12-04,Boston Celtics,train
Sacramento Kings,2021-12-04,LA Clippers,train
Houston Rockets,2021-12-05,New Orleans Pelicans,train
Cleveland Cavaliers,2021-12-05,Utah Jazz,train
Toronto Raptors,2021-12-05,Washington Wizards,train
Atlanta Hawks,2021-12-05,Charlotte Hornets,train
Milwaukee Bucks,2021-12-06,Cleveland Cavaliers,train
Minnesota Timberwolves,2021-12-06,Atlanta Hawks,train
Portland Trail Blazers,2021-12-06,LA Clippers,train
Phoenix Suns,2021-12-06,San Antonio Spurs,train
Golden State Warriors,2021-12-06,Orlando Magic,train
Chicago Bulls,2021-12-06,Denver Nuggets,train
Indiana Pacers,2021-12-06,Washington Wizards,train
Detroit Pistons,2021-12-06,Oklahoma City Thunder,train
Charlotte Hornets,2021-12-06,Philadelphia 76ers,train
Miami Heat,2021-12-06,Memphis Grizzlies,train
Dallas Mavericks,2021-12-07,Brooklyn Nets,train
San Antonio Spurs,2021-12-07,New York Knicks,train
Los Angeles Lakers,2021-12-07,Boston Celtics,train
LA Clippers,2021-12-08,Boston Celtics,train
Golden State Warriors,2021-12-08,Portland Trail Blazers,train
Sacramento Kings,2021-12-08,Orlando Magic,train
New Orleans Pelicans,2021-12-08,Denver Nuggets,train
Memphis Grizzlies,2021-12-08,Dallas Mavericks,train
Minnesota Timberwolves,2021-12-08,Utah Jazz,train
Houston Rockets,2021-12-08,Brooklyn Nets,train
Miami Heat,2021-12-08,Milwaukee Bucks,train
Toronto Raptors,2021-12-08,Oklahoma City Thunder,train
Charlotte Hornets,2021-12-08,Philadelphia 76ers,train
Detroit Pistons,2021-12-08,Washington Wizards,train
Cleveland Cavaliers,2021-12-08,Chicago Bulls,train
Indiana Pacers,2021-12-08,New York Knicks,train
Philadelphia 76ers,2021-12-09,Utah Jazz,train
Memphis Grizzlies,2021-12-09,Los Angeles Lakers,train
San Antonio Spurs,2021-12-09,Denver Nuggets,train
Phoenix Suns,2021-12-10,Boston Celtics,train
Oklahoma City Thunder,2021-12-10,Los Angeles Lakers,train
Houston Rockets,2021-12-10,Milwaukee Bucks,train
Minnesota Timberwolves,2021-12-10,Cleveland Cavaliers,train
New Orleans Pelicans,2021-12-10,Detroit Pistons,train
Atlanta Hawks,2021-12-10,Brooklyn Nets,train
Indiana Pacers,2021-12-10,Dallas Mavericks,train
Toronto Raptors,2021-12-10,New York Knicks,train
Charlotte Hornets,2021-12-10,Sacramento Kings,train
LA Clippers,2021-12-11,Orlando Magic,train
Washington Wizards,2021-12-11,Utah Jazz,train
Memphis Grizzlies,2021-12-11,Houston Rockets,train
Miami Heat,2021-12-11,Chicago Bulls,train
Cleveland Cavaliers,2021-12-11,Sacramento Kings,train
Philadelphia 76ers,2021-12-11,Golden State Warriors,train
San Antonio Spurs,2021-12-11,Denver Nuggets,train
Portland Trail Blazers,2021-12-12,Minnesota Timberwolves,train
Oklahoma City Thunder,2021-12-12,Dallas Mavericks,train
Los Angeles Lakers,2021-12-12,Orlando Magic,train
Detroit Pistons,2021-12-12,Brooklyn Nets,train
New York Knicks,2021-12-12,Milwaukee Bucks,train
San Antonio Spurs,2021-12-12,New Orleans Pelicans,train
LA Clippers,2021-12-13,Phoenix Suns,train
Denver Nuggets,2021-12-13,Washington Wizards,train
Memphis Grizzlies,2021-12-13,Philadelphia 76ers,train
Boston Celtics,2021-12-13,Milwaukee Bucks,train
Dallas Mavericks,2021-12-13,Charlotte Hornets,train
Toronto Raptors,2021-12-13,Sacramento Kings,train
Indiana Pacers,2021-12-13,Golden State Warriors,train
Cleveland Cavaliers,2021-12-13,Miami Heat,train
Atlanta Hawks,2021-12-13,Houston Rockets,train
New York Knicks,2021-12-14,Golden State Warriors,train
Brooklyn Nets,2021-12-14,Toronto Raptors,train
Portland Trail Blazers,2021-12-14,Phoenix Suns,train
Denver Nuggets,2021-12-15,Minnesota Timberwolves,train
Portland Trail Blazers,2021-12-15,Memphis Grizzlies,train
Utah Jazz,2021-12-15,LA Clippers,train
Sacramento Kings,2021-12-15,Washington Wizards,train
Milwaukee Bucks,2021-12-15,Indiana Pacers,train
San Antonio Spurs,2021-12-15,Charlotte Hornets,train
Oklahoma City Thunder,2021-12-15,New Orleans Pelicans,train
Dallas Mavericks,2021-12-15,Los Angeles Lakers,train
Philadelphia 76ers,2021-12-15,Miami Heat,train
Cleveland Cavaliers,2021-12-15,Houston Rockets,train
Orlando Magic,2021-12-15,Atlanta Hawks,train
Indiana Pacers,2021-12-16,Detroit Pistons,train
Brooklyn Nets,2021-12-16,Philadelphia 76ers,train
Houston Rockets,2021-12-16,New York Knicks,train
Phoenix Suns,2021-12-16,Washington Wizards,train
Sacramento Kings,2021-12-17,Memphis Grizzlies,train
Portland Trail Blazers,2021-12-17,Charlotte Hornets,train
Utah Jazz,2021-12-17,San Antonio Spurs,train
New Orleans Pelicans,2021-12-17,Milwaukee Bucks,train
Boston Celtics,2021-12-17,Golden State Warriors,train
Atlanta Hawks,2021-12-17,Denver Nuggets,train
Orlando Magic,2021-12-17,Miami Heat,train
Minnesota Timberwolves,2021-12-17,Los Angeles Lakers,train
Utah Jazz,2021-12-18,Washington Wizards,train
Boston Celtics,2021-12-18,New York Knicks,train
Oklahoma City Thunder,2021-12-18,LA Clippers,train
Milwaukee Bucks,2021-12-18,Cleveland Cavaliers,train
Brooklyn Nets,2021-12-18,Orlando Magic,train
Detroit Pistons,2021-12-18,Houston Rockets,train
Toronto Raptors,2021-12-18,Golden State Warriors,train
Chicago Bulls,2021-12-19,Los Angeles Lakers,train
Sacramento Kings,2021-12-19,San Antonio Spurs,train
Memphis Grizzlies,2021-12-19,Portland Trail Blazers,train
Detroit Pistons,2021-12-19,Miami Heat,train
Minnesota Timberwolves,2021-12-19,Dallas Mavericks,train
Phoenix Suns,2021-12-19,Charlotte Hornets,train
Golden State Warriors,2021-12-20,Sacramento Kings,train
LA Clippers,2021-12-20,San Antonio Spurs,train
Chicago Bulls,2021-12-20,Houston Rockets,train
Boston Celtics,2021-12-20,Philadelphia 76ers,train
Memphis Grizzlies,2021-12-20,Oklahoma City Thunder,train
Utah Jazz,2021-12-20,Charlotte Hornets,train
New York Knicks,2021-12-21,Detroit Pistons,train
Miami Heat,2021-12-21,Indiana Pacers,train
New Orleans Pelicans,2021-12-21,Portland Trail Blazers,train
Dallas Mavericks,2021-12-21,Minnesota Timberwolves,train
Los Angeles Lakers,2021-12-21,Phoenix Suns,train
Sacramento Kings,2021-12-22,LA Clippers,train
Oklahoma City Thunder,2021-12-22,Denver Nuggets,train
Boston Celtics,2021-12-22,Cleveland Cavaliers,train
Atlanta Hawks,2021-12-22,Orlando Magic,train
Milwaukee Bucks,2021-12-22,Houston Rockets,train
Denver Nuggets,2021-12-23,Charlotte Hornets,train
Golden State Warriors,2021-12-23,Memphis Grizzlies,train
Los Angeles Lakers,2021-12-23,San Antonio Spurs,train
Phoenix Suns,2021-12-23,Oklahoma City Thunder,train
Utah Jazz,2021-12-23,Minnesota Timberwolves,train
Indiana Pacers,2021-12-23,Houston Rockets,train
New York Knicks,2021-12-23,Washington Wizards,train
Miami Heat,2021-12-23,Detroit Pistons,train
Orlando Magic,2021-12-23,New Orleans Pelicans,train
Philadelphia 76ers,2021-12-23,Atlanta Hawks,train
Dallas Mavericks,2021-12-23,Milwaukee Bucks,train
Los Angeles Lakers,2021-12-25,Brooklyn Nets,train
New York Knicks,2021-12-25,Atlanta Hawks,train
Milwaukee Bucks,2021-12-25,Boston Celtics,train
Phoenix Suns,2021-12-25,Golden State Warriors,train
Utah Jazz,2021-12-25,Dallas Mavericks,train
Chicago Bulls,2021-12-26,Indiana Pacers,train
LA Clippers,2021-12-26,Denver Nuggets,train
Oklahoma City Thunder,2021-12-26,New Orleans Pelicans,train
San Antonio Spurs,2021-12-26,Detroit Pistons,train
Cleveland Cavaliers,2021-12-26,Toronto Raptors,train
Miami Heat,2021-12-26,Orlando Magic,train
Sacramento Kings,2021-12-26,Memphis Grizzlies,train
Washington Wizards,2021-12-26,Philadelphia 76ers,train
Charlotte Hornets,2021-12-27,Houston Rockets,train
Atlanta Hawks,2021-12-27,Chicago Bulls,train
Minnesota Timberwolves,2021-12-27,Boston Celtics,train
San Antonio Spurs,2021-12-27,Utah Jazz,train
Phoenix Suns,2021-12-27,Memphis Grizzlies,train
Portland Trail Blazers,2021-12-27,Dallas Mavericks,train
LA Clippers,2021-12-27,Brooklyn Nets,train
Sacramento Kings,2021-12-28,Oklahoma City Thunder,train
Golden State Warriors,2021-12-28,Denver Nuggets,train
Houston Rockets,2021-12-28,Los Angeles Lakers,train
New Orleans Pelicans,2021-12-28,Cleveland Cavaliers,train
Miami Heat,2021-12-28,Washington Wizards,train
Toronto Raptors,2021-12-28,Philadelphia 76ers,train
Orlando Magic,2021-12-28,Milwaukee Bucks,train
Minnesota Timberwolves,2021-12-28,New York Knicks,train
Detroit Pistons,2021-12-29,New York Knicks,train
Indiana Pacers,2021-12-29,Charlotte Hornets,train
Boston Celtics,2021-12-29,LA Clippers,train
Memphis Grizzlies,2021-12-29,Los Angeles Lakers,train
Chicago Bulls,2021-12-29,Atlanta Hawks,train
Phoenix Suns,2021-12-29,Oklahoma City Thunder,train
Portland Trail Blazers,2021-12-29,Utah Jazz,train
Sacramento Kings,2021-12-29,Dallas Mavericks,train
Orlando Magic,2021-12-30,Milwaukee Bucks,train
Brooklyn Nets,2021-12-30,Philadelphia 76ers,train
Washington Wizards,2021-12-30,Cleveland Cavaliers,train
Memphis Grizzlies,2021-12-31,San Antonio Spurs,train
Houston Rockets,2021-12-31,Miami Heat,train
Los Angeles Lakers,2021-12-31,Portland Trail Blazers,train
Utah Jazz,2021-12-31,Minnesota Timberwolves,train
Oklahoma City Thunder,2021-12-31,New York Knicks,train
Sacramento Kings,2021-12-31,Dallas Mavericks,train
Cleveland Cavaliers,2021-12-31,Atlanta Hawks,train
Indiana Pacers,2021-12-31,Chicago Bulls,train
Boston Celtics,2021-12-31,Phoenix Suns,train
Toronto Raptors,2021-12-31,LA Clippers,train
Milwaukee Bucks,2022-01-01,New Orleans Pelicans,train
Washington Wizards,2022-01-01,Chicago Bulls,train
Detroit Pistons,2022-01-01,San Antonio Spurs,train
Brooklyn Nets,2022-01-01,LA Clippers,train
Houston Rockets,2022-01-01,Denver Nuggets,train
Utah Jazz,2022-01-01,Golden State Warriors,train
Los Angeles Lakers,2022-01-02,Minnesota Timberwolves,train
Charlotte Hornets,2022-01-02,Phoenix Suns,train
Sacramento Kings,2022-01-02,Miami Heat,train
Oklahoma City Thunder,2022-01-02,Dallas Mavericks,train
Cleveland Cavaliers,2022-01-02,Indiana Pacers,train
Toronto Raptors,2022-01-02,New York Knicks,train
Boston Celtics,2022-01-02,Orlando Magic,train
Philadelphia 76ers,2022-01-03,Houston Rockets,train
Washington Wizards,2022-01-03,Charlotte Hornets,train
Brooklyn Nets,2022-01-03,Memphis Grizzlies,train
Milwaukee Bucks,2022-01-03,Detroit Pistons,train
Chicago Bulls,2022-01-03,Orlando Magic,train
New Orleans Pelicans,2022-01-03,Utah Jazz,train
Dallas Mavericks,2022-01-03,Denver Nuggets,train
Portland Trail Blazers,2022-01-03,Atlanta Hawks,train
Golden State Warriors,2022-01-03,Miami Heat,train
LA Clippers,2022-01-03,Minnesota Timberwolves,train
New Orleans Pelicans,2022-01-04,Phoenix Suns,train
Los Angeles Lakers,2022-01-04,Sacramento Kings,train
New York Knicks,2022-01-04,Indiana Pacers,train
Toronto Raptors,2022-01-04,San Antonio Spurs,train
Cleveland Cavaliers,2022-01-04,Memphis Grizzlies,train
Denver Nuggets,2022-01-05,Utah Jazz,train
Portland Trail Blazers,2022-01-05,Miami Heat,train
Milwaukee Bucks,2022-01-05,Toronto Raptors,train
Minnesota Timberwolves,2022-01-05,Oklahoma City Thunder,train
Indiana Pacers,2022-01-05,Brooklyn Nets,train
Sacramento Kings,2022-01-05,Atlanta Hawks,train
Boston Celtics,2022-01-05,San Antonio Spurs,train
Washington Wizards,2022-01-05,Houston Rockets,train
Charlotte Hornets,2022-01-05,Detroit Pistons,train
Orlando Magic,2022-01-05,Philadelphia 76ers,train
Dallas Mavericks,2022-01-05,Golden State Warriors,train
New York Knicks,2022-01-06,Boston Celtics,train
New Orleans Pelicans,2022-01-06,Golden State Warriors,train
Memphis Grizzlies,2022-01-06,Detroit Pistons,train
Phoenix Suns,2022-01-06,LA Clippers,train
Denver Nuggets,2022-01-07,Sacramento Kings,test
Los Angeles Lakers,2022-01-07,Atlanta Hawks,test
Portland Trail Blazers,2022-01-07,Cleveland Cavaliers,test
Chicago Bulls,2022-01-07,Washington Wizards,test
Brooklyn Nets,2022-01-07,Milwaukee Bucks,test
Houston Rockets,2022-01-07,Dallas Mavericks,test
Toronto Raptors,2022-01-07,Utah Jazz,test
Philadelphia 76ers,2022-01-07,San Antonio Spurs,test
Oklahoma City Thunder,2022-01-07,Minnesota Timberwolves,test
LA Clippers,2022-01-08,Memphis Grizzlies,test
Indiana Pacers,2022-01-08,Utah Jazz,test
Detroit Pistons,2022-01-08,Orlando Magic,test
Charlotte Hornets,2022-01-08,Milwaukee Bucks,test
Boston Celtics,2022-01-08,New York Knicks,test
Phoenix Suns,2022-01-08,Miami Heat,test
Brooklyn Nets,2022-01-09,San Antonio Spurs,test
Los Angeles Lakers,2022-01-09,Memphis Grizzlies,test
Portland Trail Blazers,2022-01-09,Sacramento Kings,test
Golden State Warriors,2022-01-09,Cleveland Cavaliers,test
Dallas Mavericks,2022-01-09,Chicago Bulls,test
LA Clippers,2022-01-09,Atlanta Hawks,test
Houston Rockets,2022-01-09,Minnesota Timberwolves,test
Toronto Raptors,2022-01-09,New Orleans Pelicans,test
Orlando Magic,2022-01-09,Washington Wizards,test
Oklahoma City Thunder,2022-01-09,Denver Nuggets,test
Detroit Pistons,2022-01-10,Utah Jazz,test
Charlotte Hornets,2022-01-10,Milwaukee Bucks,test
New York Knicks,2022-01-10,San Antonio Spurs,test
Boston Celtics,2022-01-10,Indiana Pacers,test
Sacramento Kings,2022-01-10,Cleveland Cavaliers,test
Houston Rockets,2022-01-10,Philadelphia 76ers,test
Portland Trail Blazers,2022-01-10,Brooklyn Nets,test
Chicago Bulls,2022-01-11,Detroit Pistons,test
LA Clippers,2022-01-11,Denver Nuggets,test
New Orleans Pelicans,2022-01-11,Minnesota Timberwolves,test
Memphis Grizzlies,2022-01-11,Golden State Warriors,test
Washington Wizards,2022-01-11,Oklahoma City Thunder,test
Toronto Raptors,2022-01-11,Phoenix Suns,test
Philadelphia 76ers,2022-01-12,Charlotte Hornets,test
Washington Wizards,2022-01-12,Orlando Magic,test
Indiana Pacers,2022-01-12,Boston Celtics,test
New York Knicks,2022-01-12,Dallas Mavericks,test
Atlanta Hawks,2022-01-12,Miami Heat,test
San Antonio Spurs,2022-01-12,Houston Rockets,test
Utah Jazz,2022-01-12,Cleveland Cavaliers,test
Sacramento Kings,2022-01-12,Los Angeles Lakers,test
Chicago Bulls,2022-01-12,Brooklyn Nets,test
Brooklyn Nets,2022-01-13,Oklahoma City Thunder,test
New Orleans Pelicans,2022-01-13,LA Clippers,test
Denver Nuggets,2022-01-13,Portland Trail Blazers,test
Milwaukee Bucks,2022-01-13,Golden State Warriors,test
Memphis Grizzlies,2022-01-13,Minnesota Timberwolves,test
Charlotte Hornets,2022-01-14,Orlando Magic,test
Detroit Pistons,2022-01-14,Toronto Raptors,test
Indiana Pacers,2022-01-14,Phoenix Suns,test
Philadelphia 76ers,2022-01-14,Boston Celtics,test
Chicago Bulls,2022-01-14,Golden State Warriors,test
Miami Heat,2022-01-14,Atlanta Hawks,test
San Antonio Spurs,2022-01-14,Cleveland Cavaliers,test
Sacramento Kings,2022-01-14,Houston Rockets,test
Memphis Grizzlies,2022-01-14,Dallas Mavericks,test
Dallas Mavericks,2022-01-15,Orlando Magic,test
Denver Nuggets,2022-01-15,Los Angeles Lakers,test
San Antonio Spurs,2022-01-15,LA Clippers,test
Boston Celtics,2022-01-15,Chicago Bulls,test
Miami Heat,2022-01-15,Philadelphia 76ers,test
Oklahoma City Thunder,2022-01-15,Cleveland Cavaliers,test
Atlanta Hawks,2022-01-15,New York Knicks,test
Brooklyn Nets,2022-01-15,New Orleans Pelicans,test
Washington Wizards,2022-01-15,Portland Trail Blazers,test
Milwaukee Bucks,2022-01-15,Toronto Raptors,test
Sacramento Kings,2022-01-16,Houston Rockets,test
Minnesota Timberwolves,2022-01-16,Golden State Warriors,test
Denver Nuggets,2022-01-16,Utah Jazz,test
Detroit Pistons,2022-01-16,Phoenix Suns,test
Los Angeles Lakers,2022-01-17,Utah Jazz,test
Dallas Mavericks,2022-01-17,Oklahoma City Thunder,test
Orlando Magic,2022-01-17,Portland Trail Blazers,test
Atlanta Hawks,2022-01-17,Milwaukee Bucks,test
LA Clippers,2022-01-17,Indiana Pacers,test
San Antonio Spurs,2022-01-17,Phoenix Suns,test
Cleveland Cavaliers,2022-01-17,Brooklyn Nets,test
Memphis Grizzlies,2022-01-17,Chicago Bulls,test
Boston Celtics,2022-01-17,New Orleans Pelicans,test
New York Knicks,2022-01-17,Charlotte Hornets,test
Miami Heat,2022-01-17,Toronto Raptors,test
Washington Wizards,2022-01-17,Philadelphia 76ers,test
New York Knicks,2022-01-18,Minnesota Timberwolves,test
Golden State Warriors,2022-01-18,Detroit Pistons,test
Los Angeles Lakers,2022-01-19,Indiana Pacers,test
Denver Nuggets,2022-01-19,LA Clippers,test
Sacramento Kings,2022-01-19,Detroit Pistons,test
San Antonio Spurs,2022-01-19,Oklahoma City Thunder,test
Dallas Mavericks,2022-01-19,Toronto Raptors,test
Milwaukee Bucks,2022-01-19,Memphis Grizzlies,test
Utah Jazz,2022-01-19,Houston Rockets,test
Atlanta Hawks,2022-01-19,Minnesota Timberwolves,test
Miami Heat,2022-01-19,Portland Trail Blazers,test
Boston Celtics,2022-01-19,Charlotte Hornets,test
Philadelphia 76ers,2022-01-19,Orlando Magic,test
Washington Wizards,2022-01-19,Brooklyn Nets,test
Chicago Bulls,2022-01-19,Cleveland Cavaliers,test
New York Knicks,2022-01-20,New Orleans Pelicans,test
Dallas Mavericks,2022-01-20,Phoenix Suns,test
Golden State Warriors,2022-01-20,Indiana Pacers,test
Denver Nuggets,2022-01-21,Memphis Grizzlies,test
Utah Jazz,2022-01-21,Detroit Pistons,test
San Antonio Spurs,2022-01-21,Brooklyn Nets,test
Milwaukee Bucks,2022-01-21,Chicago Bulls,test
Washington Wizards,2022-01-21,Toronto Raptors,test
Orlando Magic,2022-01-21,Los Angeles Lakers,test
Atlanta Hawks,2022-01-21,Miami Heat,test
Philadelphia 76ers,2022-01-21,LA Clippers,test
Charlotte Hornets,2022-01-21,Oklahoma City Thunder,test
Boston Celtics,2022-01-21,Portland Trail Blazers,test
Golden State Warriors,2022-01-21,Houston Rockets,test
Phoenix Suns,2022-01-22,Indiana Pacers,test
Cleveland Cavaliers,2022-01-22,Oklahoma City Thunder,test
Milwaukee Bucks,2022-01-22,Sacramento Kings,test
New York Knicks,2022-01-23,LA Clippers,test
Washington Wizards,2022-01-23,Boston Celtics,test
Toronto Raptors,2022-01-23,Portland Trail Blazers,test
Orlando Magic,2022-01-23,Chicago Bulls,test
Miami Heat,2022-01-23,Los Angeles Lakers,test
Charlotte Hornets,2022-01-23,Atlanta Hawks,test
San Antonio Spurs,2022-01-23,Philadelphia 76ers,test
Dallas Mavericks,2022-01-23,Memphis Grizzlies,test
Denver Nuggets,2022-01-23,Detroit Pistons,test
Minnesota Timberwolves,2022-01-23,Brooklyn Nets,test
Golden State Warriors,2022-01-23,Utah Jazz,test
Phoenix Suns,2022-01-24,Utah Jazz,test
Oklahoma City Thunder,2022-01-24,Chicago Bulls,test
Cleveland Cavaliers,2022-01-24,New York Knicks,test
New Orleans Pelicans,2022-01-24,Indiana Pacers,test
Philadelphia 76ers,2022-01-25,New Orleans Pelicans,test
Washington Wizards,2022-01-25,LA Clippers,test
Detroit Pistons,2022-01-25,Denver Nuggets,test
Toronto Raptors,2022-01-25,Charlotte Hornets,test
Brooklyn Nets,2022-01-25,Los Angeles Lakers,test
Boston Celtics,2022-01-25,Sacramento Kings,test
Houston Rockets,2022-01-25,San Antonio Spurs,test
Golden State Warriors,2022-01-25,Dallas Mavericks,test
Portland Trail Blazers,2022-01-25,Minnesota Timberwolves,test
Brooklyn Nets,2022-01-26,Denver Nuggets,test
Portland Trail Blazers,2022-01-26,Dallas Mavericks,test
Chicago Bulls,2022-01-26,Toronto Raptors,test
Miami Heat,2022-01-26,New York Knicks,test
Utah Jazz,2022-01-26,Phoenix Suns,test
Atlanta Hawks,2022-01-26,Sacramento Kings,test
Cleveland Cavaliers,2022-01-26,Milwaukee Bucks,test
Indiana Pacers,2022-01-26,Charlotte Hornets,test
Orlando Magic,2022-01-26,LA Clippers,test
San Antonio Spurs,2022-01-26,Memphis Grizzlies,test
Philadelphia 76ers,2022-01-27,Los Angeles Lakers,test
Golden State Warriors,2022-01-27,Minnesota Timberwolves,test
New Orleans Pelicans,2022-01-28,Denver Nuggets,test
Phoenix Suns,2022-01-28,Minnesota Timberwolves,test
San Antonio Spurs,2022-01-28,Chicago Bulls,test
Oklahoma City Thunder,2022-01-28,Indiana Pacers,test
Memphis Grizzlies,2022-01-28,Utah Jazz,test
Milwaukee Bucks,2022-01-28,New York Knicks,test
Miami Heat,2022-01-28,LA Clippers,test
Atlanta Hawks,2022-01-28,Boston Celtics,test
Orlando Magic,2022-01-28,Detroit Pistons,test
Charlotte Hornets,2022-01-28,Los Angeles Lakers,test
Houston Rockets,2022-01-28,Portland Trail Blazers,test
Golden State Warriors,2022-01-29,Brooklyn Nets,test
Memphis Grizzlies,2022-01-29,Washington Wizards,test
Miami Heat,2022-01-29,Toronto Raptors,test
Dallas Mavericks,2022-01-29,Indiana Pacers,test
New Orleans Pelicans,2022-01-29,Boston Celtics,test
Philadelphia 76ers,2022-01-29,Sacramento Kings,test
Phoenix Suns,2022-01-30,San Antonio Spurs,test
Atlanta Hawks,2022-01-30,Los Angeles Lakers,test
Charlotte Hornets,2022-01-30,LA Clippers,test
Chicago Bulls,2022-01-30,Portland Trail Blazers,test
Detroit Pistons,2022-01-30,Cleveland Cavaliers,test
Milwaukee Bucks,2022-01-30,Denver Nuggets,test
Orlando Magic,2022-01-30,Dallas Mavericks,test
Minnesota Timberwolves,2022-01-30,Utah Jazz,test
Houston Rockets,2022-01-31,Golden State Warriors,test
Atlanta Hawks,2022-01-31,Toronto Raptors,test
Oklahoma City Thunder,2022-01-31,Portland Trail Blazers,test
Boston Celtics,2022-01-31,Miami Heat,test
Indiana Pacers,2022-01-31,LA Clippers,test
Philadelphia 76ers,2022-01-31,Memphis Grizzlies,test
New York Knicks,2022-01-31,Sacramento Kings,test
Cleveland Cavaliers,2022-01-31,New Orleans Pelicans,test
Detroit Pistons,2022-02-01,New Orleans Pelicans,test
Milwaukee Bucks,2022-02-01,Washington Wizards,test
Minnesota Timberwolves,2022-02-01,Denver Nuggets,test
Chicago Bulls,2022-02-01,Orlando Magic,test
San Antonio Spurs,2022-02-01,Golden State Warriors,test
Phoenix Suns,2022-02-01,Brooklyn Nets,test
Toronto Raptors,2022-02-01,Miami Heat,test
Los Angeles Lakers,2022-02-02,Portland Trail Blazers,test
Sacramento Kings,2022-02-02,Brooklyn Nets,test
Utah Jazz,2022-02-02,Denver Nuggets,test
Houston Rockets,2022-02-02,Cleveland Cavaliers,test
Dallas Mavericks,2022-02-02,Oklahoma City Thunder,test
Boston Celtics,2022-02-02,Charlotte Hornets,test
Indiana Pacers,2022-02-02,Orlando Magic,test
Philadelphia 76ers,2022-02-02,Washington Wizards,test
New York Knicks,2022-02-02,Memphis Grizzlies,test
Detroit Pistons,2022-02-03,Minnesota Timberwolves,test
Atlanta Hawks,2022-02-03,Phoenix Suns,test
LA Clippers,2022-02-03,Los Angeles Lakers,test
Golden State Warriors,2022-02-03,Sacramento Kings,test
Toronto Raptors,2022-02-03,Chicago Bulls,test
San Antonio Spurs,2022-02-03,Miami Heat,test
Utah Jazz,2022-02-04,Brooklyn Nets,test
Portland Trail Blazers,2022-02-04,Oklahoma City Thunder,test
Dallas Mavericks,2022-02-04,Philadelphia 76ers,test
San Antonio Spurs,2022-02-04,Houston Rockets,test
Denver Nuggets,2022-02-04,New Orleans Pelicans,test
Indiana Pacers,2022-02-04,Chicago Bulls,test
Detroit Pistons,2022-02-04,Boston Celtics,test
Toronto Raptors,2022-02-04,Atlanta Hawks,test
Charlotte Hornets,2022-02-04,Cleveland Cavaliers,test
Orlando Magic,2022-02-05,Memphis Grizzlies,test
Washington Wizards,2022-02-05,Phoenix Suns,test
Charlotte Hornets,2022-02-05,Miami Heat,test
Los Angeles Lakers,2022-02-05,New York Knicks,test
Sacramento Kings,2022-02-05,Oklahoma City Thunder,test
Portland Trail Blazers,2022-02-05,Milwaukee Bucks,test
Houston Rockets,2022-02-06,New Orleans Pelicans,test
Orlando Magic,2022-02-06,Boston Celtics,test
Dallas Mavericks,2022-02-06,Atlanta Hawks,test
LA Clippers,2022-02-06,Milwaukee Bucks,test
Denver Nuggets,2022-02-06,Brooklyn Nets,test
Chicago Bulls,2022-02-06,Philadelphia 76ers,test
Minnesota Timberwolves,2022-02-06,Detroit Pistons,test
Cleveland Cavaliers,2022-02-06,Indiana Pacers,test
Charlotte Hornets,2022-02-07,Toronto Raptors,test
Washington Wizards,2022-02-07,Miami Heat,test
Chicago Bulls,2022-02-07,Phoenix Suns,test
Oklahoma City Thunder,2022-02-07,Golden State Warriors,test
Utah Jazz,2022-02-07,New York Knicks,test
Sacramento Kings,2022-02-08,Minnesota Timberwolves,test
Portland Trail Blazers,2022-02-08,Orlando Magic,test
Los Angeles Lakers,2022-02-08,Milwaukee Bucks,test
Denver Nuggets,2022-02-08,New York Knicks,test
Dallas Mavericks,2022-02-08,Detroit Pistons,test
Brooklyn Nets,2022-02-08,Boston Celtics,test
New Orleans Pelicans,2022-02-08,Houston Rockets,test
Atlanta Hawks,2022-02-08,Indiana Pacers,test
Philadelphia 76ers,2022-02-08,Phoenix Suns,test
Memphis Grizzlies,2022-02-08,LA Clippers,test
Sacramento Kings,2022-02-09,Minnesota Timberwolves,test
Portland Trail Blazers,2022-02-09,Los Angeles Lakers,test
Utah Jazz,2022-02-09,Golden State Warriors,test
Oklahoma City Thunder,2022-02-09,Toronto Raptors,test
Cleveland Cavaliers,2022-02-09,San Antonio Spurs,test
Charlotte Hornets,2022-02-09,Chicago Bulls,test
Detroit Pistons,2022-02-10,Memphis Grizzlies,test
Washington Wizards,2022-02-10,Brooklyn Nets,test
New Orleans Pelicans,2022-02-10,Miami Heat,test
Houston Rockets,2022-02-10,Toronto Raptors,test
Dallas Mavericks,2022-02-10,LA Clippers,test
Phoenix Suns,2022-02-10,Milwaukee Bucks,test
Golden State Warriors,2022-02-10,New York Knicks,test
Utah Jazz,2022-02-11,Orlando Magic,test
Chicago Bulls,2022-02-11,Minnesota Timberwolves,test
Atlanta Hawks,2022-02-11,San Antonio Spurs,test
Indiana Pacers,2022-02-11,Cleveland Cavaliers,test
Detroit Pistons,2022-02-11,Charlotte Hornets,test
Philadelphia 76ers,2022-02-11,Oklahoma City Thunder,test
Boston Celtics,2022-02-11,Denver Nuggets,test
Miami Heat,2022-02-12,Brooklyn Nets,test
Phoenix Suns,2022-02-12,Orlando Magic,test
Golden State Warriors,2022-02-12,Los Angeles Lakers,test
Dallas Mavericks,2022-02-12,LA Clippers,test
Chicago Bulls,2022-02-12,Oklahoma City Thunder,test
Portland Trail Blazers,2022-02-12,New York Knicks,test
Philadelphia 76ers,2022-02-12,Cleveland Cavaliers,test
Washington Wizards,2022-02-12,Sacramento Kings,test
New Orleans Pelicans,2022-02-12,San Antonio Spurs,test
Charlotte Hornets,2022-02-12,Memphis Grizzlies,test
Toronto Raptors,2022-02-12,Denver Nuggets,test
Boston Celtics,2022-02-13,Atlanta Hawks,test
Indiana Pacers,2022-02-13,Minnesota Timberwolves,test
LA Clippers,2022-02-14,Golden State Warriors,test
Utah Jazz,2022-02-14,Houston Rockets,test
Denver Nuggets,2022-02-14,Orlando Magic,test
Chicago Bulls,2022-02-14,San Antonio Spurs,test
Brooklyn Nets,2022-02-14,Sacramento Kings,test
Milwaukee Bucks,2022-02-14,Portland Trail Blazers,test
New York Knicks,2022-02-14,Oklahoma City Thunder,test
Washington Wizards,2022-02-14,Detroit Pistons,test
New Orleans Pelicans,2022-02-14,Toronto Raptors,test
Philadelphia 76ers,2022-02-15,Boston Celtics,test
Miami Heat,2022-02-15,Dallas Mavericks,test
Atlanta Hawks,2022-02-15,Cleveland Cavaliers,test
Milwaukee Bucks,2022-02-15,Indiana Pacers,test
New Orleans Pelicans,2022-02-15,Memphis Grizzlies,test
Minnesota Timberwolves,2022-02-15,Charlotte Hornets,test
Phoenix Suns,2022-02-15,LA Clippers,test
Los Angeles Lakers,2022-02-16,Utah Jazz,test
Golden State Warriors,2022-02-16,Denver Nuggets,test
Phoenix Suns,2022-02-16,Houston Rockets,test
Minnesota Timberwolves,2022-02-16,Toronto Raptors,test
Memphis Grizzlies,2022-02-16,Portland Trail Blazers,test
Boston Celtics,2022-02-16,Detroit Pistons,test
Chicago Bulls,2022-02-16,Sacramento Kings,test
Indiana Pacers,2022-02-16,Washington Wizards,test
New York Knicks,2022-02-16,Brooklyn Nets,test
Orlando Magic,2022-02-16,Atlanta Hawks,test
Oklahoma City Thunder,2022-02-16,San Antonio Spurs,test
Charlotte Hornets,2022-02-17,Miami Heat,test
Brooklyn Nets,2022-02-17,Washington Wizards,test
New Orleans Pelicans,2022-02-17,Dallas Mavericks,test
Milwaukee Bucks,2022-02-17,Philadelphia 76ers,test
LA Clippers,2022-02-17,Houston Rockets,test
Sacramento Kings,2022-02-24,Denver Nuggets,test
Portland Trail Blazers,2022-02-24,Golden State Warriors,test
Oklahoma City Thunder,2022-02-24,Phoenix Suns,test
Minnesota Timberwolves,2022-02-24,Memphis Grizzlies,test
Brooklyn Nets,2022-02-24,Boston Celtics,test
Detroit Pistons,2022-02-24,Cleveland Cavaliers,test
Chicago Bulls,2022-02-24,Atlanta Hawks,test
Orlando Magic,2022-02-25,Houston Rockets,test
Indiana Pacers,2022-02-25,Oklahoma City Thunder,test
Charlotte Hornets,2022-02-25,Toronto Raptors,test
Washington Wizards,2022-02-25,San Antonio Spurs,test
New York Knicks,2022-02-25,Miami Heat,test
Minnesota Timberwolves,2022-02-25,Philadelphia 76ers,test
Utah Jazz,2022-02-25,Dallas Mavericks,test
Phoenix Suns,2022-02-25,New Orleans Pelicans,test
Los Angeles Lakers,2022-02-25,LA Clippers,test
Denver Nuggets,2022-02-26,Sacramento Kings,test
Milwaukee Bucks,2022-02-26,Brooklyn Nets,test
Chicago Bulls,2022-02-26,Memphis Grizzlies,test
Miami Heat,2022-02-26,San Antonio Spurs,test
Atlanta Hawks,2022-02-26,Toronto Raptors,test
Detroit Pistons,2022-02-26,Boston Celtics,test
Cleveland Cavaliers,2022-02-26,Washington Wizards,test
New York Knicks,2022-02-27,Philadelphia 76ers,test
Phoenix Suns,2022-02-27,Utah Jazz,test
Indiana Pacers,2022-02-27,Boston Celtics,test
Charlotte Hornets,2022-02-27,Detroit Pistons,test
Houston Rockets,2022-02-27,LA Clippers,test
Golden State Warriors,2022-02-27,Dallas Mavericks,test
Portland Trail Blazers,2022-02-27,Denver Nuggets,test
Los Angeles Lakers,2022-02-27,New Orleans Pelicans,test
Memphis Grizzlies,2022-02-28,San Antonio Spurs,test
Oklahoma City Thunder,2022-02-28,Sacramento Kings,test
Miami Heat,2022-02-28,Chicago Bulls,test
Milwaukee Bucks,2022-02-28,Charlotte Hornets,test
Cleveland Cavaliers,2022-02-28,Minnesota Timberwolves,test
Brooklyn Nets,2022-02-28,Toronto Raptors,test
Orlando Magic,2022-02-28,Indiana Pacers,test
Washington Wizards,2022-03-01,Detroit Pistons,test
Boston Celtics,2022-03-01,Atlanta Hawks,test
Toronto Raptors,2022-03-01,Brooklyn Nets,test
Houston Rockets,2022-03-01,LA Clippers,test
Minnesota Timberwolves,2022-03-01,Golden State Warriors,test
Los Angeles Lakers,2022-03-01,Dallas Mavericks,test
Phoenix Suns,2022-03-02,Portland Trail Blazers,test
Denver Nuggets,2022-03-02,Oklahoma City Thunder,test
Houston Rockets,2022-03-02,Utah Jazz,test
New Orleans Pelicans,2022-03-02,Sacramento Kings,test
Cleveland Cavaliers,2022-03-02,Charlotte Hornets,test
Philadelphia 76ers,2022-03-02,New York Knicks,test
Orlando Magic,2022-03-02,Indiana Pacers,test
Milwaukee Bucks,2022-03-02,Miami Heat,test
Dallas Mavericks,2022-03-03,Golden State Warriors,test
LA Clippers,2022-03-03,Los Angeles Lakers,test
San Antonio Spurs,2022-03-03,Sacramento Kings,test
Atlanta Hawks,2022-03-03,Chicago Bulls,test
Toronto Raptors,2022-03-03,Detroit Pistons,test
Brooklyn Nets,2022-03-03,Miami Heat,test
Boston Celtics,2022-03-03,Memphis Grizzlies,test
Philadelphia 76ers,2022-03-04,Cleveland Cavaliers,test
Detroit Pistons,2022-03-04,Indiana Pacers,test
Washington Wizards,2022-03-04,Atlanta Hawks,test
Chicago Bulls,2022-03-04,Milwaukee Bucks,test
Toronto Raptors,2022-03-04,Orlando Magic,test
New Orleans Pelicans,2022-03-04,Utah Jazz,test
Oklahoma City Thunder,2022-03-04,Minnesota Timberwolves,test
Denver Nuggets,2022-03-04,Houston Rockets,test
Phoenix Suns,2022-03-04,New York Knicks,test
Los Angeles Lakers,2022-03-05,Golden State Warriors,test
Minnesota Timberwolves,2022-03-05,Portland Trail Blazers,test
Miami Heat,2022-03-05,Philadelphia 76ers,test
Charlotte Hornets,2022-03-05,San Antonio Spurs,test
Dallas Mavericks,2022-03-05,Sacramento Kings,test
Memphis Grizzlies,2022-03-05,Orlando Magic,test
Boston Celtics,2022-03-06,Brooklyn Nets,test
Milwaukee Bucks,2022-03-06,Phoenix Suns,test
Washington Wizards,2022-03-06,Indiana Pacers,test
Oklahoma City Thunder,2022-03-06,Utah Jazz,test
Houston Rockets,2022-03-06,Memphis Grizzlies,test
Cleveland Cavaliers,2022-03-06,Toronto Raptors,test
Denver Nuggets,2022-03-06,New Orleans Pelicans,test
LA Clippers,2022-03-06,New York Knicks,test
Minnesota Timberwolves,2022-03-07,Portland Trail Blazers,test
Sacramento Kings,2022-03-07,New York Knicks,test
Denver Nuggets,2022-03-07,Golden State Warriors,test
Dallas Mavericks,2022-03-07,Utah Jazz,test
Detroit Pistons,2022-03-07,Atlanta Hawks,test
Miami Heat,2022-03-07,Houston Rockets,test
Philadelphia 76ers,2022-03-07,Chicago Bulls,test
San Antonio Spurs,2022-03-07,Los Angeles Lakers,test
Golden State Warriors,2022-03-08,LA Clippers,test
Charlotte Hornets,2022-03-08,Brooklyn Nets,test
Orlando Magic,2022-03-08,Phoenix Suns,test
Indiana Pacers,2022-03-08,Cleveland Cavaliers,test
Memphis Grizzlies,2022-03-08,New Orleans Pelicans,test
Oklahoma City Thunder,2022-03-08,Milwaukee Bucks,test
Utah Jazz,2022-03-09,Portland Trail Blazers,test
Dallas Mavericks,2022-03-09,New York Knicks,test
LA Clippers,2022-03-09,Washington Wizards,test
Sacramento Kings,2022-03-09,Denver Nuggets,test
Minnesota Timberwolves,2022-03-09,Oklahoma City Thunder,test
San Antonio Spurs,2022-03-09,Toronto Raptors,test
Houston Rockets,2022-03-09,Los Angeles Lakers,test
Milwaukee Bucks,2022-03-09,Atlanta Hawks,test
Miami Heat,2022-03-09,Phoenix Suns,test
Charlotte Hornets,2022-03-09,Boston Celtics,test
Detroit Pistons,2022-03-09,Chicago Bulls,test
New Orleans Pelicans,2022-03-09,Orlando Magic,test
Philadelphia 76ers,2022-03-10,Brooklyn Nets,test
Denver Nuggets,2022-03-10,Golden State Warriors,test
Los Angeles Lakers,2022-03-11,Washington Wizards,test
San Antonio Spurs,2022-03-11,Utah Jazz,test
New Orleans Pelicans,2022-03-11,Charlotte Hornets,test
Miami Heat,2022-03-11,Cleveland Cavaliers,test
Phoenix Suns,2022-03-11,Toronto Raptors,test
Houston Rockets,2022-03-11,Dallas Mavericks,test
Atlanta Hawks,2022-03-11,LA Clippers,test
Boston Celtics,2022-03-11,Detroit Pistons,test
Orlando Magic,2022-03-11,Minnesota Timberwolves,test
Memphis Grizzlies,2022-03-11,New York Knicks,test
Portland Trail Blazers,2022-03-12,Washington Wizards,test
Utah Jazz,2022-03-12,Sacramento Kings,test
Golden State Warriors,2022-03-12,Milwaukee Bucks,test
Denver Nuggets,2022-03-12,Toronto Raptors,test
Miami Heat,2022-03-12,Minnesota Timberwolves,test
San Antonio Spurs,2022-03-12,Indiana Pacers,test
Chicago Bulls,2022-03-12,Cleveland Cavaliers,test
Phoenix Suns,2022-03-13,Los Angeles Lakers,test
Brooklyn Nets,2022-03-13,New York Knicks,test
Detroit Pistons,2022-03-13,LA Clippers,test
Boston Celtics,2022-03-13,Dallas Mavericks,test
Orlando Magic,2022-03-13,Philadelphia 76ers,test
Oklahoma City Thunder,2022-03-13,Memphis Grizzlies,test
Atlanta Hawks,2022-03-13,Indiana Pacers,test
New Orleans Pelicans,2022-03-13,Houston Rockets,test
Utah Jazz,2022-03-14,Milwaukee Bucks,test
Sacramento Kings,2022-03-14,Chicago Bulls,test
Los Angeles Lakers,2022-03-14,Toronto Raptors,test
Golden State Warriors,2022-03-14,Washington Wizards,test
Philadelphia 76ers,2022-03-14,Denver Nuggets,test
Oklahoma City Thunder,2022-03-14,Charlotte Hornets,test
San Antonio Spurs,2022-03-14,Minnesota Timberwolves,test
Atlanta Hawks,2022-03-14,Portland Trail Blazers,test
Cleveland Cavaliers,2022-03-14,LA Clippers,test
Orlando Magic,2022-03-15,Brooklyn Nets,test
Indiana Pacers,2022-03-15,Memphis Grizzlies,test
Miami Heat,2022-03-15,Detroit Pistons,test
New Orleans Pelicans,2022-03-15,Phoenix Suns,test
LA Clippers,2022-03-16,Toronto Raptors,test
Golden State Warriors,2022-03-16,Boston Celtics,test
Sacramento Kings,2022-03-16,Milwaukee Bucks,test
Utah Jazz,2022-03-16,Chicago Bulls,test
San Antonio Spurs,2022-03-16,Oklahoma City Thunder,test
Minnesota Timberwolves,2022-03-16,Los Angeles Lakers,test
Brooklyn Nets,2022-03-16,Dallas Mavericks,test
New York Knicks,2022-03-16,Portland Trail Blazers,test
Cleveland Cavaliers,2022-03-16,Philadelphia 76ers,test
Washington Wizards,2022-03-16,Denver Nuggets,test
Charlotte Hornets,2022-03-16,Atlanta Hawks,test
Houston Rockets,2022-03-16,Phoenix Suns,test
Orlando Magic,2022-03-17,Detroit Pistons,test
Miami Heat,2022-03-18,Oklahoma City Thunder,test
Phoenix Suns,2022-03-18,Chicago Bulls,test
Utah Jazz,2022-03-18,LA Clippers,test
San Antonio Spurs,2022-03-18,New Orleans Pelicans,test
Houston Rockets,2022-03-18,Indiana Pacers,test
Sacramento Kings,2022-03-18,Boston Celtics,test
Atlanta Hawks,2022-03-18,Memphis Grizzlies,test
Toronto Raptors,2022-03-18,Los Angeles Lakers,test
Brooklyn Nets,2022-03-18,Portland Trail Blazers,test
Cleveland Cavaliers,2022-03-18,Denver Nuggets,test
Philadelphia 76ers,2022-03-18,Dallas Mavericks,test
New York Knicks,2022-03-18,Washington Wizards,test
Minnesota Timberwolves,2022-03-19,Milwaukee Bucks,test
Charlotte Hornets,2022-03-19,Dallas Mavericks,test
Cleveland Cavaliers,2022-03-19,Detroit Pistons,test
Washington Wizards,2022-03-19,Los Angeles Lakers,test
Golden State Warriors,2022-03-20,San Antonio Spurs,test
Denver Nuggets,2022-03-20,Boston Celtics,test
New York Knicks,2022-03-20,Utah Jazz,test
Orlando Magic,2022-03-20,Oklahoma City Thunder,test
Philadelphia 76ers,2022-03-20,Toronto Raptors,test
Sacramento Kings,2022-03-20,Phoenix Suns,test
Indiana Pacers,2022-03-20,Portland Trail Blazers,test
Houston Rockets,2022-03-20,Memphis Grizzlies,test
Atlanta Hawks,2022-03-20,New Orleans Pelicans,test
Dallas Mavericks,2022-03-21,Minnesota Timberwolves,test
Houston Rockets,2022-03-21,Washington Wizards,test
Chicago Bulls,2022-03-21,Toronto Raptors,test
Brooklyn Nets,2022-03-21,Utah Jazz,test
Oklahoma City Thunder,2022-03-21,Boston Celtics,test
Philadelphia 76ers,2022-03-21,Miami Heat,test
Cleveland Cavaliers,2022-03-21,Los Angeles Lakers,test
Detroit Pistons,2022-03-21,Portland Trail Blazers,test
Charlotte Hornets,2022-03-21,New Orleans Pelicans,test
Orlando Magic,2022-03-22,Golden State Warriors,test
New York Knicks,2022-03-22,Atlanta Hawks,test
Milwaukee Bucks,2022-03-22,Chicago Bulls,test
Denver Nuggets,2022-03-22,LA Clippers,test
Portland Trail Blazers,2022-03-23,San Antonio Spurs,test
Los Angeles Lakers,2022-03-23,Philadelphia 76ers,test
Dallas Mavericks,2022-03-23,Houston Rockets,test
Minnesota Timberwolves,2022-03-23,Phoenix Suns,test
Boston Celtics,2022-03-23,Utah Jazz,test
Oklahoma City Thunder,2022-03-23,Orlando Magic,test
Miami Heat,2022-03-23,Golden State Warriors,test
Charlotte Hornets,2022-03-23,New York Knicks,test
Indiana Pacers,2022-03-23,Sacramento Kings,test
Detroit Pistons,2022-03-23,Atlanta Hawks,test
Memphis Grizzlies,2022-03-23,Brooklyn Nets,test
Toronto Raptors,2022-03-24,Cleveland Cavaliers,test
Milwaukee Bucks,2022-03-24,Washington Wizards,test
New Orleans Pelicans,2022-03-24,Chicago Bulls,test
Memphis Grizzlies,2022-03-24,Indiana Pacers,test
Denver Nuggets,2022-03-24,Phoenix Suns,test
LA Clippers,2022-03-25,Philadelphia 76ers,test
Portland Trail Blazers,2022-03-25,Houston Rockets,test
Miami Heat,2022-03-25,New York Knicks,test
Charlotte Hornets,2022-03-25,Utah Jazz,test
Atlanta Hawks,2022-03-25,Golden State Warriors,test
Detroit Pistons,2022-03-25,Washington Wizards,test
Minnesota Timberwolves,2022-03-25,Dallas Mavericks,test
Cleveland Cavaliers,2022-03-26,Chicago Bulls,test
Portland Trail Blazers,2022-03-26,Houston Rockets,test
Denver Nuggets,2022-03-26,Oklahoma City Thunder,test
Memphis Grizzlies,2022-03-26,Milwaukee Bucks,test
New Orleans Pelicans,2022-03-26,San Antonio Spurs,test
Toronto Raptors,2022-03-26,Indiana Pacers,test
Orlando Magic,2022-03-26,Sacramento Kings,test
Miami Heat,2022-03-26,Brooklyn Nets,test
Detroit Pistons,2022-03-27,New York Knicks,test
Boston Celtics,2022-03-27,Minnesota Timberwolves,test
Washington Wizards,2022-03-27,Golden State Warriors,test
Phoenix Suns,2022-03-27,Philadelphia 76ers,test
New Orleans Pelicans,2022-03-27,Los Angeles Lakers,test
Brooklyn Nets,2022-03-27,Charlotte Hornets,test
Dallas Mavericks,2022-03-27,Utah Jazz,test
Memphis Grizzlies,2022-03-28,Golden State Warriors,test
Houston Rockets,2022-03-28,San Antonio Spurs,test
Portland Trail Blazers,2022-03-28,Oklahoma City Thunder,test
Toronto Raptors,2022-03-28,Boston Celtics,test
Cleveland Cavaliers,2022-03-28,Orlando Magic,test
Miami Heat,2022-03-28,Sacramento Kings,test
Indiana Pacers,2022-03-28,Atlanta Hawks,test
Charlotte Hornets,2022-03-28,Denver Nuggets,test
New York Knicks,2022-03-28,Chicago Bulls,test
Philadelphia 76ers,2022-03-29,Milwaukee Bucks,test
Washington Wizards,2022-03-29,Chicago Bulls,test
Dallas Mavericks,2022-03-29,Los Angeles Lakers,test
Brooklyn Nets,2022-03-29,Detroit Pistons,test
LA Clippers,2022-03-29,Utah Jazz,test
Golden State Warriors,2022-03-30,Phoenix Suns,test
Portland Trail Blazers,2022-03-30,New Orleans Pelicans,test
San Antonio Spurs,2022-03-30,Memphis Grizzlies,test
Oklahoma City Thunder,2022-03-30,Atlanta Hawks,test
Houston Rockets,2022-03-30,Sacramento Kings,test
Boston Celtics,2022-03-30,Miami Heat,test
New York Knicks,2022-03-30,Charlotte Hornets,test
Washington Wizards,2022-03-30,Orlando Magic,test
Cleveland Cavaliers,2022-03-30,Dallas Mavericks,test
Indiana Pacers,2022-03-30,Denver Nuggets,test
Toronto Raptors,2022-03-30,Minnesota Timberwolves,test
Detroit Pistons,2022-03-31,Philadelphia 76ers,test
Brooklyn Nets,2022-03-31,Milwaukee Bucks,test
Atlanta Hawks,2022-03-31,Cleveland Cavaliers,test
Chicago Bulls,2022-03-31,LA Clippers,test
Utah Jazz,2022-03-31,Los Angeles Lakers,test
Memphis Grizzlies,2022-04-01,Phoenix Suns,test
Denver Nuggets,2022-04-01,Minnesota Timberwolves,test
San Antonio Spurs,2022-04-01,Portland Trail Blazers,test
Los Angeles Lakers,2022-04-01,New Orleans Pelicans,test
Oklahoma City Thunder,2022-04-01,Detroit Pistons,test
Boston Celtics,2022-04-01,Indiana Pacers,test
Houston Rockets,2022-04-01,Sacramento Kings,test
Orlando Magic,2022-04-01,Toronto Raptors,test
Washington Wizards,2022-04-01,Dallas Mavericks,test
Milwaukee Bucks,2022-04-01,LA Clippers,test
Philadelphia 76ers,2022-04-02,Charlotte Hornets,test
New York Knicks,2022-04-02,Cleveland Cavaliers,test
Atlanta Hawks,2022-04-02,Brooklyn Nets,test
Chicago Bulls,2022-04-02,Miami Heat,test
Golden State Warriors,2022-04-02,Utah Jazz,test
LA Clippers,2022-04-03,New Orleans Pelicans,test
Sacramento Kings,2022-04-03,Golden State Warriors,test
Houston Rockets,2022-04-03,Minnesota Timberwolves,test
Toronto Raptors,2022-04-03,Miami Heat,test
San Antonio Spurs,2022-04-03,Portland Trail Blazers,test
Oklahoma City Thunder,2022-04-03,Phoenix Suns,test
Indiana Pacers,2022-04-03,Detroit Pistons,test
Cleveland Cavaliers,2022-04-03,Philadelphia 76ers,test
Los Angeles Lakers,2022-04-03,Denver Nuggets,test
Boston Celtics,2022-04-03,Washington Wizards,test
Milwaukee Bucks,2022-04-03,Dallas Mavericks,test
Orlando Magic,2022-04-03,New York Knicks,test
Oklahoma City Thunder,2022-04-05,Portland Trail Blazers,test
Sacramento Kings,2022-04-05,New Orleans Pelicans,test
Utah Jazz,2022-04-05,Memphis Grizzlies,test
Denver Nuggets,2022-04-05,San Antonio Spurs,test
Chicago Bulls,2022-04-05,Milwaukee Bucks,test
Phoenix Suns,2022-04-05,Los Angeles Lakers,test
Miami Heat,2022-04-05,Charlotte Hornets,test
Brooklyn Nets,2022-04-05,Houston Rockets,test
Toronto Raptors,2022-04-05,Atlanta Hawks,test
Indiana Pacers,2022-04-05,Philadelphia 76ers,test
Orlando Magic,2022-04-05,Cleveland Cavaliers,test
Minnesota Timberwolves,2022-04-05,Washington Wizards,test
Utah Jazz,2022-04-06,Oklahoma City Thunder,test
Chicago Bulls,2022-04-06,Boston Celtics,test
LA Clippers,2022-04-06,Phoenix Suns,test
New York Knicks,2022-04-06,Brooklyn Nets,test
Detroit Pistons,2022-04-06,Dallas Mavericks,test
Atlanta Hawks,2022-04-06,Washington Wizards,test
Charlotte Hornets,2022-04-07,Orlando Magic,test
Milwaukee Bucks,2022-04-07,Boston Celtics,test
Toronto Raptors,2022-04-07,Philadelphia 76ers,test
Minnesota Timberwolves,2022-04-07,San Antonio Spurs,test
New Orleans Pelicans,2022-04-07,Portland Trail Blazers,test
Denver Nuggets,2022-04-07,Memphis Grizzlies,test
Golden State Warriors,2022-04-07,Los Angeles Lakers,test
Dallas Mavericks,2022-04-08,Portland Trail Blazers,test
Los Angeles Lakers,2022-04-08,Oklahoma City Thunder,test
Utah Jazz,2022-04-08,Phoenix Suns,test
Chicago Bulls,2022-04-08,Charlotte Hornets,test
Detroit Pistons,2022-04-08,Milwaukee Bucks,test
Brooklyn Nets,2022-04-08,Cleveland Cavaliers,test
Toronto Raptors,2022-04-08,Houston Rockets,test
Washington Wizards,2022-04-08,New York Knicks,test
Miami Heat,2022-04-08,Atlanta Hawks,test
Philadelphia 76ers,2022-04-09,Indiana Pacers,test
LA Clippers,2022-04-09,Sacramento Kings,test
Memphis Grizzlies,2022-04-09,New Orleans Pelicans,test
San Antonio Spurs,2022-04-09,Golden State Warriors,test
Cleveland Cavaliers,2022-04-10,Milwaukee Bucks,test
Denver Nuggets,2022-04-10,Los Angeles Lakers,test
Houston Rockets,2022-04-10,Atlanta Hawks,test
Philadelphia 76ers,2022-04-10,Detroit Pistons,test
Charlotte Hornets,2022-04-10,Washington Wizards,test
New Orleans Pelicans,2022-04-10,Golden State Warriors,test
Phoenix Suns,2022-04-10,Sacramento Kings,test
Brooklyn Nets,2022-04-10,Indiana Pacers,test
Portland Trail Blazers,2022-04-10,Utah Jazz,test
Memphis Grizzlies,2022-04-10,Boston Celtics,test
New York Knicks,2022-04-10,Toronto Raptors,test
Minnesota Timberwolves,2022-04-10,Chicago Bulls,test
Dallas Mavericks,2022-04-10,San Antonio Spurs,test
LA Clippers,2022-04-10,Oklahoma City Thunder,test
Orlando Magic,2022-04-10,Miami Heat,test
Brooklyn Nets,2022-04-12,Cleveland Cavaliers,test
Minnesota Timberwolves,2022-04-12,LA Clippers,test
Atlanta Hawks,2022-04-13,Charlotte Hornets,test
New Orleans Pelicans,2022-04-13,San Antonio Spurs,test
Cleveland Cavaliers,2022-04-15,Atlanta Hawks,test
LA Clippers,2022-04-15,New Orleans Pelicans,test
Golden State Warriors,2022-04-16,Denver Nuggets,test
Philadelphia 76ers,2022-04-16,Toronto Raptors,test
Dallas Mavericks,2022-04-16,Utah Jazz,test
Memphis Grizzlies,2022-04-16,Minnesota Timberwolves,test
Miami Heat,2022-04-17,Atlanta Hawks,test
Milwaukee Bucks,2022-04-17,Chicago Bulls,test
Phoenix Suns,2022-04-17,New Orleans Pelicans,test
Boston Celtics,2022-04-17,Brooklyn Nets,test
Philadelphia 76ers,2022-04-18,Toronto Raptors,test
Dallas Mavericks,2022-04-18,Utah Jazz,test
Golden State Warriors,2022-04-18,Denver Nuggets,test
Miami Heat,2022-04-19,Atlanta Hawks,test
Memphis Grizzlies,2022-04-19,Minnesota Timberwolves,test
Phoenix Suns,2022-04-19,New Orleans Pelicans,test
Milwaukee Bucks,2022-04-20,Chicago Bulls,test
Boston Celtics,2022-04-20,Brooklyn Nets,test
Toronto Raptors,2022-04-20,Philadelphia 76ers,test
Denver Nuggets,2022-04-21,Golden State Warriors,test
Minnesota Timberwolves,2022-04-21,Memphis Grizzlies,test
Utah Jazz,2022-04-21,Dallas Mavericks,test
Atlanta Hawks,2022-04-22,Miami Heat,test
Chicago Bulls,2022-04-22,Milwaukee Bucks,test
New Orleans Pelicans,2022-04-22,Phoenix Suns,test
Toronto Raptors,2022-04-23,Philadelphia 76ers,test
Utah Jazz,2022-04-23,Dallas Mavericks,test
Brooklyn Nets,2022-04-23,Boston Celtics,test
Minnesota Timberwolves,2022-04-23,Memphis Grizzlies,test
Chicago Bulls,2022-04-24,Milwaukee Bucks,test
Denver Nuggets,2022-04-24,Golden State Warriors,test
Atlanta Hawks,2022-04-24,Miami Heat,test
New Orleans Pelicans,2022-04-24,Phoenix Suns,test
Dallas Mavericks,2022-04-25,Utah Jazz,test
Philadelphia 76ers,2022-04-25,Toronto Raptors,test
Brooklyn Nets,2022-04-25,Boston Celtics,test
Miami Heat,2022-04-26,Atlanta Hawks,test
Memphis Grizzlies,2022-04-26,Minnesota Timberwolves,test
Phoenix Suns,2022-04-26,New Orleans Pelicans,test
Milwaukee Bucks,2022-04-27,Chicago Bulls,test
Golden State Warriors,2022-04-27,Denver Nuggets,test
New Orleans Pelicans,2022-04-28,Phoenix Suns,test
Utah Jazz,2022-04-28,Dallas Mavericks,test
Toronto Raptors,2022-04-28,Philadelphia 76ers,test
Minnesota Timberwolves,2022-04-29,Memphis Grizzlies,test
Boston Celtics,2022-05-01,Milwaukee Bucks,test
Memphis Grizzlies,2022-05-01,Golden State Warriors,test
Miami Heat,2022-05-02,Philadelphia 76ers,test
Phoenix Suns,2022-05-02,Dallas Mavericks,test
Boston Celtics,2022-05-03,Milwaukee Bucks,test
Memphis Grizzlies,2022-05-03,Golden State Warriors,test
Phoenix Suns,2022-05-04,Dallas Mavericks,test
Miami Heat,2022-05-04,Philadelphia 76ers,test
Philadelphia 76ers,2022-05-06,Miami Heat,test
Dallas Mavericks,2022-05-06,Phoenix Suns,test
Milwaukee Bucks,2022-05-07,Boston Celtics,test
Golden State Warriors,2022-05-07,Memphis Grizzlies,test
Dallas Mavericks,2022-05-08,Phoenix Suns,test
Philadelphia 76ers,2022-05-08,Miami Heat,test
Milwaukee Bucks,2022-05-09,Boston Celtics,test
Golden State Warriors,2022-05-09,Memphis Grizzlies,test
Miami Heat,2022-05-10,Philadelphia 76ers,test
Phoenix Suns,2022-05-10,Dallas Mavericks,test
Boston Celtics,2022-05-11,Milwaukee Bucks,test
Memphis Grizzlies,2022-05-11,Golden State Warriors,test
Dallas Mavericks,2022-05-12,Phoenix Suns,test
Philadelphia 76ers,2022-05-12,Miami Heat,test
Golden State Warriors,2022-05-13,Memphis Grizzlies,test
Milwaukee Bucks,2022-05-13,Boston Celtics,test
Boston Celtics,2022-05-15,Milwaukee Bucks,test
Phoenix Suns,2022-05-15,Dallas Mavericks,test
Miami Heat,2022-05-17,Boston Celtics,test
Golden State Warriors,2022-05-18,Dallas Mavericks,test
Miami Heat,2022-05-19,Boston Celtics,test
Golden State Warriors,2022-05-20,Dallas Mavericks,test
Boston Celtics,2022-05-21,Miami Heat,test
Dallas Mavericks,2022-05-22,Golden State Warriors,test
Boston Celtics,2022-05-23,Miami Heat,test
Dallas Mavericks,2022-05-24,Golden State Warriors,test
Miami Heat,2022-05-25,Boston Celtics,test
Golden State Warriors,2022-05-26,Dallas Mavericks,test
Boston Celtics,2022-05-27,Miami Heat,test
Miami Heat,2022-05-29,Boston Celtics,test
Golden State Warriors,2022-06-02,Boston Celtics,test
Golden State Warriors,2022-06-06,Boston Celtics,test
Boston Celtics,2022-06-08,Golden State Warriors,test
Boston Celtics,2022-06-10,Golden State Warriors,test
Golden State Warriors,2022-06-13,Boston Celtics,test
Boston Celtics,2022-06-16,Golden State Warriors,test
Portland Trail Blazers,2022-10-21,Phoenix Suns,test
Houston Rockets,2022-10-21,Memphis Grizzlies,test
Minnesota Timberwolves,2022-10-21,Utah Jazz,test
Miami Heat,2022-10-21,Boston Celtics,test
Atlanta Hawks,2022-10-21,Orlando Magic,test
Golden State Warriors,2022-10-21,Denver Nuggets,test
New York Knicks,2022-10-21,Detroit Pistons,test
Indiana Pacers,2022-10-21,San Antonio Spurs,test
Washington Wizards,2022-10-21,Chicago Bulls,test
Charlotte Hornets,2022-10-21,New Orleans Pelicans,test
Brooklyn Nets,2022-10-21,Toronto Raptors,test
Sacramento Kings,2022-10-22,LA Clippers,test
Denver Nuggets,2022-10-22,Oklahoma City Thunder,test
Dallas Mavericks,2022-10-22,Memphis Grizzlies,test
Chicago Bulls,2022-10-22,Cleveland Cavaliers,test
Milwaukee Bucks,2022-10-22,Houston Rockets,test
Orlando Magic,2022-10-22,Boston Celtics,test
Indiana Pacers,2022-10-22,Detroit Pistons,test
Philadelphia 76ers,2022-10-22,San Antonio Spurs,test
Miami Heat,2022-10-22,Toronto Raptors,test
Oklahoma City Thunder,2022-10-23,Minnesota Timberwolves,test
Golden State Warriors,2022-10-23,Sacramento Kings,test
New Orleans Pelicans,2022-10-23,Utah Jazz,test
LA Clippers,2022-10-23,Phoenix Suns,test
Atlanta Hawks,2022-10-23,Charlotte Hornets,test
Los Angeles Lakers,2022-10-23,Portland Trail Blazers,test
Cleveland Cavaliers,2022-10-23,Washington Wizards,test
Portland Trail Blazers,2022-10-24,Denver Nuggets,test
Chicago Bulls,2022-10-24,Boston Celtics,test
Minnesota Timberwolves,2022-10-24,San Antonio Spurs,test
Memphis Grizzlies,2022-10-24,Brooklyn Nets,test
Miami Heat,2022-10-24,Toronto Raptors,test
New York Knicks,2022-10-24,Orlando Magic,test
Philadelphia 76ers,2022-10-24,Indiana Pacers,test
Houston Rockets,2022-10-24,Utah Jazz,test
Washington Wizards,2022-10-25,Detroit Pistons,test
New Orleans Pelicans,2022-10-25,Dallas Mavericks,test
Oklahoma City Thunder,2022-10-25,LA Clippers,test
Phoenix Suns,2022-10-25,Golden State Warriors,test
Portland Trail Blazers,2022-10-26,Miami Heat,test
Denver Nuggets,2022-10-26,Los Angeles Lakers,test
Utah Jazz,2022-10-26,Houston Rockets,test
Minnesota Timberwolves,2022-10-26,San Antonio Spurs,test
Chicago Bulls,2022-10-26,Indiana Pacers,test
New York Knicks,2022-10-26,Charlotte Hornets,test
Milwaukee Bucks,2022-10-26,Brooklyn Nets,test
Detroit Pistons,2022-10-26,Atlanta Hawks,test
Cleveland Cavaliers,2022-10-26,Orlando Magic,test
Toronto Raptors,2022-10-26,Philadelphia 76ers,test
Brooklyn Nets,2022-10-27,Dallas Mavericks,test
Oklahoma City Thunder,2022-10-27,LA Clippers,test
Sacramento Kings,2022-10-27,Memphis Grizzlies,test
Golden State Warriors,2022-10-27,Miami Heat,test
Minnesota Timberwolves,2022-10-28,Los Angeles Lakers,test
Portland Trail Blazers,2022-10-28,Houston Rockets,test
Phoenix Suns,2022-10-28,New Orleans Pelicans,test
San Antonio Spurs,2022-10-28,Chicago Bulls,test
Milwaukee Bucks,2022-10-28,New York Knicks,test
Denver Nuggets,2022-10-28,Utah Jazz,test
Toronto Raptors,2022-10-28,Philadelphia 76ers,test
Washington Wizards,2022-10-28,Indiana Pacers,test
Orlando Magic,2022-10-28,Charlotte Hornets,test
Detroit Pistons,2022-10-28,Atlanta Hawks,test
Boston Celtics,2022-10-28,Cleveland Cavaliers,test
Sacramento Kings,2022-10-29,Miami Heat,test
Charlotte Hornets,2022-10-29,Golden State Warriors,test
Brooklyn Nets,2022-10-29,Indiana Pacers,test
Chicago Bulls,2022-10-29,Philadelphia 76ers,test
Milwaukee Bucks,2022-10-29,Atlanta Hawks,test
Dallas Mavericks,2022-10-29,Oklahoma City Thunder,test
Utah Jazz,2022-10-29,Memphis Grizzlies,test
Los Angeles Lakers,2022-10-30,Denver Nuggets,test
Phoenix Suns,2022-10-30,Houston Rockets,test
Dallas Mavericks,2022-10-30,Orlando Magic,test
San Antonio Spurs,2022-10-30,Minnesota Timberwolves,test
Cleveland Cavaliers,2022-10-30,New York Knicks,test
Boston Celtics,2022-10-30,Washington Wizards,test
LA Clippers,2022-10-30,New Orleans Pelicans,test
Detroit Pistons,2022-10-30,Golden State Warriors,test
Washington Wizards,2022-10-31,Philadelphia 76ers,test
Charlotte Hornets,2022-10-31,Sacramento Kings,test
Brooklyn Nets,2022-10-31,Indiana Pacers,test
Toronto Raptors,2022-10-31,Atlanta Hawks,test
Milwaukee Bucks,2022-10-31,Detroit Pistons,test
Utah Jazz,2022-10-31,Memphis Grizzlies,test
LA Clippers,2022-10-31,Houston Rockets,test
Phoenix Suns,2022-11-01,Minnesota Timberwolves,test
Brooklyn Nets,2022-11-01,Chicago Bulls,test
Miami Heat,2022-11-01,Golden State Warriors,test
Oklahoma City Thunder,2022-11-01,Orlando Magic,test
Chicago Bulls,2022-11-02,Charlotte Hornets,test
Los Angeles Lakers,2022-11-02,New Orleans Pelicans,test
Portland Trail Blazers,2022-11-02,Memphis Grizzlies,test
Dallas Mavericks,2022-11-02,Utah Jazz,test
San Antonio Spurs,2022-11-02,Toronto Raptors,test
Houston Rockets,2022-11-02,LA Clippers,test
Cleveland Cavaliers,2022-11-02,Boston Celtics,test
Philadelphia 76ers,2022-11-02,Washington Wizards,test
Milwaukee Bucks,2022-11-02,Detroit Pistons,test
Miami Heat,2022-11-02,Sacramento Kings,test
New York Knicks,2022-11-02,Atlanta Hawks,test
Orlando Magic,2022-11-03,Golden State Warriors,test
Oklahoma City Thunder,2022-11-03,Denver Nuggets,test
Los Angeles Lakers,2022-11-04,Utah Jazz,test
Minnesota Timberwolves,2022-11-04,Milwaukee Bucks,test
Phoenix Suns,2022-11-04,Portland Trail Blazers,test
New Orleans Pelicans,2022-11-04,Golden State Warriors,test
Dallas Mavericks,2022-11-04,Toronto Raptors,test
Memphis Grizzlies,2022-11-04,Charlotte Hornets,test
San Antonio Spurs,2022-11-04,LA Clippers,test
Boston Celtics,2022-11-04,Chicago Bulls,test
Indiana Pacers,2022-11-04,Miami Heat,test
Philadelphia 76ers,2022-11-04,New York Knicks,test
Washington Wizards,2022-11-04,Brooklyn Nets,test
Detroit Pistons,2022-11-04,Cleveland Cavaliers,test
Phoenix Suns,2022-11-05,Portland Trail Blazers,test
Denver Nuggets,2022-11-05,San Antonio Spurs,test
Minnesota Timberwolves,2022-11-05,Houston Rockets,test
Milwaukee Bucks,2022-11-05,Oklahoma City Thunder,test
Charlotte Hornets,2022-11-05,Brooklyn Nets,test
New York Knicks,2022-11-05,Boston Celtics,test
Orlando Magic,2022-11-05,Sacramento Kings,test
Atlanta Hawks,2022-11-05,New Orleans Pelicans,test
Los Angeles Lakers,2022-11-06,Cleveland Cavaliers,test
Toronto Raptors,2022-11-06,Chicago Bulls,test
Memphis Grizzlies,2022-11-06,Washington Wizards,test
LA Clippers,2022-11-06,Utah Jazz,test
Minnesota Timberwolves,2022-11-07,New York Knicks,test
LA Clippers,2022-11-07,Cleveland Cavaliers,test
Utah Jazz,2022-11-07,Los Angeles Lakers,test
Golden State Warriors,2022-11-07,Sacramento Kings,test
Dallas Mavericks,2022-11-07,Brooklyn Nets,test
San Antonio Spurs,2022-11-07,Denver Nuggets,test
Memphis Grizzlies,2022-11-07,Boston Celtics,test
Indiana Pacers,2022-11-07,New Orleans Pelicans,test
Miami Heat,2022-11-07,Portland Trail Blazers,test
Atlanta Hawks,2022-11-07,Milwaukee Bucks,test
Philadelphia 76ers,2022-11-07,Phoenix Suns,test
Detroit Pistons,2022-11-07,Oklahoma City Thunder,test
Orlando Magic,2022-11-07,Houston Rockets,test
Charlotte Hornets,2022-11-07,Washington Wizards,test
Chicago Bulls,2022-11-07,Toronto Raptors,test
LA Clippers,2022-11-09,Los Angeles Lakers,test
Sacramento Kings,2022-11-09,Cleveland Cavaliers,test
San Antonio Spurs,2022-11-09,Memphis Grizzlies,test
Chicago Bulls,2022-11-09,New Orleans Pelicans,test
Minnesota Timberwolves,2022-11-09,Phoenix Suns,test
Oklahoma City Thunder,2022-11-09,Milwaukee Bucks,test
Brooklyn Nets,2022-11-09,New York Knicks,test
Toronto Raptors,2022-11-09,Houston Rockets,test
Boston Celtics,2022-11-09,Detroit Pistons,test
Charlotte Hornets,2022-11-09,Portland Trail Blazers,test
Indiana Pacers,2022-11-09,Denver Nuggets,test
Orlando Magic,2022-11-09,Dallas Mavericks,test
Atlanta Hawks,2022-11-09,Utah Jazz,test
Washington Wizards,2022-11-10,Dallas Mavericks,test
Atlanta Hawks,2022-11-10,Philadelphia 76ers,test
Miami Heat,2022-11-10,Charlotte Hornets,test
New Orleans Pelicans,2022-11-10,Portland Trail Blazers,test
Memphis Grizzlies,2022-11-11,Minnesota Timberwolves,test
Golden State Warriors,2022-11-11,Cleveland Cavaliers,test
San Antonio Spurs,2022-11-11,Milwaukee Bucks,test
Los Angeles Lakers,2022-11-11,Sacramento Kings,test
New York Knicks,2022-11-11,Detroit Pistons,test
Orlando Magic,2022-11-11,Phoenix Suns,test
Oklahoma City Thunder,2022-11-11,Toronto Raptors,test
Boston Celtics,2022-11-11,Denver Nuggets,test
LA Clippers,2022-11-12,Brooklyn Nets,test
Washington Wizards,2022-11-12,Utah Jazz,test
Indiana Pacers,2022-11-12,Toronto Raptors,test
Detroit Pistons,2022-11-12,Boston Celtics,test
Philadelphia 76ers,2022-11-12,Atlanta Hawks,test
Miami Heat,2022-11-12,Charlotte Hornets,test
New Orleans Pelicans,2022-11-12,Houston Rockets,test
Dallas Mavericks,2022-11-12,Portland Trail Blazers,test
Sacramento Kings,2022-11-13,Golden State Warriors,test
Los Angeles Lakers,2022-11-13,Brooklyn Nets,test
Chicago Bulls,2022-11-13,Denver Nuggets,test
New York Knicks,2022-11-13,Oklahoma City Thunder,test
Cleveland Cavaliers,2022-11-13,Minnesota Timberwolves,test
Washington Wizards,2022-11-13,Memphis Grizzlies,test
Philadelphia 76ers,2022-11-13,Utah Jazz,test
Golden State Warriors,2022-11-14,San Antonio Spurs,test
Houston Rockets,2022-11-14,LA Clippers,test
Milwaukee Bucks,2022-11-14,Atlanta Hawks,test
Orlando Magic,2022-11-14,Charlotte Hornets,test
Boston Celtics,2022-11-14,Oklahoma City Thunder,test
Detroit Pistons,2022-11-14,Toronto Raptors,test
Miami Heat,2022-11-14,Phoenix Suns,test
New Orleans Pelicans,2022-11-15,Memphis Grizzlies,test
Dallas Mavericks,2022-11-15,LA Clippers,test
Utah Jazz,2022-11-15,New York Knicks,test
Sacramento Kings,2022-11-15,Brooklyn Nets,test
Portland Trail Blazers,2022-11-15,San Antonio Spurs,test
Milwaukee Bucks,2022-11-16,Cleveland Cavaliers,test
Phoenix Suns,2022-11-16,Golden State Warriors,test
Dallas Mavericks,2022-11-16,Houston Rockets,test
New Orleans Pelicans,2022-11-16,Chicago Bulls,test
Denver Nuggets,2022-11-16,New York Knicks,test
Atlanta Hawks,2022-11-16,Boston Celtics,test
Charlotte Hornets,2022-11-16,Indiana Pacers,test
Washington Wizards,2022-11-16,Oklahoma City Thunder,test
Orlando Magic,2022-11-16,Minnesota Timberwolves,test
Toronto Raptors,2022-11-16,Miami Heat,test
Sacramento Kings,2022-11-17,San Antonio Spurs,test
Portland Trail Blazers,2022-11-17,Brooklyn Nets,test
LA Clippers,2022-11-17,Detroit Pistons,test
Golden State Warriors,2022-11-18,New York Knicks,test
Utah Jazz,2022-11-18,Phoenix Suns,test
New Orleans Pelicans,2022-11-18,Boston Celtics,test
Dallas Mavericks,2022-11-18,Denver Nuggets,test
Chicago Bulls,2022-11-18,Orlando Magic,test
Los Angeles Lakers,2022-11-18,Detroit Pistons,test
Memphis Grizzlies,2022-11-18,Oklahoma City Thunder,test
Philadelphia 76ers,2022-11-18,Milwaukee Bucks,test
Cleveland Cavaliers,2022-11-18,Charlotte Hornets,test
Washington Wizards,2022-11-18,Miami Heat,test
Houston Rockets,2022-11-18,Indiana Pacers,test
Atlanta Hawks,2022-11-19,Toronto Raptors,test
Indiana Pacers,2022-11-19,Orlando Magic,test
Philadelphia 76ers,2022-11-19,Minnesota Timberwolves,test
Portland Trail Blazers,2022-11-19,Utah Jazz,test
LA Clippers,2022-11-19,San Antonio Spurs,test
Los Angeles Lakers,2022-11-20,San Antonio Spurs,test
Dallas Mavericks,2022-11-20,Denver Nuggets,test
Houston Rockets,2022-11-20,Golden State Warriors,test
Cleveland Cavaliers,2022-11-20,Miami Heat,test
Phoenix Suns,2022-11-20,New York Knicks,test
Sacramento Kings,2022-11-20,Detroit Pistons,test
Washington Wizards,2022-11-20,Charlotte Hornets,test
Brooklyn Nets,2022-11-20,Memphis Grizzlies,test
New Orleans Pelicans,2022-11-21,Golden State Warriors,test
LA Clippers,2022-11-21,Utah Jazz,test
Minnesota Timberwolves,2022-11-21,Miami Heat,test
Milwaukee Bucks,2022-11-21,Portland Trail Blazers,test
Indiana Pacers,2022-11-21,Orlando Magic,test
Chicago Bulls,2022-11-21,Boston Celtics,test
Oklahoma City Thunder,2022-11-21,New York Knicks,test
Cleveland Cavaliers,2022-11-21,Atlanta Hawks,test
Philadelphia 76ers,2022-11-22,Brooklyn Nets,test
Memphis Grizzlies,2022-11-22,Sacramento Kings,test
Denver Nuggets,2022-11-22,Detroit Pistons,test
Phoenix Suns,2022-11-22,Los Angeles Lakers,test
Golden State Warriors,2022-11-23,LA Clippers,test
Utah Jazz,2022-11-23,Detroit Pistons,test
San Antonio Spurs,2022-11-23,New Orleans Pelicans,test
Oklahoma City Thunder,2022-11-23,Denver Nuggets,test
Milwaukee Bucks,2022-11-23,Chicago Bulls,test
Boston Celtics,2022-11-23,Dallas Mavericks,test
Atlanta Hawks,2022-11-23,Sacramento Kings,test
Toronto Raptors,2022-11-23,Brooklyn Nets,test
Indiana Pacers,2022-11-23,Minnesota Timberwolves,test
Cleveland Cavaliers,2022-11-23,Portland Trail Blazers,test
Charlotte Hornets,2022-11-23,Philadelphia 76ers,test
Miami Heat,2022-11-23,Washington Wizards,test
Boston Celtics,2022-11-25,Sacramento Kings,test
Golden State Warriors,2022-11-25,Utah Jazz,test
Phoenix Suns,2022-11-25,Detroit Pistons,test
Oklahoma City Thunder,2022-11-25,Chicago Bulls,test
Miami Heat,2022-11-25,Washington Wizards,test
San Antonio Spurs,2022-11-25,Los Angeles Lakers,test
LA Clippers,2022-11-25,Denver Nuggets,test
Houston Rockets,2022-11-25,Atlanta Hawks,test
Memphis Grizzlies,2022-11-25,New Orleans Pelicans,test
Milwaukee Bucks,2022-11-25,Cleveland Cavaliers,test
New York Knicks,2022-11-25,Portland Trail Blazers,test
Orlando Magic,2022-11-25,Philadelphia 76ers,test
Charlotte Hornets,2022-11-25,Minnesota Timberwolves,test
Indiana Pacers,2022-11-25,Brooklyn Nets,test
Phoenix Suns,2022-11-26,Utah Jazz,test
Houston Rockets,2022-11-26,Oklahoma City Thunder,test
Toronto Raptors,2022-11-26,Dallas Mavericks,test
San Antonio Spurs,2022-11-26,Los Angeles Lakers,test
Brooklyn Nets,2022-11-27,Portland Trail Blazers,test
Minnesota Timberwolves,2022-11-27,Golden State Warriors,test
LA Clippers,2022-11-27,Indiana Pacers,test
Atlanta Hawks,2022-11-27,Miami Heat,test
Detroit Pistons,2022-11-27,Cleveland Cavaliers,test
Boston Celtics,2022-11-27,Washington Wizards,test
New York Knicks,2022-11-27,Memphis Grizzlies,test
Orlando Magic,2022-11-27,Philadelphia 76ers,test
Milwaukee Bucks,2022-11-27,Dallas Mavericks,test
Toronto Raptors,2022-11-28,Cleveland Cavaliers,test
Los Angeles Lakers,2022-11-28,Indiana Pacers,test
Sacramento Kings,2022-11-28,Phoenix Suns,test
Utah Jazz,2022-11-28,Chicago Bulls,test
Denver Nuggets,2022-11-28,Houston Rockets,test
Brooklyn Nets,2022-11-28,Orlando Magic,test
Boston Celtics,2022-11-28,Charlotte Hornets,test
Philadelphia 76ers,2022-11-28,Atlanta Hawks,test
Washington Wizards,2022-11-28,Minnesota Timberwolves,test
New Orleans Pelicans,2022-11-28,Oklahoma City Thunder,test
Detroit Pistons,2022-11-29,New York Knicks,test
Dallas Mavericks,2022-11-29,Golden State Warriors,test
Portland Trail Blazers,2022-11-29,LA Clippers,test
Denver Nuggets,2022-11-30,Houston Rockets,test
Phoenix Suns,2022-11-30,Chicago Bulls,test
Minnesota Timberwolves,2022-11-30,Memphis Grizzlies,test
Sacramento Kings,2022-11-30,Indiana Pacers,test
Utah Jazz,2022-11-30,LA Clippers,test
Los Angeles Lakers,2022-11-30,Portland Trail Blazers,test
New Orleans Pelicans,2022-11-30,Toronto Raptors,test
Boston Celtics,2022-11-30,Miami Heat,test
Brooklyn Nets,2022-11-30,Washington Wizards,test
New York Knicks,2022-11-30,Milwaukee Bucks,test
Cleveland Cavaliers,2022-11-30,Philadelphia 76ers,test
Orlando Magic,2022-11-30,Atlanta Hawks,test
Oklahoma City Thunder,2022-11-30,San Antonio Spurs,test
Detroit Pistons,2022-12-01,Dallas Mavericks,test
Golden State Warriors,2022-12-02,Chicago Bulls,test
Utah Jazz,2022-12-02,Indiana Pacers,test
Phoenix Suns,2022-12-02,Houston Rockets,test
Memphis Grizzlies,2022-12-02,Philadelphia 76ers,test
Milwaukee Bucks,2022-12-02,Los Angeles Lakers,test
San Antonio Spurs,2022-12-02,New Orleans Pelicans,test
Boston Celtics,2022-12-02,Miami Heat,test
Atlanta Hawks,2022-12-02,Denver Nuggets,test
Cleveland Cavaliers,2022-12-02,Orlando Magic,test
Charlotte Hornets,2022-12-02,Washington Wizards,test
Brooklyn Nets,2022-12-02,Toronto Raptors,test
New York Knicks,2022-12-03,Dallas Mavericks,test
LA Clippers,2022-12-03,Sacramento Kings,test
Charlotte Hornets,2022-12-03,Milwaukee Bucks,test
Toronto Raptors,2022-12-03,Orlando Magic,test
Minnesota Timberwolves,2022-12-03,Oklahoma City Thunder,test
Golden State Warriors,2022-12-03,Houston Rockets,test
Utah Jazz,2022-12-03,Portland Trail Blazers,test
New York Knicks,2022-12-04,Cleveland Cavaliers,test
Portland Trail Blazers,2022-12-04,Indiana Pacers,test
Sacramento Kings,2022-12-04,Chicago Bulls,test
Detroit Pistons,2022-12-04,Memphis Grizzlies,test
Brooklyn Nets,2022-12-04,Boston Celtics,test
San Antonio Spurs,2022-12-04,Phoenix Suns,test
New Orleans Pelicans,2022-12-04,Denver Nuggets,test
Washington Wizards,2022-12-04,Los Angeles Lakers,test
Golden State Warriors,2022-12-05,Indiana Pacers,test
Dallas Mavericks,2022-12-05,Phoenix Suns,test
Houston Rockets,2022-12-05,Philadelphia 76ers,test
Memphis Grizzlies,2022-12-05,Miami Heat,test
Toronto Raptors,2022-12-05,Boston Celtics,test
Charlotte Hornets,2022-12-05,LA Clippers,test
Orlando Magic,2022-12-05,Milwaukee Bucks,test
Atlanta Hawks,2022-12-05,Oklahoma City Thunder,test
Cleveland Cavaliers,2022-12-06,Los Angeles Lakers,test
Miami Heat,2022-12-06,Detroit Pistons,test
Denver Nuggets,2022-12-06,Dallas Mavericks,test
Milwaukee Bucks,2022-12-07,Sacramento Kings,test
Utah Jazz,2022-12-07,Golden State Warriors,test
Phoenix Suns,2022-12-07,Boston Celtics,test
Minnesota Timberwolves,2022-12-07,Indiana Pacers,test
Chicago Bulls,2022-12-07,Washington Wizards,test
New York Knicks,2022-12-07,Atlanta Hawks,test
New Orleans Pelicans,2022-12-07,Detroit Pistons,test
Brooklyn Nets,2022-12-07,Charlotte Hornets,test
Toronto Raptors,2022-12-07,Los Angeles Lakers,test
Orlando Magic,2022-12-07,LA Clippers,test
Memphis Grizzlies,2022-12-07,Oklahoma City Thunder,test
Miami Heat,2022-12-08,LA Clippers,test
San Antonio Spurs,2022-12-08,Houston Rockets,test
Portland Trail Blazers,2022-12-08,Denver Nuggets,test
Memphis Grizzlies,2022-12-09,Detroit Pistons,test
Dallas Mavericks,2022-12-09,Milwaukee Bucks,test
Utah Jazz,2022-12-09,Minnesota Timberwolves,test
New Orleans Pelicans,2022-12-09,Phoenix Suns,test
Brooklyn Nets,2022-12-09,Atlanta Hawks,test
Orlando Magic,2022-12-09,Toronto Raptors,test
Cleveland Cavaliers,2022-12-09,Sacramento Kings,test
Philadelphia 76ers,2022-12-09,Los Angeles Lakers,test
Indiana Pacers,2022-12-09,Washington Wizards,test
Charlotte Hornets,2022-12-09,New York Knicks,test
Miami Heat,2022-12-10,San Antonio Spurs,test
Indiana Pacers,2022-12-10,Brooklyn Nets,test
Washington Wizards,2022-12-10,LA Clippers,test
Cleveland Cavaliers,2022-12-10,Oklahoma City Thunder,test
Chicago Bulls,2022-12-10,Dallas Mavericks,test
Golden State Warriors,2022-12-10,Boston Celtics,test
Denver Nuggets,2022-12-10,Utah Jazz,test
Portland Trail Blazers,2022-12-10,Minnesota Timberwolves,test
Houston Rockets,2022-12-11,Milwaukee Bucks,test
Orlando Magic,2022-12-11,Toronto Raptors,test
Philadelphia 76ers,2022-12-11,Charlotte Hornets,test
Atlanta Hawks,2022-12-11,Chicago Bulls,test
Detroit Pistons,2022-12-11,Los Angeles Lakers,test
New York Knicks,2022-12-11,Sacramento Kings,test
New Orleans Pelicans,2022-12-11,Phoenix Suns,test
Portland Trail Blazers,2022-12-12,Minnesota Timberwolves,test
San Antonio Spurs,2022-12-12,Cleveland Cavaliers,test
Dallas Mavericks,2022-12-12,Oklahoma City Thunder,test
LA Clippers,2022-12-12,Boston Celtics,test
Indiana Pacers,2022-12-12,Miami Heat,test
Washington Wizards,2022-12-12,Brooklyn Nets,test
Memphis Grizzlies,2022-12-12,Atlanta Hawks,test
Philadelphia 76ers,2022-12-13,Sacramento Kings,test
Milwaukee Bucks,2022-12-13,Golden State Warriors,test
Houston Rockets,2022-12-13,Phoenix Suns,test
Utah Jazz,2022-12-13,New Orleans Pelicans,test
Los Angeles Lakers,2022-12-13,Boston Celtics,test
Oklahoma City Thunder,2022-12-14,Miami Heat,test
LA Clippers,2022-12-14,Minnesota Timberwolves,test
Denver Nuggets,2022-12-14,Washington Wizards,test
Dallas Mavericks,2022-12-14,Cleveland Cavaliers,test
San Antonio Spurs,2022-12-14,Portland Trail Blazers,test
Indiana Pacers,2022-12-14,Golden State Warriors,test
Toronto Raptors,2022-12-14,Sacramento Kings,test
Charlotte Hornets,2022-12-14,Detroit Pistons,test
Orlando Magic,2022-12-14,Atlanta Hawks,test
Chicago Bulls,2022-12-14,New York Knicks,test
Memphis Grizzlies,2022-12-15,Milwaukee Bucks,test
Houston Rockets,2022-12-15,Miami Heat,test
Utah Jazz,2022-12-15,New Orleans Pelicans,test
LA Clippers,2022-12-15,Phoenix Suns,test
Los Angeles Lakers,2022-12-16,Denver Nuggets,test
Dallas Mavericks,2022-12-16,Portland Trail Blazers,test
Oklahoma City Thunder,2022-12-16,Minnesota Timberwolves,test
Chicago Bulls,2022-12-16,New York Knicks,test
Toronto Raptors,2022-12-16,Brooklyn Nets,test
Boston Celtics,2022-12-16,Orlando Magic,test
Cleveland Cavaliers,2022-12-16,Indiana Pacers,test
Detroit Pistons,2022-12-16,Sacramento Kings,test
Charlotte Hornets,2022-12-16,Atlanta Hawks,test
Philadelphia 76ers,2022-12-16,Golden State Warriors,test
LA Clippers,2022-12-17,Washington Wizards,test
San Antonio Spurs,2022-12-17,Miami Heat,test
Houston Rockets,2022-12-17,Portland Trail Blazers,test
Cleveland Cavaliers,2022-12-17,Dallas Mavericks,test
Milwaukee Bucks,2022-12-17,Utah Jazz,test
Oklahoma City Thunder,2022-12-17,Memphis Grizzlies,test
Phoenix Suns,2022-12-17,New Orleans Pelicans,test
Denver Nuggets,2022-12-18,Charlotte Hornets,test
Los Angeles Lakers,2022-12-18,Washington Wizards,test
Minnesota Timberwolves,2022-12-18,Chicago Bulls,test
Boston Celtics,2022-12-18,Orlando Magic,test
Detroit Pistons,2022-12-18,Brooklyn Nets,test
Indiana Pacers,2022-12-18,New York Knicks,test
Toronto Raptors,2022-12-18,Golden State Warriors,test
Cleveland Cavaliers,2022-12-19,Utah Jazz,test
Philadelphia 76ers,2022-12-19,Toronto Raptors,test
Atlanta Hawks,2022-12-19,Orlando Magic,test
Minnesota Timberwolves,2022-12-19,Dallas Mavericks,test
Houston Rockets,2022-12-19,San Antonio Spurs,test
New Orleans Pelicans,2022-12-19,Milwaukee Bucks,test
Oklahoma City Thunder,2022-12-19,Portland Trail Blazers,test
Phoenix Suns,2022-12-19,Los Angeles Lakers,test
Sacramento Kings,2022-12-19,Charlotte Hornets,test
Denver Nuggets,2022-12-20,Memphis Grizzlies,test
Phoenix Suns,2022-12-20,Washington Wizards,test
Miami Heat,2022-12-20,Chicago Bulls,test
Detroit Pistons,2022-12-20,Utah Jazz,test
New York Knicks,2022-12-20,Golden State Warriors,test
Sacramento Kings,2022-12-21,Los Angeles Lakers,test
Cleveland Cavaliers,2022-12-21,Milwaukee Bucks,test
Philadelphia 76ers,2022-12-21,Detroit Pistons,test
New York Knicks,2022-12-21,Toronto Raptors,test
Brooklyn Nets,2022-12-21,Golden State Warriors,test
Atlanta Hawks,2022-12-21,Chicago Bulls,test
Boston Celtics,2022-12-21,Indiana Pacers,test
Oklahoma City Thunder,2022-12-21,Portland Trail Blazers,test
Minnesota Timberwolves,2022-12-21,Dallas Mavericks,test
Houston Rockets,2022-12-21,Orlando Magic,test
LA Clippers,2022-12-21,Charlotte Hornets,test
Utah Jazz,2022-12-22,Washington Wizards,test
New Orleans Pelicans,2022-12-22,San Antonio Spurs,test
Phoenix Suns,2022-12-23,Memphis Grizzlies,test
Los Angeles Lakers,2022-12-23,Charlotte Hornets,test
Sacramento Kings,2022-12-23,Washington Wizards,test
Denver Nuggets,2022-12-23,Portland Trail Blazers,test
Miami Heat,2022-12-23,Indiana Pacers,test
Oklahoma City Thunder,2022-12-23,New Orleans Pelicans,test
Houston Rockets,2022-12-23,Dallas Mavericks,test
New York Knicks,2022-12-23,Chicago Bulls,test
Atlanta Hawks,2022-12-23,Detroit Pistons,test
Cleveland Cavaliers,2022-12-23,Toronto Raptors,test
Brooklyn Nets,2022-12-23,Milwaukee Bucks,test
Philadelphia 76ers,2022-12-23,LA Clippers,test
Orlando Magic,2022-12-23,San Antonio Spurs,test
Boston Celtics,2022-12-23,Minnesota Timberwolves,test
Denver Nuggets,2022-12-25,Phoenix Suns,test
Golden State Warriors,2022-12-25,Memphis Grizzlies,test
New York Knicks,2022-12-25,Philadelphia 76ers,test
Dallas Mavericks,2022-12-25,Los Angeles Lakers,test
Boston Celtics,2022-12-25,Milwaukee Bucks,test
Portland Trail Blazers,2022-12-26,Charlotte Hornets,test
Cleveland Cavaliers,2022-12-26,Brooklyn Nets,test
Detroit Pistons,2022-12-26,LA Clippers,test
Miami Heat,2022-12-26,Minnesota Timberwolves,test
New Orleans Pelicans,2022-12-26,Indiana Pacers,test
Chicago Bulls,2022-12-26,Houston Rockets,test
San Antonio Spurs,2022-12-26,Utah Jazz,test
Dallas Mavericks,2022-12-27,New York Knicks,test
Oklahoma City Thunder,2022-12-27,San Antonio Spurs,test
Sacramento Kings,2022-12-27,Denver Nuggets,test
Memphis Grizzlies,2022-12-27,Phoenix Suns,test
Golden State Warriors,2022-12-27,Charlotte Hornets,test
Indiana Pacers,2022-12-27,Atlanta Hawks,test
Toronto Raptors,2022-12-27,LA Clippers,test
Washington Wizards,2022-12-27,Philadelphia 76ers,test
Orlando Magic,2022-12-27,Los Angeles Lakers,test
Boston Celtics,2022-12-27,Houston Rockets,test
Washington Wizards,2022-12-28,Phoenix Suns,test
Detroit Pistons,2022-12-28,Orlando Magic,test
Atlanta Hawks,2022-12-28,Brooklyn Nets,test
Miami Heat,2022-12-28,Los Angeles Lakers,test
Chicago Bulls,2022-12-28,Milwaukee Bucks,test
New Orleans Pelicans,2022-12-28,Minnesota Timberwolves,test
Sacramento Kings,2022-12-28,Denver Nuggets,test
Golden State Warriors,2022-12-28,Utah Jazz,test
Dallas Mavericks,2022-12-29,Houston Rockets,test
San Antonio Spurs,2022-12-29,New York Knicks,test
Toronto Raptors,2022-12-29,Memphis Grizzlies,test
Boston Celtics,2022-12-29,LA Clippers,test
Indiana Pacers,2022-12-29,Cleveland Cavaliers,test
Charlotte Hornets,2022-12-29,Oklahoma City Thunder,test
Orlando Magic,2022-12-30,Washington Wizards,test
Atlanta Hawks,2022-12-30,Los Angeles Lakers,test
Toronto Raptors,2022-12-30,Phoenix Suns,test
Milwaukee Bucks,2022-12-30,Minnesota Timberwolves,test
Chicago Bulls,2022-12-30,Detroit Pistons,test
New Orleans Pelicans,2022-12-30,Philadelphia 76ers,test
Denver Nuggets,2022-12-30,Miami Heat,test
Golden State Warriors,2022-12-30,Portland Trail Blazers,test
Sacramento Kings,2022-12-30,Utah Jazz,test
Utah Jazz,2022-12-31,Miami Heat,test
Memphis Grizzlies,2022-12-31,New Orleans Pelicans,test
Oklahoma City Thunder,2022-12-31,Philadelphia 76ers,test
San Antonio Spurs,2022-12-31,Dallas Mavericks,test
Minnesota Timberwolves,2022-12-31,Detroit Pistons,test
Chicago Bulls,2022-12-31,Cleveland Cavaliers,test
Charlotte Hornets,2022-12-31,Brooklyn Nets,test
Indiana Pacers,2022-12-31,LA Clippers,test
Houston Rockets,2022-12-31,New York Knicks,test
Memphis Grizzlies,2023-01-01,Sacramento Kings,test
Denver Nuggets,2023-01-01,Boston Celtics,test
Milwaukee Bucks,2023-01-01,Washington Wizards,test
Portland Trail Blazers,2023-01-02,Detroit Pistons,test
Golden State Warriors,2023-01-02,Atlanta Hawks,test
Houston Rockets,2023-01-02,Dallas Mavericks,test
Minnesota Timberwolves,2023-01-02,Denver Nuggets,test
Brooklyn Nets,2023-01-02,San Antonio Spurs,test
LA Clippers,2023-01-02,Miami Heat,test
Cleveland Cavaliers,2023-01-02,Chicago Bulls,test
Charlotte Hornets,2023-01-02,Los Angeles Lakers,test
Philadelphia 76ers,2023-01-02,New Orleans Pelicans,test
New York Knicks,2023-01-02,Phoenix Suns,test
Indiana Pacers,2023-01-02,Toronto Raptors,test
Oklahoma City Thunder,2023-01-03,Boston Celtics,test
Milwaukee Bucks,2023-01-03,Washington Wizards,test
Utah Jazz,2023-01-03,Sacramento Kings,test
Golden State Warriors,2023-01-04,Detroit Pistons,test
Los Angeles Lakers,2023-01-04,Miami Heat,test
Sacramento Kings,2023-01-04,Atlanta Hawks,test
Chicago Bulls,2023-01-04,Brooklyn Nets,test
Minnesota Timberwolves,2023-01-04,Portland Trail Blazers,test
New Orleans Pelicans,2023-01-04,Houston Rockets,test
Orlando Magic,2023-01-04,Oklahoma City Thunder,test
New York Knicks,2023-01-04,San Antonio Spurs,test
Philadelphia 76ers,2023-01-04,Indiana Pacers,test
Cleveland Cavaliers,2023-01-04,Phoenix Suns,test
Charlotte Hornets,2023-01-04,Memphis Grizzlies,test
Toronto Raptors,2023-01-04,Milwaukee Bucks,test
Denver Nuggets,2023-01-05,LA Clippers,test
Houston Rockets,2023-01-05,Utah Jazz,test
Orlando Magic,2023-01-05,Memphis Grizzlies,test
Dallas Mavericks,2023-01-05,Boston Celtics,test
Phoenix Suns,2023-01-06,Miami Heat,test
Philadelphia 76ers,2023-01-06,Chicago Bulls,test
Indiana Pacers,2023-01-06,Portland Trail Blazers,test
New Orleans Pelicans,2023-01-06,Brooklyn Nets,test
Toronto Raptors,2023-01-06,New York Knicks,test
Oklahoma City Thunder,2023-01-06,Washington Wizards,test
San Antonio Spurs,2023-01-06,Detroit Pistons,test
Milwaukee Bucks,2023-01-06,Charlotte Hornets,test
Minnesota Timberwolves,2023-01-06,LA Clippers,test
Denver Nuggets,2023-01-06,Cleveland Cavaliers,test
Los Angeles Lakers,2023-01-06,Atlanta Hawks,test
Sacramento Kings,2023-01-07,Los Angeles Lakers,test
Golden State Warriors,2023-01-07,Orlando Magic,test
Dallas Mavericks,2023-01-07,New Orleans Pelicans,test
San Antonio Spurs,2023-01-07,Boston Celtics,test
Chicago Bulls,2023-01-07,Utah Jazz,test
LA Clippers,2023-01-08,Atlanta Hawks,test
Houston Rockets,2023-01-08,Minnesota Timberwolves,test
Phoenix Suns,2023-01-08,Cleveland Cavaliers,test
Oklahoma City Thunder,2023-01-08,Dallas Mavericks,test
Detroit Pistons,2023-01-08,Philadelphia 76ers,test
Memphis Grizzlies,2023-01-08,Utah Jazz,test
Indiana Pacers,2023-01-08,Charlotte Hornets,test
Toronto Raptors,2023-01-08,Portland Trail Blazers,test
Miami Heat,2023-01-08,Brooklyn Nets,test
Sacramento Kings,2023-01-09,Orlando Magic,test
Memphis Grizzlies,2023-01-09,San Antonio Spurs,test
Denver Nuggets,2023-01-09,Los Angeles Lakers,test
Boston Celtics,2023-01-09,Chicago Bulls,test
Washington Wizards,2023-01-09,New Orleans Pelicans,test
New York Knicks,2023-01-09,Milwaukee Bucks,test
LA Clippers,2023-01-10,Dallas Mavericks,test
Golden State Warriors,2023-01-10,Phoenix Suns,test
Portland Trail Blazers,2023-01-10,Orlando Magic,test
Philadelphia 76ers,2023-01-10,Detroit Pistons,test
Miami Heat,2023-01-10,Oklahoma City Thunder,test
Toronto Raptors,2023-01-10,Charlotte Hornets,test
Utah Jazz,2023-01-10,Cleveland Cavaliers,test
Detroit Pistons,2023-01-11,Minnesota Timberwolves,test
Washington Wizards,2023-01-11,Chicago Bulls,test
New York Knicks,2023-01-11,Indiana Pacers,test
Atlanta Hawks,2023-01-11,Milwaukee Bucks,test
Boston Celtics,2023-01-11,New Orleans Pelicans,test
Memphis Grizzlies,2023-01-11,San Antonio Spurs,test
Denver Nuggets,2023-01-11,Phoenix Suns,test
Sacramento Kings,2023-01-11,Houston Rockets,test
Portland Trail Blazers,2023-01-12,Cleveland Cavaliers,test
Los Angeles Lakers,2023-01-12,Dallas Mavericks,test
Miami Heat,2023-01-12,Milwaukee Bucks,test
Brooklyn Nets,2023-01-12,Boston Celtics,test
Philadelphia 76ers,2023-01-12,Oklahoma City Thunder,test
Toronto Raptors,2023-01-12,Charlotte Hornets,test
LA Clippers,2023-01-13,Denver Nuggets,test
Indiana Pacers,2023-01-13,Atlanta Hawks,test
Detroit Pistons,2023-01-13,New Orleans Pelicans,test
Washington Wizards,2023-01-13,New York Knicks,test
San Antonio Spurs,2023-01-13,Golden State Warriors,test
Chicago Bulls,2023-01-13,Oklahoma City Thunder,test
Minnesota Timberwolves,2023-01-13,Phoenix Suns,test
Utah Jazz,2023-01-13,Orlando Magic,test
Sacramento Kings,2023-01-13,Houston Rockets,test
Utah Jazz,2023-01-14,Philadelphia 76ers,test
Portland Trail Blazers,2023-01-14,Dallas Mavericks,test
Minnesota Timberwolves,2023-01-14,Cleveland Cavaliers,test
Charlotte Hornets,2023-01-14,Boston Celtics,test
Indiana Pacers,2023-01-14,Memphis Grizzlies,test
Miami Heat,2023-01-14,Milwaukee Bucks,test
Toronto Raptors,2023-01-14,Atlanta Hawks,test
Detroit Pistons,2023-01-15,New York Knicks,test
LA Clippers,2023-01-15,Houston Rockets,test
Chicago Bulls,2023-01-15,Golden State Warriors,test
Brooklyn Nets,2023-01-15,Oklahoma City Thunder,test
San Antonio Spurs,2023-01-15,Sacramento Kings,test
Denver Nuggets,2023-01-15,Orlando Magic,test
Portland Trail Blazers,2023-01-15,Dallas Mavericks,test
Los Angeles Lakers,2023-01-15,Philadelphia 76ers,test
Los Angeles Lakers,2023-01-16,Houston Rockets,test
Minnesota Timberwolves,2023-01-16,Utah Jazz,test
Atlanta Hawks,2023-01-16,Miami Heat,test
Washington Wizards,2023-01-16,Golden State Warriors,test
Memphis Grizzlies,2023-01-16,Phoenix Suns,test
Cleveland Cavaliers,2023-01-16,New Orleans Pelicans,test
Milwaukee Bucks,2023-01-16,Indiana Pacers,test
Charlotte Hornets,2023-01-16,Boston Celtics,test
New York Knicks,2023-01-16,Toronto Raptors,test
Milwaukee Bucks,2023-01-17,Toronto Raptors,test
San Antonio Spurs,2023-01-17,Brooklyn Nets,test
Denver Nuggets,2023-01-17,Portland Trail Blazers,test
LA Clippers,2023-01-17,Philadelphia 76ers,test
Los Angeles Lakers,2023-01-18,Sacramento Kings,test
Denver Nuggets,2023-01-18,Minnesota Timberwolves,test
Utah Jazz,2023-01-18,LA Clippers,test
Houston Rockets,2023-01-18,Charlotte Hornets,test
New York Knicks,2023-01-18,Washington Wizards,test
New Orleans Pelicans,2023-01-18,Miami Heat,test
Memphis Grizzlies,2023-01-18,Cleveland Cavaliers,test
Dallas Mavericks,2023-01-18,Atlanta Hawks,test
Oklahoma City Thunder,2023-01-18,Indiana Pacers,test
Phoenix Suns,2023-01-19,Brooklyn Nets,test
Portland Trail Blazers,2023-01-19,Philadelphia 76ers,test
Detroit Pistons,2023-01-19,Chicago Bulls,test
Boston Celtics,2023-01-19,Golden State Warriors,test
Minnesota Timberwolves,2023-01-19,Toronto Raptors,test
Orlando Magic,2023-01-20,New Orleans Pelicans,test
Cleveland Cavaliers,2023-01-20,Golden State Warriors,test
Atlanta Hawks,2023-01-20,New York Knicks,test
Dallas Mavericks,2023-01-20,Miami Heat,test
San Antonio Spurs,2023-01-20,LA Clippers,test
Utah Jazz,2023-01-20,Brooklyn Nets,test
Denver Nuggets,2023-01-20,Indiana Pacers,test
Sacramento Kings,2023-01-20,Oklahoma City Thunder,test
Los Angeles Lakers,2023-01-20,Memphis Grizzlies,test
Sacramento Kings,2023-01-21,Philadelphia 76ers,test
Phoenix Suns,2023-01-21,Indiana Pacers,test
Minnesota Timberwolves,2023-01-21,Houston Rockets,test
Atlanta Hawks,2023-01-21,Charlotte Hornets,test
Washington Wizards,2023-01-21,Orlando Magic,test
Toronto Raptors,2023-01-21,Boston Celtics,test
Cleveland Cavaliers,2023-01-21,Milwaukee Bucks,test
Dallas Mavericks,2023-01-22,LA Clippers,test
Miami Heat,2023-01-22,New Orleans Pelicans,test
Toronto Raptors,2023-01-22,New York Knicks,test
Denver Nuggets,2023-01-22,Oklahoma City Thunder,test
Phoenix Suns,2023-01-22,Memphis Grizzlies,test
Golden State Warriors,2023-01-22,Brooklyn Nets,test
Portland Trail Blazers,2023-01-22,Los Angeles Lakers,test
Portland Trail Blazers,2023-01-23,San Antonio Spurs,test
Sacramento Kings,2023-01-23,Memphis Grizzlies,test
Utah Jazz,2023-01-23,Charlotte Hornets,test
Houston Rockets,2023-01-23,Minnesota Timberwolves,test
Chicago Bulls,2023-01-23,Atlanta Hawks,test
Orlando Magic,2023-01-23,Boston Celtics,test
Detroit Pistons,2023-01-23,Milwaukee Bucks,test
Indiana Pacers,2023-01-24,Chicago Bulls,test
New York Knicks,2023-01-24,Cleveland Cavaliers,test
Miami Heat,2023-01-24,Boston Celtics,test
New Orleans Pelicans,2023-01-24,Denver Nuggets,test
Dallas Mavericks,2023-01-24,Washington Wizards,test
Phoenix Suns,2023-01-24,Charlotte Hornets,test
Los Angeles Lakers,2023-01-24,LA Clippers,test
Los Angeles Lakers,2023-01-25,San Antonio Spurs,test
Sacramento Kings,2023-01-25,Toronto Raptors,test
Golden State Warriors,2023-01-25,Memphis Grizzlies,test
Portland Trail Blazers,2023-01-25,Utah Jazz,test
Milwaukee Bucks,2023-01-25,Denver Nuggets,test
Oklahoma City Thunder,2023-01-25,Atlanta Hawks,test
New Orleans Pelicans,2023-01-25,Minnesota Timberwolves,test
Philadelphia 76ers,2023-01-25,Brooklyn Nets,test
Orlando Magic,2023-01-25,Indiana Pacers,test
Houston Rockets,2023-01-25,Washington Wizards,test
Boston Celtics,2023-01-26,New York Knicks,test
Brooklyn Nets,2023-01-26,Detroit Pistons,test
Charlotte Hornets,2023-01-26,Chicago Bulls,test
Houston Rockets,2023-01-26,Cleveland Cavaliers,test
Phoenix Suns,2023-01-26,Dallas Mavericks,test
LA Clippers,2023-01-26,San Antonio Spurs,test
Oklahoma City Thunder,2023-01-27,Cleveland Cavaliers,test
Miami Heat,2023-01-27,Orlando Magic,test
Golden State Warriors,2023-01-27,Toronto Raptors,test
Indiana Pacers,2023-01-27,Milwaukee Bucks,test
Minnesota Timberwolves,2023-01-27,Memphis Grizzlies,test
Philadelphia 76ers,2023-01-28,Denver Nuggets,test
Brooklyn Nets,2023-01-28,New York Knicks,test
Orlando Magic,2023-01-28,Chicago Bulls,test
Detroit Pistons,2023-01-28,Houston Rockets,test
Atlanta Hawks,2023-01-28,LA Clippers,test
San Antonio Spurs,2023-01-28,Phoenix Suns,test
New Orleans Pelicans,2023-01-28,Washington Wizards,test
Minnesota Timberwolves,2023-01-28,Sacramento Kings,test
Boston Celtics,2023-01-28,Los Angeles Lakers,test
Utah Jazz,2023-01-28,Dallas Mavericks,test
Portland Trail Blazers,2023-01-28,Toronto Raptors,test
Cleveland Cavaliers,2023-01-29,LA Clippers,test
Milwaukee Bucks,2023-01-29,New Orleans Pelicans,test
Charlotte Hornets,2023-01-29,Miami Heat,test
Memphis Grizzlies,2023-01-29,Indiana Pacers,test
Portland Trail Blazers,2023-01-30,Atlanta Hawks,test
Dallas Mavericks,2023-01-30,Detroit Pistons,test
Minnesota Timberwolves,2023-01-30,Sacramento Kings,test
Phoenix Suns,2023-01-30,Toronto Raptors,test
Oklahoma City Thunder,2023-01-30,Golden State Warriors,test
Brooklyn Nets,2023-01-30,Los Angeles Lakers,test
Philadelphia 76ers,2023-01-30,Orlando Magic,test
San Antonio Spurs,2023-01-30,Washington Wizards,test
Cleveland Cavaliers,2023-01-31,Miami Heat,test
New York Knicks,2023-01-31,Los Angeles Lakers,test
Milwaukee Bucks,2023-01-31,Charlotte Hornets,test
Chicago Bulls,2023-01-31,LA Clippers,test
Denver Nuggets,2023-01-31,New Orleans Pelicans,test
Minnesota Timberwolves,2023-02-01,Golden State Warriors,test
Phoenix Suns,2023-02-01,Atlanta Hawks,test
Houston Rockets,2023-02-01,Oklahoma City Thunder,test
Utah Jazz,2023-02-01,Toronto Raptors,test
Detroit Pistons,2023-02-01,Washington Wizards,test
Boston Celtics,2023-02-01,Brooklyn Nets,test
Philadelphia 76ers,2023-02-01,Orlando Magic,test
San Antonio Spurs,2023-02-01,Sacramento Kings,test
Memphis Grizzlies,2023-02-01,Portland Trail Blazers,test
Indiana Pacers,2023-02-02,Los Angeles Lakers,test
Cleveland Cavaliers,2023-02-02,Memphis Grizzlies,test
New York Knicks,2023-02-02,Miami Heat,test
Chicago Bulls,2023-02-02,Charlotte Hornets,test
Dallas Mavericks,2023-02-02,New Orleans Pelicans,test
Denver Nuggets,2023-02-02,Golden State Warriors,test
Milwaukee Bucks,2023-02-02,LA Clippers,test
Utah Jazz,2023-02-03,Atlanta Hawks,test
Minnesota Timberwolves,2023-02-03,Orlando Magic,test
San Antonio Spurs,2023-02-03,Philadelphia 76ers,test
Houston Rockets,2023-02-03,Toronto Raptors,test
Detroit Pistons,2023-02-03,Charlotte Hornets,test
Washington Wizards,2023-02-03,Portland Trail Blazers,test
Indiana Pacers,2023-02-03,Sacramento Kings,test
Boston Celtics,2023-02-03,Phoenix Suns,test
Milwaukee Bucks,2023-02-04,Miami Heat,test
Denver Nuggets,2023-02-04,Atlanta Hawks,test
Golden State Warriors,2023-02-04,Dallas Mavericks,test
Oklahoma City Thunder,2023-02-04,Houston Rockets,test
New Orleans Pelicans,2023-02-04,Los Angeles Lakers,test
Detroit Pistons,2023-02-04,Phoenix Suns,test
New York Knicks,2023-02-04,LA Clippers,test
Brooklyn Nets,2023-02-04,Washington Wizards,test
Chicago Bulls,2023-02-04,Portland Trail Blazers,test
Charlotte Hornets,2023-02-05,Orlando Magic,test
Indiana Pacers,2023-02-05,Cleveland Cavaliers,test
Memphis Grizzlies,2023-02-05,Toronto Raptors,test
New York Knicks,2023-02-05,Philadelphia 76ers,test
Minnesota Timberwolves,2023-02-05,Denver Nuggets,test
New Orleans Pelicans,2023-02-05,Sacramento Kings,test
Utah Jazz,2023-02-06,Dallas Mavericks,test
Portland Trail Blazers,2023-02-06,Milwaukee Bucks,test
Golden State Warriors,2023-02-06,Oklahoma City Thunder,test
Chicago Bulls,2023-02-06,San Antonio Spurs,test
Detroit Pistons,2023-02-06,Boston Celtics,test
Brooklyn Nets,2023-02-06,LA Clippers,test
Washington Wizards,2023-02-06,Cleveland Cavaliers,test
Houston Rockets,2023-02-06,Sacramento Kings,test
Orlando Magic,2023-02-07,New York Knicks,test
New Orleans Pelicans,2023-02-07,Atlanta Hawks,test
Brooklyn Nets,2023-02-07,Phoenix Suns,test
Memphis Grizzlies,2023-02-07,Chicago Bulls,test
Denver Nuggets,2023-02-07,Minnesota Timberwolves,test
Los Angeles Lakers,2023-02-07,Oklahoma City Thunder,test
LA Clippers,2023-02-08,Dallas Mavericks,test
Portland Trail Blazers,2023-02-08,Golden State Warriors,test
Utah Jazz,2023-02-08,Minnesota Timberwolves,test
Houston Rockets,2023-02-08,Sacramento Kings,test
Miami Heat,2023-02-08,Indiana Pacers,test
Boston Celtics,2023-02-08,Philadelphia 76ers,test
Washington Wizards,2023-02-08,Charlotte Hornets,test
Cleveland Cavaliers,2023-02-08,Detroit Pistons,test
Toronto Raptors,2023-02-08,San Antonio Spurs,test
Orlando Magic,2023-02-09,Denver Nuggets,test
Brooklyn Nets,2023-02-09,Chicago Bulls,test
Atlanta Hawks,2023-02-09,Phoenix Suns,test
Los Angeles Lakers,2023-02-09,Milwaukee Bucks,test
Portland Trail Blazers,2023-02-10,Oklahoma City Thunder,test
LA Clippers,2023-02-10,Milwaukee Bucks,test
Sacramento Kings,2023-02-10,Dallas Mavericks,test
New Orleans Pelicans,2023-02-10,Cleveland Cavaliers,test
Miami Heat,2023-02-10,Houston Rockets,test
Toronto Raptors,2023-02-10,Utah Jazz,test
Boston Celtics,2023-02-10,Charlotte Hornets,test
Philadelphia 76ers,2023-02-10,New York Knicks,test
Detroit Pistons,2023-02-10,San Antonio Spurs,test
Indiana Pacers,2023-02-10,Phoenix Suns,test
Memphis Grizzlies,2023-02-10,Minnesota Timberwolves,test
New York Knicks,2023-02-11,Utah Jazz,test
Brooklyn Nets,2023-02-11,Philadelphia 76ers,test
Washington Wizards,2023-02-11,Indiana Pacers,test
Orlando Magic,2023-02-11,Miami Heat,test
Charlotte Hornets,2023-02-11,Denver Nuggets,test
Atlanta Hawks,2023-02-11,San Antonio Spurs,test
Cleveland Cavaliers,2023-02-11,Chicago Bulls,test
Golden State Warriors,2023-02-11,Los Angeles Lakers,test
Sacramento Kings,2023-02-11,Dallas Mavericks,test
Toronto Raptors,2023-02-12,Detroit Pistons,test
Boston Celtics,2023-02-12,Memphis Grizzlies,test
Portland Trail Blazers,2023-02-13,Los Angeles Lakers,test
Dallas Mavericks,2023-02-13,Minnesota Timberwolves,test
Chicago Bulls,2023-02-13,Orlando Magic,test
Golden State Warriors,2023-02-13,Washington Wizards,test
Oklahoma City Thunder,2023-02-13,New Orleans Pelicans,test
Philadelphia 76ers,2023-02-13,Houston Rockets,test
New York Knicks,2023-02-13,Brooklyn Nets,test
Cleveland Cavaliers,2023-02-13,San Antonio Spurs,test
Indiana Pacers,2023-02-13,Utah Jazz,test
Charlotte Hornets,2023-02-13,Atlanta Hawks,test
Miami Heat,2023-02-13,Denver Nuggets,test
LA Clippers,2023-02-14,Golden State Warriors,test
Phoenix Suns,2023-02-14,Sacramento Kings,test
Portland Trail Blazers,2023-02-14,Washington Wizards,test
Toronto Raptors,2023-02-14,Orlando Magic,test
Milwaukee Bucks,2023-02-14,Boston Celtics,test
Los Angeles Lakers,2023-02-15,New Orleans Pelicans,test
Memphis Grizzlies,2023-02-15,Utah Jazz,test
Denver Nuggets,2023-02-15,Dallas Mavericks,test
Oklahoma City Thunder,2023-02-15,Houston Rockets,test
Atlanta Hawks,2023-02-15,New York Knicks,test
Charlotte Hornets,2023-02-15,San Antonio Spurs,test
Brooklyn Nets,2023-02-15,Miami Heat,test
Boston Celtics,2023-02-15,Detroit Pistons,test
Indiana Pacers,2023-02-15,Chicago Bulls,test
Philadelphia 76ers,2023-02-15,Cleveland Cavaliers,test
Chicago Bulls,2023-02-16,Milwaukee Bucks,test
Minnesota Timberwolves,2023-02-16,Washington Wizards,test
Phoenix Suns,2023-02-16,LA Clippers,test
Los Angeles Lakers,2023-02-23,Golden State Warriors,test
Sacramento Kings,2023-02-23,Portland Trail Blazers,test
Utah Jazz,2023-02-23,Oklahoma City Thunder,test
Dallas Mavericks,2023-02-23,San Antonio Spurs,test
Philadelphia 76ers,2023-02-23,Memphis Grizzlies,test
Cleveland Cavaliers,2023-02-23,Denver Nuggets,test
Indiana Pacers,2023-02-23,Boston Celtics,test
Orlando Magic,2023-02-23,Detroit Pistons,test
Toronto Raptors,2023-02-23,New Orleans Pelicans,test
Golden State Warriors,2023-02-24,Houston Rockets,test
Washington Wizards,2023-02-24,New York Knicks,test
Atlanta Hawks,2023-02-24,Cleveland Cavaliers,test
Milwaukee Bucks,2023-02-24,Miami Heat,test
Chicago Bulls,2023-02-24,Brooklyn Nets,test
Minnesota Timberwolves,2023-02-24,Charlotte Hornets,test
Phoenix Suns,2023-02-24,Oklahoma City Thunder,test
LA Clippers,2023-02-24,Sacramento Kings,test
Utah Jazz,2023-02-25,San Antonio Spurs,test
Philadelphia 76ers,2023-02-25,Boston Celtics,test
Memphis Grizzlies,2023-02-25,Denver Nuggets,test
New York Knicks,2023-02-25,New Orleans Pelicans,test
Orlando Magic,2023-02-25,Indiana Pacers,test
Detroit Pistons,2023-02-25,Toronto Raptors,test
Charlotte Hornets,2023-02-25,Miami Heat,test
Milwaukee Bucks,2023-02-26,Phoenix Suns,test
Atlanta Hawks,2023-02-26,Brooklyn Nets,test
Dallas Mavericks,2023-02-26,Los Angeles Lakers,test
Chicago Bulls,2023-02-26,Washington Wizards,test
Cleveland Cavaliers,2023-02-26,Toronto Raptors,test
Oklahoma City Thunder,2023-02-26,Sacramento Kings,test
Golden State Warriors,2023-02-26,Minnesota Timberwolves,test
Portland Trail Blazers,2023-02-26,Houston Rockets,test
Denver Nuggets,2023-02-26,LA Clippers,test
New Orleans Pelicans,2023-02-27,Orlando Magic,test
New York Knicks,2023-02-27,Boston Celtics,test
Charlotte Hornets,2023-02-27,Detroit Pistons,test
Philadelphia 76ers,2023-02-27,Miami Heat,test
Brooklyn Nets,2023-02-28,Milwaukee Bucks,test
Toronto Raptors,2023-02-28,Chicago Bulls,test
Atlanta Hawks,2023-02-28,Washington Wizards,test
Memphis Grizzlies,2023-02-28,Los Angeles Lakers,test
Oklahoma City Thunder,2023-02-28,Sacramento Kings,test
Houston Rockets,2023-02-28,Denver Nuggets,test
Dallas Mavericks,2023-02-28,Indiana Pacers,test
Utah Jazz,2023-02-28,San Antonio Spurs,test
LA Clippers,2023-02-28,Minnesota Timberwolves,test
Golden State Warriors,2023-02-28,Portland Trail Blazers,test
Milwaukee Bucks,2023-03-01,Orlando Magic,test
Portland Trail Blazers,2023-03-01,New Orleans Pelicans,test
Oklahoma City Thunder,2023-03-01,Los Angeles Lakers,test
Miami Heat,2023-03-01,Philadelphia 76ers,test
Houston Rockets,2023-03-01,Memphis Grizzlies,test
New York Knicks,2023-03-01,Brooklyn Nets,test
Detroit Pistons,2023-03-01,Chicago Bulls,test
Boston Celtics,2023-03-01,Cleveland Cavaliers,test
Charlotte Hornets,2023-03-01,Phoenix Suns,test
Washington Wizards,2023-03-02,Toronto Raptors,test
Dallas Mavericks,2023-03-02,Philadelphia 76ers,test
San Antonio Spurs,2023-03-02,Indiana Pacers,test
Golden State Warriors,2023-03-02,LA Clippers,test
Los Angeles Lakers,2023-03-03,Minnesota Timberwolves,test
Denver Nuggets,2023-03-03,Memphis Grizzlies,test
Golden State Warriors,2023-03-03,New Orleans Pelicans,test
Sacramento Kings,2023-03-03,LA Clippers,test
Chicago Bulls,2023-03-03,Phoenix Suns,test
Boston Celtics,2023-03-03,Brooklyn Nets,test
Oklahoma City Thunder,2023-03-03,Utah Jazz,test
Atlanta Hawks,2023-03-03,Portland Trail Blazers,test
Charlotte Hornets,2023-03-03,Orlando Magic,test
Miami Heat,2023-03-03,New York Knicks,test
Milwaukee Bucks,2023-03-04,Philadelphia 76ers,test
Sacramento Kings,2023-03-04,Minnesota Timberwolves,test
Miami Heat,2023-03-04,Atlanta Hawks,test
Washington Wizards,2023-03-04,Toronto Raptors,test
Cleveland Cavaliers,2023-03-04,Detroit Pistons,test
San Antonio Spurs,2023-03-04,Houston Rockets,test
Dallas Mavericks,2023-03-05,Phoenix Suns,test
Los Angeles Lakers,2023-03-05,Golden State Warriors,test
Chicago Bulls,2023-03-05,Indiana Pacers,test
Brooklyn Nets,2023-03-05,Charlotte Hornets,test
Orlando Magic,2023-03-05,Portland Trail Blazers,test
Houston Rockets,2023-03-05,San Antonio Spurs,test
Oklahoma City Thunder,2023-03-05,Utah Jazz,test
Washington Wizards,2023-03-05,Milwaukee Bucks,test
Boston Celtics,2023-03-05,New York Knicks,test
LA Clippers,2023-03-05,Memphis Grizzlies,test
Denver Nuggets,2023-03-06,Toronto Raptors,test
Sacramento Kings,2023-03-06,New Orleans Pelicans,test
Miami Heat,2023-03-06,Atlanta Hawks,test
Detroit Pistons,2023-03-06,Portland Trail Blazers,test
Cleveland Cavaliers,2023-03-06,Boston Celtics,test
Indiana Pacers,2023-03-06,Philadelphia 76ers,test
Detroit Pistons,2023-03-07,Washington Wizards,test
Orlando Magic,2023-03-07,Milwaukee Bucks,test
Minnesota Timberwolves,2023-03-07,Philadelphia 76ers,test
New York Knicks,2023-03-07,Charlotte Hornets,test
Houston Rockets,2023-03-07,Brooklyn Nets,test
Oklahoma City Thunder,2023-03-07,Golden State Warriors,test
Dallas Mavericks,2023-03-07,Utah Jazz,test
Los Angeles Lakers,2023-03-07,Memphis Grizzlies,test
Phoenix Suns,2023-03-08,Oklahoma City Thunder,test
Denver Nuggets,2023-03-08,Chicago Bulls,test
New Orleans Pelicans,2023-03-08,Dallas Mavericks,test
LA Clippers,2023-03-08,Toronto Raptors,test
Boston Celtics,2023-03-08,Portland Trail Blazers,test
Washington Wizards,2023-03-08,Atlanta Hawks,test
Miami Heat,2023-03-08,Cleveland Cavaliers,test
Detroit Pistons,2023-03-09,Charlotte Hornets,test
Orlando Magic,2023-03-09,Utah Jazz,test
Indiana Pacers,2023-03-09,Houston Rockets,test
Memphis Grizzlies,2023-03-09,Golden State Warriors,test
Milwaukee Bucks,2023-03-09,Brooklyn Nets,test
Sacramento Kings,2023-03-09,New York Knicks,test
Los Angeles Lakers,2023-03-10,Toronto Raptors,test
Miami Heat,2023-03-10,Cleveland Cavaliers,test
Minnesota Timberwolves,2023-03-10,Brooklyn Nets,test
Philadelphia 76ers,2023-03-10,Portland Trail Blazers,test
Washington Wizards,2023-03-10,Atlanta Hawks,test
San Antonio Spurs,2023-03-10,Denver Nuggets,test
Memphis Grizzlies,2023-03-11,Dallas Mavericks,test
Golden State Warriors,2023-03-11,Milwaukee Bucks,test
New Orleans Pelicans,2023-03-11,Oklahoma City Thunder,test
Phoenix Suns,2023-03-11,Sacramento Kings,test
Houston Rockets,2023-03-11,Chicago Bulls,test
Detroit Pistons,2023-03-11,Indiana Pacers,test
Orlando Magic,2023-03-11,Miami Heat,test
Charlotte Hornets,2023-03-11,Utah Jazz,test
LA Clippers,2023-03-11,New York Knicks,test
Atlanta Hawks,2023-03-11,Boston Celtics,test
Denver Nuggets,2023-03-12,Brooklyn Nets,test
Charlotte Hornets,2023-03-12,Cleveland Cavaliers,test
Philadelphia 76ers,2023-03-12,Washington Wizards,test
New Orleans Pelicans,2023-03-12,Portland Trail Blazers,test
San Antonio Spurs,2023-03-12,Oklahoma City Thunder,test
Los Angeles Lakers,2023-03-12,New York Knicks,test
Golden State Warriors,2023-03-13,Phoenix Suns,test
Sacramento Kings,2023-03-13,Milwaukee Bucks,test
Houston Rockets,2023-03-13,Boston Celtics,test
Miami Heat,2023-03-13,Utah Jazz,test
Atlanta Hawks,2023-03-13,Minnesota Timberwolves,test
Detroit Pistons,2023-03-13,Indiana Pacers,test
Dallas Mavericks,2023-03-13,Memphis Grizzlies,test
Charlotte Hornets,2023-03-14,Cleveland Cavaliers,test
Washington Wizards,2023-03-14,Detroit Pistons,test
Toronto Raptors,2023-03-14,Denver Nuggets,test
San Antonio Spurs,2023-03-14,Orlando Magic,test
New Orleans Pelicans,2023-03-14,Los Angeles Lakers,test
Oklahoma City Thunder,2023-03-14,Brooklyn Nets,test
Portland Trail Blazers,2023-03-14,New York Knicks,test
Phoenix Suns,2023-03-14,Milwaukee Bucks,test
LA Clippers,2023-03-15,Golden State Warriors,test
San Antonio Spurs,2023-03-15,Dallas Mavericks,test
Chicago Bulls,2023-03-15,Sacramento Kings,test
Miami Heat,2023-03-15,Memphis Grizzlies,test
Houston Rockets,2023-03-15,Los Angeles Lakers,test
Cleveland Cavaliers,2023-03-15,Philadelphia 76ers,test
Minnesota Timberwolves,2023-03-15,Boston Celtics,test
Detroit Pistons,2023-03-16,Denver Nuggets,test
Brooklyn Nets,2023-03-16,Sacramento Kings,test
Toronto Raptors,2023-03-16,Oklahoma City Thunder,test
Milwaukee Bucks,2023-03-16,Indiana Pacers,test
Phoenix Suns,2023-03-16,Orlando Magic,test
Los Angeles Lakers,2023-03-17,Dallas Mavericks,test
Portland Trail Blazers,2023-03-17,Boston Celtics,test
San Antonio Spurs,2023-03-17,Memphis Grizzlies,test
Chicago Bulls,2023-03-17,Minnesota Timberwolves,test
Cleveland Cavaliers,2023-03-17,Washington Wizards,test
Atlanta Hawks,2023-03-17,Golden State Warriors,test
Charlotte Hornets,2023-03-17,Philadelphia 76ers,test
Houston Rockets,2023-03-17,New Orleans Pelicans,test
New York Knicks,2023-03-18,Denver Nuggets,test
LA Clippers,2023-03-18,Orlando Magic,test
Toronto Raptors,2023-03-18,Minnesota Timberwolves,test
Indiana Pacers,2023-03-18,Philadelphia 76ers,test
Chicago Bulls,2023-03-18,Miami Heat,test
Memphis Grizzlies,2023-03-18,Golden State Warriors,test
Washington Wizards,2023-03-18,Sacramento Kings,test
Utah Jazz,2023-03-18,Boston Celtics,test
Milwaukee Bucks,2023-03-19,Toronto Raptors,test
Los Angeles Lakers,2023-03-19,Orlando Magic,test
Houston Rockets,2023-03-19,New Orleans Pelicans,test
Portland Trail Blazers,2023-03-19,LA Clippers,test
San Antonio Spurs,2023-03-19,Atlanta Hawks,test
Brooklyn Nets,2023-03-19,Denver Nuggets,test
Oklahoma City Thunder,2023-03-19,Phoenix Suns,test
Detroit Pistons,2023-03-19,Miami Heat,test
Philadelphia 76ers,2023-03-20,Chicago Bulls,test
Charlotte Hornets,2023-03-20,Indiana Pacers,test
New York Knicks,2023-03-20,Minnesota Timberwolves,test
Memphis Grizzlies,2023-03-20,Dallas Mavericks,test
Houston Rockets,2023-03-20,Golden State Warriors,test
Utah Jazz,2023-03-20,Sacramento Kings,test
LA Clippers,2023-03-21,Oklahoma City Thunder,test
Sacramento Kings,2023-03-21,Boston Celtics,test
New Orleans Pelicans,2023-03-21,San Antonio Spurs,test
Orlando Magic,2023-03-21,Washington Wizards,test
Atlanta Hawks,2023-03-21,Detroit Pistons,test
Brooklyn Nets,2023-03-21,Cleveland Cavaliers,test
Chicago Bulls,2023-03-22,Philadelphia 76ers,test
Los Angeles Lakers,2023-03-22,Phoenix Suns,test
Utah Jazz,2023-03-22,Portland Trail Blazers,test
Milwaukee Bucks,2023-03-22,San Antonio Spurs,test
Memphis Grizzlies,2023-03-22,Houston Rockets,test
Washington Wizards,2023-03-22,Denver Nuggets,test
Toronto Raptors,2023-03-22,Indiana Pacers,test
Miami Heat,2023-03-22,New York Knicks,test
Dallas Mavericks,2023-03-22,Golden State Warriors,test
Minnesota Timberwolves,2023-03-22,Atlanta Hawks,test
Orlando Magic,2023-03-23,New York Knicks,test
Brooklyn Nets,2023-03-23,Cleveland Cavaliers,test
New Orleans Pelicans,2023-03-23,Charlotte Hornets,test
LA Clippers,2023-03-23,Oklahoma City Thunder,test
Los Angeles Lakers,2023-03-24,Oklahoma City Thunder,test
Golden State Warriors,2023-03-24,Philadelphia 76ers,test
Sacramento Kings,2023-03-24,Phoenix Suns,test
Utah Jazz,2023-03-24,Milwaukee Bucks,test
Portland Trail Blazers,2023-03-24,Chicago Bulls,test
Memphis Grizzlies,2023-03-24,Houston Rockets,test
Toronto Raptors,2023-03-24,Detroit Pistons,test
Boston Celtics,2023-03-24,Indiana Pacers,test
Washington Wizards,2023-03-24,San Antonio Spurs,test
Dallas Mavericks,2023-03-24,Charlotte Hornets,test
Atlanta Hawks,2023-03-25,Indiana Pacers,test
Miami Heat,2023-03-25,Brooklyn Nets,test
Denver Nuggets,2023-03-25,Milwaukee Bucks,test
Sacramento Kings,2023-03-25,Utah Jazz,test
Phoenix Suns,2023-03-25,Philadelphia 76ers,test
LA Clippers,2023-03-25,New Orleans Pelicans,test
Golden State Warriors,2023-03-26,Minnesota Timberwolves,test
Portland Trail Blazers,2023-03-26,Oklahoma City Thunder,test
Atlanta Hawks,2023-03-26,Memphis Grizzlies,test
Orlando Magic,2023-03-26,Brooklyn Nets,test
Cleveland Cavaliers,2023-03-26,Houston Rockets,test
Boston Celtics,2023-03-26,San Antonio Spurs,test
Los Angeles Lakers,2023-03-26,Chicago Bulls,test
Charlotte Hornets,2023-03-26,Dallas Mavericks,test
Toronto Raptors,2023-03-26,Washington Wizards,test
Detroit Pistons,2023-03-27,Milwaukee Bucks,test
Indiana Pacers,2023-03-27,Dallas Mavericks,test
New York Knicks,2023-03-27,Houston Rockets,test
Utah Jazz,2023-03-27,Phoenix Suns,test
Denver Nuggets,2023-03-27,Philadelphia 76ers,test
Sacramento Kings,2023-03-27,Minnesota Timberwolves,test
Portland Trail Blazers,2023-03-27,New Orleans Pelicans,test
LA Clippers,2023-03-27,Chicago Bulls,test
Golden State Warriors,2023-03-28,New Orleans Pelicans,test
Memphis Grizzlies,2023-03-28,Orlando Magic,test
Oklahoma City Thunder,2023-03-28,Charlotte Hornets,test
Toronto Raptors,2023-03-28,Miami Heat,test
Washington Wizards,2023-03-28,Boston Celtics,test
Atlanta Hawks,2023-03-28,Cleveland Cavaliers,test
Phoenix Suns,2023-03-29,Minnesota Timberwolves,test
Portland Trail Blazers,2023-03-29,Sacramento Kings,test
Oklahoma City Thunder,2023-03-29,Detroit Pistons,test
Memphis Grizzlies,2023-03-29,LA Clippers,test
Chicago Bulls,2023-03-29,Los Angeles Lakers,test
Philadelphia 76ers,2023-03-29,Dallas Mavericks,test
New York Knicks,2023-03-29,Miami Heat,test
Brooklyn Nets,2023-03-29,Houston Rockets,test
Indiana Pacers,2023-03-29,Milwaukee Bucks,test
San Antonio Spurs,2023-03-29,Utah Jazz,test
Milwaukee Bucks,2023-03-30,Boston Celtics,test
Denver Nuggets,2023-03-30,New Orleans Pelicans,test
Minnesota Timberwolves,2023-03-31,Los Angeles Lakers,test
Golden State Warriors,2023-03-31,San Antonio Spurs,test
Portland Trail Blazers,2023-03-31,Sacramento Kings,test
Phoenix Suns,2023-03-31,Denver Nuggets,test
Houston Rockets,2023-03-31,Detroit Pistons,test
Memphis Grizzlies,2023-03-31,LA Clippers,test
Charlotte Hornets,2023-03-31,Chicago Bulls,test
Cleveland Cavaliers,2023-03-31,New York Knicks,test
Brooklyn Nets,2023-03-31,Atlanta Hawks,test
Indiana Pacers,2023-03-31,Oklahoma City Thunder,test
Washington Wizards,2023-03-31,Orlando Magic,test
Philadelphia 76ers,2023-03-31,Toronto Raptors,test
Boston Celtics,2023-03-31,Utah Jazz,test
Miami Heat,2023-04-01,Dallas Mavericks,test
New Orleans Pelicans,2023-04-01,LA Clippers,test
Atlanta Hawks,2023-04-02,Dallas Mavericks,test
Cleveland Cavaliers,2023-04-02,Indiana Pacers,test
Milwaukee Bucks,2023-04-02,Philadelphia 76ers,test
Denver Nuggets,2023-04-02,Golden State Warriors,test
Orlando Magic,2023-04-02,Detroit Pistons,test
Oklahoma City Thunder,2023-04-02,Phoenix Suns,test
New York Knicks,2023-04-02,Washington Wizards,test
Sacramento Kings,2023-04-02,San Antonio Spurs,test
Charlotte Hornets,2023-04-02,Toronto Raptors,test
Minnesota Timberwolves,2023-04-02,Portland Trail Blazers,test
Houston Rockets,2023-04-02,Los Angeles Lakers,test
Brooklyn Nets,2023-04-02,Utah Jazz,test
Chicago Bulls,2023-04-02,Memphis Grizzlies,test
Golden State Warriors,2023-04-04,Oklahoma City Thunder,test
Phoenix Suns,2023-04-04,San Antonio Spurs,test
Utah Jazz,2023-04-04,Los Angeles Lakers,test
Chicago Bulls,2023-04-04,Atlanta Hawks,test
New Orleans Pelicans,2023-04-04,Sacramento Kings,test
Houston Rockets,2023-04-04,Denver Nuggets,test
Philadelphia 76ers,2023-04-04,Boston Celtics,test
Brooklyn Nets,2023-04-04,Minnesota Timberwolves,test
Charlotte Hornets,2023-04-04,Toronto Raptors,test
Orlando Magic,2023-04-04,Cleveland Cavaliers,test
Washington Wizards,2023-04-04,Milwaukee Bucks,test
Detroit Pistons,2023-04-04,Miami Heat,test
Memphis Grizzlies,2023-04-04,Portland Trail Blazers,test
New Orleans Pelicans,2023-04-05,Memphis Grizzlies,test
LA Clippers,2023-04-05,Los Angeles Lakers,test
Dallas Mavericks,2023-04-05,Sacramento Kings,test
Milwaukee Bucks,2023-04-05,Chicago Bulls,test
Indiana Pacers,2023-04-05,New York Knicks,test
Atlanta Hawks,2023-04-05,Washington Wizards,test
Detroit Pistons,2023-04-05,Brooklyn Nets,test
Boston Celtics,2023-04-05,Toronto Raptors,test
Orlando Magic,2023-04-06,Cleveland Cavaliers,test
Philadelphia 76ers,2023-04-06,Miami Heat,test
San Antonio Spurs,2023-04-06,Portland Trail Blazers,test
Utah Jazz,2023-04-06,Oklahoma City Thunder,test
Phoenix Suns,2023-04-06,Denver Nuggets,test
New Orleans Pelicans,2023-04-07,New York Knicks,test
Los Angeles Lakers,2023-04-07,Phoenix Suns,test
Sacramento Kings,2023-04-07,Golden State Warriors,test
Dallas Mavericks,2023-04-07,Chicago Bulls,test
Milwaukee Bucks,2023-04-07,Memphis Grizzlies,test
Brooklyn Nets,2023-04-07,Orlando Magic,test
Boston Celtics,2023-04-07,Toronto Raptors,test
Indiana Pacers,2023-04-07,Detroit Pistons,test
Washington Wizards,2023-04-07,Miami Heat,test
Charlotte Hornets,2023-04-07,Houston Rockets,test
Atlanta Hawks,2023-04-07,Philadelphia 76ers,test
Utah Jazz,2023-04-08,Denver Nuggets,test
LA Clippers,2023-04-08,Portland Trail Blazers,test
San Antonio Spurs,2023-04-08,Minnesota Timberwolves,test
Chicago Bulls,2023-04-09,Detroit Pistons,test
Minnesota Timberwolves,2023-04-09,New Orleans Pelicans,test
Phoenix Suns,2023-04-09,LA Clippers,test
Portland Trail Blazers,2023-04-09,Golden State Warriors,test
Los Angeles Lakers,2023-04-09,Utah Jazz,test
Denver Nuggets,2023-04-09,Sacramento Kings,test
Oklahoma City Thunder,2023-04-09,Memphis Grizzlies,test
Dallas Mavericks,2023-04-09,San Antonio Spurs,test
Miami Heat,2023-04-09,Orlando Magic,test
Cleveland Cavaliers,2023-04-09,Charlotte Hornets,test
Washington Wizards,2023-04-09,Houston Rockets,test
New York Knicks,2023-04-09,Indiana Pacers,test
Brooklyn Nets,2023-04-09,Philadelphia 76ers,test
Boston Celtics,2023-04-09,Atlanta Hawks,test
Toronto Raptors,2023-04-09,Milwaukee Bucks,test
Miami Heat,2023-04-11,Atlanta Hawks,test
Los Angeles Lakers,2023-04-11,Minnesota Timberwolves,test
Toronto Raptors,2023-04-12,Chicago Bulls,test
New Orleans Pelicans,2023-04-12,Oklahoma City Thunder,test
Miami Heat,2023-04-14,Chicago Bulls,test
Minnesota Timberwolves,2023-04-14,Oklahoma City Thunder,test
Sacramento Kings,2023-04-15,Golden State Warriors,test
Cleveland Cavaliers,2023-04-15,New York Knicks,test
Philadelphia 76ers,2023-04-15,Brooklyn Nets,test
Boston Celtics,2023-04-15,Atlanta Hawks,test
Memphis Grizzlies,2023-04-16,Los Angeles Lakers,test
Milwaukee Bucks,2023-04-16,Miami Heat,test
Phoenix Suns,2023-04-16,LA Clippers,test
Denver Nuggets,2023-04-16,Minnesota Timberwolves,test
Philadelphia 76ers,2023-04-17,Brooklyn Nets,test
Sacramento Kings,2023-04-17,Golden State Warriors,test
Boston Celtics,2023-04-18,Atlanta Hawks,test
Cleveland Cavaliers,2023-04-18,New York Knicks,test
Phoenix Suns,2023-04-18,LA Clippers,test
Memphis Grizzlies,2023-04-19,Los Angeles Lakers,test
Milwaukee Bucks,2023-04-19,Miami Heat,test
Denver Nuggets,2023-04-19,Minnesota Timberwolves,test
Golden State Warriors,2023-04-20,Sacramento Kings,test
LA Clippers,2023-04-20,Phoenix Suns,test
Brooklyn Nets,2023-04-20,Philadelphia 76ers,test
Atlanta Hawks,2023-04-21,Boston Celtics,test
New York Knicks,2023-04-21,Cleveland Cavaliers,test
Minnesota Timberwolves,2023-04-21,Denver Nuggets,test
Brooklyn Nets,2023-04-22,Philadelphia 76ers,test
LA Clippers,2023-04-22,Phoenix Suns,test
Miami Heat,2023-04-22,Milwaukee Bucks,test
Los Angeles Lakers,2023-04-22,Memphis Grizzlies,test
New York Knicks,2023-04-23,Cleveland Cavaliers,test
Golden State Warriors,2023-04-23,Sacramento Kings,test
Atlanta Hawks,2023-04-23,Boston Celtics,test
Minnesota Timberwolves,2023-04-23,Denver Nuggets,test
Miami Heat,2023-04-24,Milwaukee Bucks,test
Los Angeles Lakers,2023-04-24,Memphis Grizzlies,test
Phoenix Suns,2023-04-25,LA Clippers,test
Denver Nuggets,2023-04-25,Minnesota Timberwolves,test
Boston Celtics,2023-04-25,Atlanta Hawks,test
Cleveland Cavaliers,2023-04-26,New York Knicks,test
Memphis Grizzlies,2023-04-26,Los Angeles Lakers,test
Milwaukee Bucks,2023-04-26,Miami Heat,test
Sacramento Kings,2023-04-26,Golden State Warriors,test
Atlanta Hawks,2023-04-27,Boston Celtics,test
Golden State Warriors,2023-04-28,Sacramento Kings,test
Los Angeles Lakers,2023-04-28,Memphis Grizzlies,test
Denver Nuggets,2023-04-29,Phoenix Suns,test
New York Knicks,2023-04-30,Miami Heat,test
Sacramento Kings,2023-04-30,Golden State Warriors,test
Boston Celtics,2023-05-01,Philadelphia 76ers,test
Denver Nuggets,2023-05-01,Phoenix Suns,test
Golden State Warriors,2023-05-02,Los Angeles Lakers,test
New York Knicks,2023-05-02,Miami Heat,test
Boston Celtics,2023-05-03,Philadelphia 76ers,test
Golden State Warriors,2023-05-04,Los Angeles Lakers,test
Philadelphia 76ers,2023-05-05,Boston Celtics,test
Phoenix Suns,2023-05-05,Denver Nuggets,test
Miami Heat,2023-05-06,New York Knicks,test
Los Angeles Lakers,2023-05-06,Golden State Warriors,test
Philadelphia 76ers,2023-05-07,Boston Celtics,test
Phoenix Suns,2023-05-07,Denver Nuggets,test
Miami Heat,2023-05-08,New York Knicks,test
Los Angeles Lakers,2023-05-08,Golden State Warriors,test
Boston Celtics,2023-05-09,Philadelphia 76ers,test
Denver Nuggets,2023-05-09,Phoenix Suns,test
New York Knicks,2023-05-10,Miami Heat,test
Golden State Warriors,2023-05-10,Los Angeles Lakers,test
Philadelphia 76ers,2023-05-11,Boston Celtics,test
Phoenix Suns,2023-05-11,Denver Nuggets,test
Los Angeles Lakers,2023-05-12,Golden State Warriors,test
Miami Heat,2023-05-12,New York Knicks,test
Boston Celtics,2023-05-14,Philadelphia 76ers,test
Denver Nuggets,2023-05-16,Los Angeles Lakers,test
Boston Celtics,2023-05-17,Miami Heat,test
Denver Nuggets,2023-05-18,Los Angeles Lakers,test
Boston Celtics,2023-05-19,Miami Heat,test
Los Angeles Lakers,2023-05-20,Denver Nuggets,test
Miami Heat,2023-05-21,Boston Celtics,test
Los Angeles Lakers,2023-05-22,Denver Nuggets,test
Miami Heat,2023-05-23,Boston Celtics,test
Boston Celtics,2023-05-25,Miami Heat,test
Miami Heat,2023-05-27,Boston Celtics,test
Boston Celtics,2023-05-29,Miami Heat,test
Denver Nuggets,2023-06-01,Miami Heat,test
Denver Nuggets,2023-06-04,Miami Heat,test
Miami Heat,2023-06-07,Denver Nuggets,test
Miami Heat,2023-06-09,Denver Nuggets,test
Denver Nuggets,2023-06-12,Miami Heat,test
Sacramento Kings,2023-10-27,Golden State Warriors,test
Utah Jazz,2023-10-27,LA Clippers,test
Dallas Mavericks,2023-10-27,Brooklyn Nets,test
Chicago Bulls,2023-10-27,Toronto Raptors,test
San Antonio Spurs,2023-10-27,Houston Rockets,test
Portland Trail Blazers,2023-10-27,Orlando Magic,test
Boston Celtics,2023-10-27,Miami Heat,test
Atlanta Hawks,2023-10-27,New York Knicks,test
Charlotte Hornets,2023-10-27,Detroit Pistons,test
Memphis Grizzlies,2023-10-27,Denver Nuggets,test
Cleveland Cavaliers,2023-10-27,Oklahoma City Thunder,test
Phoenix Suns,2023-10-28,Utah Jazz,test
Minnesota Timberwolves,2023-10-28,Miami Heat,test
Toronto Raptors,2023-10-28,Philadelphia 76ers,test
Detroit Pistons,2023-10-28,Chicago Bulls,test
Washington Wizards,2023-10-28,Memphis Grizzlies,test
New Orleans Pelicans,2023-10-28,New York Knicks,test
Cleveland Cavaliers,2023-10-28,Indiana Pacers,test
Oklahoma City Thunder,2023-10-29,Denver Nuggets,test
Houston Rockets,2023-10-29,Golden State Warriors,test
Milwaukee Bucks,2023-10-29,Atlanta Hawks,test
Philadelphia 76ers,2023-10-29,Portland Trail Blazers,test
Sacramento Kings,2023-10-29,Los Angeles Lakers,test
LA Clippers,2023-10-29,San Antonio Spurs,test
Los Angeles Lakers,2023-10-30,Orlando Magic,test
Denver Nuggets,2023-10-30,Utah Jazz,test
Milwaukee Bucks,2023-10-30,Miami Heat,test
Oklahoma City Thunder,2023-10-30,Detroit Pistons,test
New Orleans Pelicans,2023-10-30,Golden State Warriors,test
Indiana Pacers,2023-10-30,Chicago Bulls,test
Toronto Raptors,2023-10-30,Portland Trail Blazers,test
Atlanta Hawks,2023-10-30,Minnesota Timberwolves,test
Charlotte Hornets,2023-10-30,Brooklyn Nets,test
Washington Wizards,2023-10-30,Boston Celtics,test
Memphis Grizzlies,2023-10-30,Dallas Mavericks,test
LA Clippers,2023-10-31,Orlando Magic,test
Cleveland Cavaliers,2023-10-31,New York Knicks,test
Phoenix Suns,2023-10-31,San Antonio Spurs,test
Utah Jazz,2023-11-01,Memphis Grizzlies,test
Dallas Mavericks,2023-11-01,Chicago Bulls,test
Los Angeles Lakers,2023-11-01,LA Clippers,test
Minnesota Timberwolves,2023-11-01,Denver Nuggets,test
Golden State Warriors,2023-11-01,Sacramento Kings,test
Houston Rockets,2023-11-01,Charlotte Hornets,test
Oklahoma City Thunder,2023-11-01,New Orleans Pelicans,test
Miami Heat,2023-11-01,Brooklyn Nets,test
New York Knicks,2023-11-01,Cleveland Cavaliers,test
Atlanta Hawks,2023-11-01,Washington Wizards,test
Boston Celtics,2023-11-01,Indiana Pacers,test
Detroit Pistons,2023-11-01,Portland Trail Blazers,test
Toronto Raptors,2023-11-01,Milwaukee Bucks,test
Philadelphia 76ers,2023-11-02,Toronto Raptors,test
New Orleans Pelicans,2023-11-02,Detroit Pistons,test
Utah Jazz,2023-11-02,Orlando Magic,test
Phoenix Suns,2023-11-02,San Antonio Spurs,test
Portland Trail Blazers,2023-11-03,Memphis Grizzlies,test
Denver Nuggets,2023-11-03,Dallas Mavericks,test
Miami Heat,2023-11-03,Washington Wizards,test
Indiana Pacers,2023-11-03,Cleveland Cavaliers,test
Chicago Bulls,2023-11-03,Brooklyn Nets,test
Milwaukee Bucks,2023-11-03,New York Knicks,test
Oklahoma City Thunder,2023-11-03,Golden State Warriors,test
Brooklyn Nets,2023-11-04,Boston Celtics,test
Denver Nuggets,2023-11-04,Chicago Bulls,test
Houston Rockets,2023-11-04,Sacramento Kings,test
Minnesota Timberwolves,2023-11-04,Utah Jazz,test
Philadelphia 76ers,2023-11-04,Phoenix Suns,test
New Orleans Pelicans,2023-11-04,Atlanta Hawks,test
Indiana Pacers,2023-11-04,Charlotte Hornets,test
Orlando Magic,2023-11-04,Los Angeles Lakers,test
Detroit Pistons,2023-11-05,Phoenix Suns,test
San Antonio Spurs,2023-11-05,Toronto Raptors,test
Cleveland Cavaliers,2023-11-05,Golden State Warriors,test
Dallas Mavericks,2023-11-05,Charlotte Hornets,test
Portland Trail Blazers,2023-11-05,Memphis Grizzlies,test
Houston Rockets,2023-11-06,Sacramento Kings,test
Denver Nuggets,2023-11-06,New Orleans Pelicans,test
Minnesota Timberwolves,2023-11-06,Boston Celtics,test
Chicago Bulls,2023-11-06,Utah Jazz,test
Oklahoma City Thunder,2023-11-06,Atlanta Hawks,test
Brooklyn Nets,2023-11-06,Milwaukee Bucks,test
Indiana Pacers,2023-11-06,San Antonio Spurs,test
Miami Heat,2023-11-06,Los Angeles Lakers,test
Orlando Magic,2023-11-06,Dallas Mavericks,test
Philadelphia 76ers,2023-11-06,Washington Wizards,test
Detroit Pistons,2023-11-06,Golden State Warriors,test
New York Knicks,2023-11-06,LA Clippers,test
Sacramento Kings,2023-11-08,Portland Trail Blazers,test
Denver Nuggets,2023-11-08,Golden State Warriors,test
Dallas Mavericks,2023-11-08,Toronto Raptors,test
Oklahoma City Thunder,2023-11-08,Cleveland Cavaliers,test
Milwaukee Bucks,2023-11-08,Detroit Pistons,test
Chicago Bulls,2023-11-08,Phoenix Suns,test
Memphis Grizzlies,2023-11-08,Miami Heat,test
Minnesota Timberwolves,2023-11-08,New Orleans Pelicans,test
Brooklyn Nets,2023-11-08,LA Clippers,test
New York Knicks,2023-11-08,San Antonio Spurs,test
Charlotte Hornets,2023-11-08,Washington Wizards,test
Philadelphia 76ers,2023-11-08,Boston Celtics,test
Indiana Pacers,2023-11-08,Utah Jazz,test
Houston Rockets,2023-11-08,Los Angeles Lakers,test
Indiana Pacers,2023-11-09,Milwaukee Bucks,test
Orlando Magic,2023-11-09,Atlanta Hawks,test
Memphis Grizzlies,2023-11-10,Utah Jazz,test
Sacramento Kings,2023-11-10,Oklahoma City Thunder,test
Dallas Mavericks,2023-11-10,LA Clippers,test
Houston Rockets,2023-11-10,New Orleans Pelicans,test
Phoenix Suns,2023-11-10,Los Angeles Lakers,test
Boston Celtics,2023-11-10,Brooklyn Nets,test
Washington Wizards,2023-11-10,Charlotte Hornets,test
Detroit Pistons,2023-11-10,Philadelphia 76ers,test
San Antonio Spurs,2023-11-10,Minnesota Timberwolves,test
Atlanta Hawks,2023-11-11,Miami Heat,test
Golden State Warriors,2023-11-11,Cleveland Cavaliers,test
Orlando Magic,2023-11-11,Milwaukee Bucks,test
Boston Celtics,2023-11-11,Toronto Raptors,test
Los Angeles Lakers,2023-11-12,Portland Trail Blazers,test
Golden State Warriors,2023-11-12,Minnesota Timberwolves,test
Phoenix Suns,2023-11-12,Oklahoma City Thunder,test
New Orleans Pelicans,2023-11-12,Dallas Mavericks,test
Chicago Bulls,2023-11-12,Detroit Pistons,test
Brooklyn Nets,2023-11-12,Washington Wizards,test
San Antonio Spurs,2023-11-12,Miami Heat,test
Philadelphia 76ers,2023-11-12,Indiana Pacers,test
LA Clippers,2023-11-12,Memphis Grizzlies,test
Houston Rockets,2023-11-12,Denver Nuggets,test
New York Knicks,2023-11-12,Charlotte Hornets,test
Boston Celtics,2023-11-13,New York Knicks,test
Toronto Raptors,2023-11-13,Washington Wizards,test
Milwaukee Bucks,2023-11-13,Chicago Bulls,test
Sacramento Kings,2023-11-13,Cleveland Cavaliers,test
Los Angeles Lakers,2023-11-14,Memphis Grizzlies,test
Golden State Warriors,2023-11-14,Minnesota Timberwolves,test
Denver Nuggets,2023-11-14,LA Clippers,test
Utah Jazz,2023-11-14,Portland Trail Blazers,test
New Orleans Pelicans,2023-11-14,Dallas Mavericks,test
Brooklyn Nets,2023-11-14,Orlando Magic,test
Oklahoma City Thunder,2023-11-14,San Antonio Spurs,test
Philadelphia 76ers,2023-11-14,Indiana Pacers,test
Charlotte Hornets,2023-11-14,Miami Heat,test
Detroit Pistons,2023-11-14,Atlanta Hawks,test
Washington Wizards,2023-11-15,Dallas Mavericks,test
Philadelphia 76ers,2023-11-15,Boston Celtics,test
Toronto Raptors,2023-11-15,Milwaukee Bucks,test
Atlanta Hawks,2023-11-15,New York Knicks,test
Chicago Bulls,2023-11-15,Orlando Magic,test
Phoenix Suns,2023-11-15,Minnesota Timberwolves,test
Los Angeles Lakers,2023-11-15,Sacramento Kings,test
Portland Trail Blazers,2023-11-15,Cleveland Cavaliers,test
Golden State Warriors,2023-11-16,Oklahoma City Thunder,test
Miami Heat,2023-11-16,Brooklyn Nets,test
Charlotte Hornets,2023-11-17,Milwaukee Bucks,test
Washington Wizards,2023-11-17,New York Knicks,test
Toronto Raptors,2023-11-17,Boston Celtics,test
San Antonio Spurs,2023-11-17,Sacramento Kings,test
Atlanta Hawks,2023-11-17,Philadelphia 76ers,test
Cleveland Cavaliers,2023-11-17,Detroit Pistons,test
Chicago Bulls,2023-11-17,Orlando Magic,test
New Orleans Pelicans,2023-11-17,Denver Nuggets,test
Portland Trail Blazers,2023-11-17,Los Angeles Lakers,test
Utah Jazz,2023-11-17,Phoenix Suns,test
LA Clippers,2023-11-17,Houston Rockets,test
Chicago Bulls,2023-11-18,Miami Heat,test
Golden State Warriors,2023-11-18,Oklahoma City Thunder,test
Milwaukee Bucks,2023-11-18,Dallas Mavericks,test
New Orleans Pelicans,2023-11-18,Minnesota Timberwolves,test
Charlotte Hornets,2023-11-18,New York Knicks,test
San Antonio Spurs,2023-11-18,Memphis Grizzlies,test
Portland Trail Blazers,2023-11-19,Oklahoma City Thunder,test
Brooklyn Nets,2023-11-19,Philadelphia 76ers,test
Toronto Raptors,2023-11-19,Detroit Pistons,test
Indiana Pacers,2023-11-19,Orlando Magic,test
Cleveland Cavaliers,2023-11-19,Denver Nuggets,test
Dallas Mavericks,2023-11-19,Sacramento Kings,test
Memphis Grizzlies,2023-11-19,Boston Celtics,test
Utah Jazz,2023-11-19,Phoenix Suns,test
Los Angeles Lakers,2023-11-19,Houston Rockets,test
San Antonio Spurs,2023-11-20,LA Clippers,test
Golden State Warriors,2023-11-20,Houston Rockets,test
Chicago Bulls,2023-11-20,Miami Heat,test
New Orleans Pelicans,2023-11-20,Sacramento Kings,test
Detroit Pistons,2023-11-20,Denver Nuggets,test
Minnesota Timberwolves,2023-11-20,New York Knicks,test
Washington Wizards,2023-11-20,Milwaukee Bucks,test
Charlotte Hornets,2023-11-20,Boston Celtics,test
Orlando Magic,2023-11-21,Toronto Raptors,test
Atlanta Hawks,2023-11-21,Indiana Pacers,test
Philadelphia 76ers,2023-11-21,Cleveland Cavaliers,test
Phoenix Suns,2023-11-21,Portland Trail Blazers,test
Los Angeles Lakers,2023-11-21,Utah Jazz,test
Los Angeles Lakers,2023-11-22,Dallas Mavericks,test
Phoenix Suns,2023-11-22,Golden State Warriors,test
Portland Trail Blazers,2023-11-22,Utah Jazz,test
Minnesota Timberwolves,2023-11-22,Philadelphia 76ers,test
San Antonio Spurs,2023-11-22,LA Clippers,test
Houston Rockets,2023-11-22,Memphis Grizzlies,test
New Orleans Pelicans,2023-11-22,Sacramento Kings,test
Indiana Pacers,2023-11-22,Toronto Raptors,test
Atlanta Hawks,2023-11-22,Brooklyn Nets,test
Boston Celtics,2023-11-22,Milwaukee Bucks,test
Cleveland Cavaliers,2023-11-22,Miami Heat,test
Orlando Magic,2023-11-22,Denver Nuggets,test
Charlotte Hornets,2023-11-22,Washington Wizards,test
Oklahoma City Thunder,2023-11-22,Chicago Bulls,test
Milwaukee Bucks,2023-11-24,Washington Wizards,test
LA Clippers,2023-11-24,New Orleans Pelicans,test
Houston Rockets,2023-11-24,Denver Nuggets,test
Minnesota Timberwolves,2023-11-24,Sacramento Kings,test
Golden State Warriors,2023-11-24,San Antonio Spurs,test
New York Knicks,2023-11-24,Miami Heat,test
Toronto Raptors,2023-11-24,Chicago Bulls,test
Memphis Grizzlies,2023-11-24,Phoenix Suns,test
Orlando Magic,2023-11-24,Boston Celtics,test
Indiana Pacers,2023-11-24,Detroit Pistons,test
Oklahoma City Thunder,2023-11-25,Philadelphia 76ers,test
Brooklyn Nets,2023-11-25,Miami Heat,test
Washington Wizards,2023-11-25,Atlanta Hawks,test
Cleveland Cavaliers,2023-11-25,Los Angeles Lakers,test
Utah Jazz,2023-11-25,New Orleans Pelicans,test
LA Clippers,2023-11-25,Dallas Mavericks,test
Denver Nuggets,2023-11-26,San Antonio Spurs,test
Cleveland Cavaliers,2023-11-26,Toronto Raptors,test
Memphis Grizzlies,2023-11-26,Minnesota Timberwolves,test
Brooklyn Nets,2023-11-26,Chicago Bulls,test
Orlando Magic,2023-11-26,Charlotte Hornets,test
Boston Celtics,2023-11-26,Atlanta Hawks,test
Milwaukee Bucks,2023-11-26,Portland Trail Blazers,test
New York Knicks,2023-11-26,Phoenix Suns,test
Detroit Pistons,2023-11-27,Washington Wizards,test
Indiana Pacers,2023-11-27,Portland Trail Blazers,test
Philadelphia 76ers,2023-11-27,Los Angeles Lakers,test
Utah Jazz,2023-11-27,New Orleans Pelicans,test
LA Clippers,2023-11-27,Denver Nuggets,test
Sacramento Kings,2023-11-28,Golden State Warriors,test
Dallas Mavericks,2023-11-28,Houston Rockets,test
Minnesota Timberwolves,2023-11-28,Oklahoma City Thunder,test
Miami Heat,2023-11-28,Milwaukee Bucks,test
Boston Celtics,2023-11-28,Chicago Bulls,test
New York Knicks,2023-11-28,Charlotte Hornets,test
Brooklyn Nets,2023-11-28,Toronto Raptors,test
Cleveland Cavaliers,2023-11-28,Atlanta Hawks,test
New Orleans Pelicans,2023-11-29,Philadelphia 76ers,test
Sacramento Kings,2023-11-29,LA Clippers,test
Memphis Grizzlies,2023-11-29,Utah Jazz,test
Denver Nuggets,2023-11-29,Houston Rockets,test
Orlando Magic,2023-11-29,Washington Wizards,test
Toronto Raptors,2023-11-29,Phoenix Suns,test
Detroit Pistons,2023-11-29,Los Angeles Lakers,test
Golden State Warriors,2023-11-30,LA Clippers,test
Chicago Bulls,2023-11-30,Milwaukee Bucks,test
Minnesota Timberwolves,2023-11-30,Utah Jazz,test
San Antonio Spurs,2023-11-30,Atlanta Hawks,test
New York Knicks,2023-11-30,Detroit Pistons,test
Miami Heat,2023-11-30,Indiana Pacers,test
Oklahoma City Thunder,2023-11-30,Los Angeles Lakers,test
Brooklyn Nets,2023-11-30,Charlotte Hornets,test
Cleveland Cavaliers,2023-11-30,Portland Trail Blazers,test
Orlando Magic,2023-12-01,Washington Wizards,test
Boston Celtics,2023-12-01,Philadelphia 76ers,test
Toronto Raptors,2023-12-01,New York Knicks,test
Dallas Mavericks,2023-12-01,Memphis Grizzlies,test
New Orleans Pelicans,2023-12-01,San Antonio Spurs,test
Phoenix Suns,2023-12-01,Denver Nuggets,test
Los Angeles Lakers,2023-12-02,Houston Rockets,test
Sacramento Kings,2023-12-02,Denver Nuggets,test
Utah Jazz,2023-12-02,Portland Trail Blazers,test
Phoenix Suns,2023-12-02,Memphis Grizzlies,test
Dallas Mavericks,2023-12-02,Oklahoma City Thunder,test
Milwaukee Bucks,2023-12-02,Atlanta Hawks,test
Chicago Bulls,2023-12-02,New Orleans Pelicans,test
Miami Heat,2023-12-02,Indiana Pacers,test
Brooklyn Nets,2023-12-02,Orlando Magic,test
Detroit Pistons,2023-12-02,Cleveland Cavaliers,test
Charlotte Hornets,2023-12-02,Minnesota Timberwolves,test
LA Clippers,2023-12-02,Golden State Warriors,test
Indiana Pacers,2023-12-04,Boston Celtics,test
Sacramento Kings,2023-12-04,New Orleans Pelicans,test
Milwaukee Bucks,2023-12-05,New York Knicks,test
Los Angeles Lakers,2023-12-05,Phoenix Suns,test
Golden State Warriors,2023-12-06,Portland Trail Blazers,test
LA Clippers,2023-12-06,Denver Nuggets,test
Dallas Mavericks,2023-12-06,Utah Jazz,test
Chicago Bulls,2023-12-06,Charlotte Hornets,test
Houston Rockets,2023-12-06,Oklahoma City Thunder,test
Toronto Raptors,2023-12-06,Miami Heat,test
Minnesota Timberwolves,2023-12-06,San Antonio Spurs,test
Washington Wizards,2023-12-06,Philadelphia 76ers,test
Cleveland Cavaliers,2023-12-06,Orlando Magic,test
Detroit Pistons,2023-12-06,Memphis Grizzlies,test
Atlanta Hawks,2023-12-06,Brooklyn Nets,test
Milwaukee Bucks,2023-12-07,Indiana Pacers,test
Los Angeles Lakers,2023-12-07,New Orleans Pelicans,test
Utah Jazz,2023-12-08,LA Clippers,test
Portland Trail Blazers,2023-12-08,Dallas Mavericks,test
Denver Nuggets,2023-12-08,Houston Rockets,test
Phoenix Suns,2023-12-08,Sacramento Kings,test
San Antonio Spurs,2023-12-08,Chicago Bulls,test
Oklahoma City Thunder,2023-12-08,Golden State Warriors,test
Miami Heat,2023-12-08,Cleveland Cavaliers,test
Brooklyn Nets,2023-12-08,Washington Wizards,test
Boston Celtics,2023-12-08,New York Knicks,test
Orlando Magic,2023-12-08,Detroit Pistons,test
Charlotte Hornets,2023-12-08,Toronto Raptors,test
Philadelphia 76ers,2023-12-08,Atlanta Hawks,test
Memphis Grizzlies,2023-12-08,Minnesota Timberwolves,test
Los Angeles Lakers,2023-12-09,Indiana Pacers,test
Oklahoma City Thunder,2023-12-11,Utah Jazz,test
Sacramento Kings,2023-12-11,Brooklyn Nets,test
Milwaukee Bucks,2023-12-11,Chicago Bulls,test
LA Clippers,2023-12-11,Portland Trail Blazers,test
Memphis Grizzlies,2023-12-11,Dallas Mavericks,test
Houston Rockets,2023-12-11,San Antonio Spurs,test
New Orleans Pelicans,2023-12-11,Minnesota Timberwolves,test
New York Knicks,2023-12-11,Toronto Raptors,test
Orlando Magic,2023-12-11,Cleveland Cavaliers,test
Philadelphia 76ers,2023-12-11,Washington Wizards,test
Atlanta Hawks,2023-12-11,Denver Nuggets,test
Charlotte Hornets,2023-12-11,Miami Heat,test
Detroit Pistons,2023-12-11,Indiana Pacers,test
Dallas Mavericks,2023-12-12,Los Angeles Lakers,test
Boston Celtics,2023-12-12,Cleveland Cavaliers,test
Chicago Bulls,2023-12-12,Denver Nuggets,test
Phoenix Suns,2023-12-12,Golden State Warriors,test
LA Clippers,2023-12-12,Sacramento Kings,test
Utah Jazz,2023-12-13,New York Knicks,test
Phoenix Suns,2023-12-13,Brooklyn Nets,test
Milwaukee Bucks,2023-12-13,Indiana Pacers,test
San Antonio Spurs,2023-12-13,Los Angeles Lakers,test
Houston Rockets,2023-12-13,Memphis Grizzlies,test
Miami Heat,2023-12-13,Charlotte Hornets,test
Detroit Pistons,2023-12-13,Philadelphia 76ers,test
Washington Wizards,2023-12-13,New Orleans Pelicans,test
Toronto Raptors,2023-12-13,Atlanta Hawks,test
Boston Celtics,2023-12-14,Cleveland Cavaliers,test
Miami Heat,2023-12-14,Chicago Bulls,test
Dallas Mavericks,2023-12-14,Minnesota Timberwolves,test
Denver Nuggets,2023-12-14,Brooklyn Nets,test
Portland Trail Blazers,2023-12-14,Utah Jazz,test
Sacramento Kings,2023-12-14,Oklahoma City Thunder,test
LA Clippers,2023-12-14,Golden State Warriors,test
Boston Celtics,2023-12-15,Orlando Magic,test
Memphis Grizzlies,2023-12-15,Houston Rockets,test
Toronto Raptors,2023-12-15,Atlanta Hawks,test
Phoenix Suns,2023-12-15,New York Knicks,test
Charlotte Hornets,2023-12-15,New Orleans Pelicans,test
Washington Wizards,2023-12-15,Indiana Pacers,test
San Antonio Spurs,2023-12-15,Los Angeles Lakers,test
Philadelphia 76ers,2023-12-15,Detroit Pistons,test
Milwaukee Bucks,2023-12-16,Detroit Pistons,test
Charlotte Hornets,2023-12-16,Philadelphia 76ers,test
Cleveland Cavaliers,2023-12-16,Atlanta Hawks,test
Minnesota Timberwolves,2023-12-16,Indiana Pacers,test
Miami Heat,2023-12-16,Chicago Bulls,test
Golden State Warriors,2023-12-16,Brooklyn Nets,test
Portland Trail Blazers,2023-12-16,Dallas Mavericks,test
Denver Nuggets,2023-12-16,Oklahoma City Thunder,test
Sacramento Kings,2023-12-16,Utah Jazz,test
LA Clippers,2023-12-16,New York Knicks,test
Portland Trail Blazers,2023-12-17,Golden State Warriors,test
Milwaukee Bucks,2023-12-17,Houston Rockets,test
Phoenix Suns,2023-12-17,Washington Wizards,test
Boston Celtics,2023-12-17,Orlando Magic,test
San Antonio Spurs,2023-12-17,New Orleans Pelicans,test
Oklahoma City Thunder,2023-12-18,Memphis Grizzlies,test
Philadelphia 76ers,2023-12-18,Chicago Bulls,test
Indiana Pacers,2023-12-18,LA Clippers,test
Cleveland Cavaliers,2023-12-18,Houston Rockets,test
Toronto Raptors,2023-12-18,Charlotte Hornets,test
Miami Heat,2023-12-18,Minnesota Timberwolves,test
Atlanta Hawks,2023-12-18,Detroit Pistons,test
Utah Jazz,2023-12-18,Brooklyn Nets,test
Denver Nuggets,2023-12-18,Dallas Mavericks,test
Sacramento Kings,2023-12-18,Washington Wizards,test
Los Angeles Lakers,2023-12-18,New York Knicks,test
Portland Trail Blazers,2023-12-19,Phoenix Suns,test
Golden State Warriors,2023-12-19,Boston Celtics,test
New Orleans Pelicans,2023-12-19,Memphis Grizzlies,test
Milwaukee Bucks,2023-12-19,San Antonio Spurs,test
Chicago Bulls,2023-12-20,Los Angeles Lakers,test
Philadelphia 76ers,2023-12-20,Minnesota Timberwolves,test
Sacramento Kings,2023-12-20,Boston Celtics,test
Dallas Mavericks,2023-12-20,LA Clippers,test
Houston Rockets,2023-12-20,Atlanta Hawks,test
Indiana Pacers,2023-12-20,Charlotte Hornets,test
Toronto Raptors,2023-12-20,Denver Nuggets,test
Orlando Magic,2023-12-20,Miami Heat,test
Cleveland Cavaliers,2023-12-20,Utah Jazz,test
Brooklyn Nets,2023-12-20,New York Knicks,test
Detroit Pistons,2023-12-21,Utah Jazz,test
Cleveland Cavaliers,2023-12-21,New Orleans Pelicans,test
Chicago Bulls,2023-12-21,San Antonio Spurs,test
Memphis Grizzlies,2023-12-21,Indiana Pacers,test
Oklahoma City Thunder,2023-12-21,LA Clippers,test
Milwaukee Bucks,2023-12-21,Orlando Magic,test
Minnesota Timberwolves,2023-12-21,Los Angeles Lakers,test
Portland Trail Blazers,2023-12-21,Washington Wizards,test
Sacramento Kings,2023-12-22,Phoenix Suns,test
Houston Rockets,2023-12-22,Dallas Mavericks,test
Golden State Warriors,2023-12-22,Washington Wizards,test
Brooklyn Nets,2023-12-22,Denver Nuggets,test
Philadelphia 76ers,2023-12-22,Toronto Raptors,test
Miami Heat,2023-12-22,Atlanta Hawks,test
Sacramento Kings,2023-12-23,Minnesota Timberwolves,test
Dallas Mavericks,2023-12-23,San Antonio Spurs,test
Golden State Warriors,2023-12-23,Portland Trail Blazers,test
Oklahoma City Thunder,2023-12-23,Los Angeles Lakers,test
Chicago Bulls,2023-12-23,Cleveland Cavaliers,test
Brooklyn Nets,2023-12-23,Detroit Pistons,test
Atlanta Hawks,2023-12-23,Memphis Grizzlies,test
New Orleans Pelicans,2023-12-23,Houston Rockets,test
Charlotte Hornets,2023-12-23,Denver Nuggets,test
Indiana Pacers,2023-12-23,Orlando Magic,test
LA Clippers,2023-12-23,Boston Celtics,test
New York Knicks,2023-12-23,Milwaukee Bucks,test
Toronto Raptors,2023-12-23,Utah Jazz,test
Phoenix Suns,2023-12-25,Dallas Mavericks,test
Miami Heat,2023-12-25,Philadelphia 76ers,test
New York Knicks,2023-12-25,Milwaukee Bucks,test
Denver Nuggets,2023-12-25,Golden State Warriors,test
Los Angeles Lakers,2023-12-25,Boston Celtics,test
Detroit Pistons,2023-12-26,Brooklyn Nets,test
Washington Wizards,2023-12-26,Orlando Magic,test
Chicago Bulls,2023-12-26,Atlanta Hawks,test
San Antonio Spurs,2023-12-26,Utah Jazz,test
Oklahoma City Thunder,2023-12-26,Minnesota Timberwolves,test
New Orleans Pelicans,2023-12-26,Memphis Grizzlies,test
Houston Rockets,2023-12-26,Indiana Pacers,test
Portland Trail Blazers,2023-12-26,Sacramento Kings,test
LA Clippers,2023-12-26,Charlotte Hornets,test
Dallas Mavericks,2023-12-27,Cleveland Cavaliers,test
Houston Rockets,2023-12-27,Phoenix Suns,test
Oklahoma City Thunder,2023-12-27,New York Knicks,test
Orlando Magic,2023-12-27,Philadelphia 76ers,test
Washington Wizards,2023-12-27,Toronto Raptors,test
Brooklyn Nets,2023-12-27,Milwaukee Bucks,test
Boston Celtics,2023-12-28,Detroit Pistons,test
Chicago Bulls,2023-12-28,Indiana Pacers,test
New Orleans Pelicans,2023-12-28,Utah Jazz,test
Minnesota Timberwolves,2023-12-28,Dallas Mavericks,test
Denver Nuggets,2023-12-28,Memphis Grizzlies,test
Portland Trail Blazers,2023-12-28,San Antonio Spurs,test
Golden State Warriors,2023-12-28,Miami Heat,test
Los Angeles Lakers,2023-12-28,Charlotte Hornets,test
Phoenix Suns,2023-12-29,Charlotte Hornets,test
LA Clippers,2023-12-29,Memphis Grizzlies,test
Portland Trail Blazers,2023-12-29,San Antonio Spurs,test
Houston Rockets,2023-12-29,Philadelphia 76ers,test
Denver Nuggets,2023-12-29,Oklahoma City Thunder,test
Boston Celtics,2023-12-29,Toronto Raptors,test
Cleveland Cavaliers,2023-12-29,Milwaukee Bucks,test
Atlanta Hawks,2023-12-29,Sacramento Kings,test
Orlando Magic,2023-12-29,New York Knicks,test
Washington Wizards,2023-12-29,Brooklyn Nets,test
Minnesota Timberwolves,2023-12-30,Los Angeles Lakers,test
Chicago Bulls,2023-12-30,Philadelphia 76ers,test
Golden State Warriors,2023-12-30,Dallas Mavericks,test
Detroit Pistons,2023-12-30,Toronto Raptors,test
Utah Jazz,2023-12-30,Miami Heat,test
Indiana Pacers,2023-12-30,New York Knicks,test
Washington Wizards,2023-12-31,Atlanta Hawks,test
San Antonio Spurs,2023-12-31,Boston Celtics,test
New Orleans Pelicans,2023-12-31,Los Angeles Lakers,test
Oklahoma City Thunder,2023-12-31,Brooklyn Nets,test
Phoenix Suns,2023-12-31,Orlando Magic,test
Memphis Grizzlies,2023-12-31,Sacramento Kings,test
Denver Nuggets,2024-01-01,Charlotte Hornets,test
LA Clippers,2024-01-01,Miami Heat,test
Utah Jazz,2024-01-01,Dallas Mavericks,test
Phoenix Suns,2024-01-01,Portland Trail Blazers,test
Toronto Raptors,2024-01-01,Cleveland Cavaliers,test
Milwaukee Bucks,2024-01-01,Indiana Pacers,test
New York Knicks,2024-01-01,Minnesota Timberwolves,test
Houston Rockets,2024-01-01,Detroit Pistons,test
Philadelphia 76ers,2024-01-02,Chicago Bulls,test
New Orleans Pelicans,2024-01-02,Brooklyn Nets,test
Oklahoma City Thunder,2024-01-02,Boston Celtics,test
Memphis Grizzlies,2024-01-02,San Antonio Spurs,test
Golden State Warriors,2024-01-02,Orlando Magic,test
Sacramento Kings,2024-01-02,Charlotte Hornets,test
Dallas Mavericks,2024-01-03,Portland Trail Blazers,test
Los Angeles Lakers,2024-01-03,Miami Heat,test
Utah Jazz,2024-01-03,Detroit Pistons,test
Sacramento Kings,2024-01-03,Orlando Magic,test
Phoenix Suns,2024-01-03,LA Clippers,test
New York Knicks,2024-01-03,Chicago Bulls,test
Atlanta Hawks,2024-01-03,Oklahoma City Thunder,test
Memphis Grizzlies,2024-01-03,Toronto Raptors,test
Minnesota Timberwolves,2024-01-03,New Orleans Pelicans,test
Cleveland Cavaliers,2024-01-03,Washington Wizards,test
Indiana Pacers,2024-01-03,Milwaukee Bucks,test
Houston Rockets,2024-01-03,Brooklyn Nets,test
San Antonio Spurs,2024-01-04,Milwaukee Bucks,test
Golden State Warriors,2024-01-04,Denver Nuggets,test
Sacramento Kings,2024-01-05,Toronto Raptors,test
Los Angeles Lakers,2024-01-05,Memphis Grizzlies,test
Golden State Warriors,2024-01-05,Detroit Pistons,test
Denver Nuggets,2024-01-05,Orlando Magic,test
Phoenix Suns,2024-01-05,Miami Heat,test
Dallas Mavericks,2024-01-05,Portland Trail Blazers,test
Chicago Bulls,2024-01-05,Charlotte Hornets,test
New Orleans Pelicans,2024-01-05,LA Clippers,test
Cleveland Cavaliers,2024-01-05,Washington Wizards,test
Brooklyn Nets,2024-01-05,Oklahoma City Thunder,test
Philadelphia 76ers,2024-01-05,New York Knicks,test
Indiana Pacers,2024-01-05,Atlanta Hawks,test
Boston Celtics,2024-01-05,Utah Jazz,test
Houston Rockets,2024-01-05,Minnesota Timberwolves,test
Washington Wizards,2024-01-06,New York Knicks,test
Indiana Pacers,2024-01-06,Boston Celtics,test
Philadelphia 76ers,2024-01-06,Utah Jazz,test
Houston Rockets,2024-01-06,Milwaukee Bucks,test
Denver Nuggets,2024-01-07,Detroit Pistons,test
Los Angeles Lakers,2024-01-07,LA Clippers,test
Golden State Warriors,2024-01-07,Toronto Raptors,test
Dallas Mavericks,2024-01-07,Minnesota Timberwolves,test
Phoenix Suns,2024-01-07,Memphis Grizzlies,test
Orlando Magic,2024-01-07,Atlanta Hawks,test
Sacramento Kings,2024-01-07,New Orleans Pelicans,test
Brooklyn Nets,2024-01-07,Portland Trail Blazers,test
Cleveland Cavaliers,2024-01-07,San Antonio Spurs,test
Milwaukee Bucks,2024-01-08,Utah Jazz,test
Miami Heat,2024-01-08,Houston Rockets,test
LA Clippers,2024-01-08,Phoenix Suns,test
Charlotte Hornets,2024-01-08,Chicago Bulls,test
Washington Wizards,2024-01-08,Oklahoma City Thunder,test
Indiana Pacers,2024-01-08,Boston Celtics,test
Orlando Magic,2024-01-09,Minnesota Timberwolves,test
Detroit Pistons,2024-01-09,Sacramento Kings,test
New York Knicks,2024-01-09,Portland Trail Blazers,test
Dallas Mavericks,2024-01-09,Memphis Grizzlies,test
Los Angeles Lakers,2024-01-09,Toronto Raptors,test
Chicago Bulls,2024-01-10,Houston Rockets,test
LA Clippers,2024-01-10,Toronto Raptors,test
Utah Jazz,2024-01-10,Denver Nuggets,test
Golden State Warriors,2024-01-10,New Orleans Pelicans,test
Atlanta Hawks,2024-01-10,Philadelphia 76ers,test
Indiana Pacers,2024-01-10,Washington Wizards,test
Boston Celtics,2024-01-10,Minnesota Timberwolves,test
Charlotte Hornets,2024-01-10,Sacramento Kings,test
Detroit Pistons,2024-01-10,San Antonio Spurs,test
Miami Heat,2024-01-10,Oklahoma City Thunder,test
Cleveland Cavaliers,2024-01-11,Brooklyn Nets,test
Milwaukee Bucks,2024-01-11,Boston Celtics,test
Oklahoma City Thunder,2024-01-11,Portland Trail Blazers,test
Dallas Mavericks,2024-01-11,New York Knicks,test
Los Angeles Lakers,2024-01-11,Phoenix Suns,test
Miami Heat,2024-01-12,Orlando Magic,test
Denver Nuggets,2024-01-12,New Orleans Pelicans,test
Utah Jazz,2024-01-12,Toronto Raptors,test
Minnesota Timberwolves,2024-01-12,Portland Trail Blazers,test
Chicago Bulls,2024-01-12,Golden State Warriors,test
Philadelphia 76ers,2024-01-12,Sacramento Kings,test
Memphis Grizzlies,2024-01-12,LA Clippers,test
Detroit Pistons,2024-01-12,Houston Rockets,test
Atlanta Hawks,2024-01-12,Indiana Pacers,test
San Antonio Spurs,2024-01-12,Charlotte Hornets,test
Boston Celtics,2024-01-13,Houston Rockets,test
Atlanta Hawks,2024-01-13,Washington Wizards,test
Memphis Grizzlies,2024-01-13,New York Knicks,test
Oklahoma City Thunder,2024-01-13,Orlando Magic,test
Milwaukee Bucks,2024-01-13,Golden State Warriors,test
San Antonio Spurs,2024-01-13,Chicago Bulls,test
Dallas Mavericks,2024-01-13,New Orleans Pelicans,test
Utah Jazz,2024-01-13,Los Angeles Lakers,test
Portland Trail Blazers,2024-01-14,Phoenix Suns,test
Milwaukee Bucks,2024-01-14,Sacramento Kings,test
Minnesota Timberwolves,2024-01-14,LA Clippers,test
Denver Nuggets,2024-01-14,Indiana Pacers,test
Miami Heat,2024-01-14,Charlotte Hornets,test
Los Angeles Lakers,2024-01-15,Oklahoma City Thunder,test
Philadelphia 76ers,2024-01-15,Houston Rockets,test
Dallas Mavericks,2024-01-15,New Orleans Pelicans,test
Washington Wizards,2024-01-15,Detroit Pistons,test
New York Knicks,2024-01-15,Orlando Magic,test
Atlanta Hawks,2024-01-15,San Antonio Spurs,test
Memphis Grizzlies,2024-01-15,Golden State Warriors,test
Cleveland Cavaliers,2024-01-15,Chicago Bulls,test
Toronto Raptors,2024-01-15,Boston Celtics,test
Brooklyn Nets,2024-01-15,Miami Heat,test
Utah Jazz,2024-01-15,Indiana Pacers,test
LA Clippers,2024-01-16,Oklahoma City Thunder,test
Phoenix Suns,2024-01-16,Sacramento Kings,test
Philadelphia 76ers,2024-01-16,Denver Nuggets,test
Portland Trail Blazers,2024-01-17,Brooklyn Nets,test
New Orleans Pelicans,2024-01-17,Charlotte Hornets,test
New York Knicks,2024-01-17,Houston Rockets,test
Boston Celtics,2024-01-17,San Antonio Spurs,test
Los Angeles Lakers,2024-01-17,Dallas Mavericks,test
Toronto Raptors,2024-01-17,Miami Heat,test
Atlanta Hawks,2024-01-17,Orlando Magic,test
Detroit Pistons,2024-01-17,Minnesota Timberwolves,test
Cleveland Cavaliers,2024-01-17,Milwaukee Bucks,test
Toronto Raptors,2024-01-18,Chicago Bulls,test
New York Knicks,2024-01-18,Washington Wizards,test
Utah Jazz,2024-01-18,Oklahoma City Thunder,test
Minnesota Timberwolves,2024-01-18,Memphis Grizzlies,test
Sacramento Kings,2024-01-18,Indiana Pacers,test
Portland Trail Blazers,2024-01-19,Indiana Pacers,test
Los Angeles Lakers,2024-01-19,Brooklyn Nets,test
Miami Heat,2024-01-19,Atlanta Hawks,test
Orlando Magic,2024-01-19,Philadelphia 76ers,test
Boston Celtics,2024-01-19,Denver Nuggets,test
Charlotte Hornets,2024-01-19,San Antonio Spurs,test
New Orleans Pelicans,2024-01-19,Phoenix Suns,test
Detroit Pistons,2024-01-20,Milwaukee Bucks,test
Charlotte Hornets,2024-01-20,Philadelphia 76ers,test
Washington Wizards,2024-01-20,San Antonio Spurs,test
Atlanta Hawks,2024-01-20,Cleveland Cavaliers,test
New York Knicks,2024-01-20,Toronto Raptors,test
Chicago Bulls,2024-01-20,Memphis Grizzlies,test
Houston Rockets,2024-01-20,Utah Jazz,test
Minnesota Timberwolves,2024-01-20,Oklahoma City Thunder,test
Phoenix Suns,2024-01-21,Indiana Pacers,test
Los Angeles Lakers,2024-01-21,Portland Trail Blazers,test
Houston Rockets,2024-01-21,Boston Celtics,test
Orlando Magic,2024-01-21,Miami Heat,test
Washington Wizards,2024-01-21,Denver Nuggets,test
LA Clippers,2024-01-21,Brooklyn Nets,test
Phoenix Suns,2024-01-22,Chicago Bulls,test
Dallas Mavericks,2024-01-22,Boston Celtics,test
Minnesota Timberwolves,2024-01-22,Charlotte Hornets,test
Sacramento Kings,2024-01-22,Atlanta Hawks,test
Philadelphia 76ers,2024-01-22,San Antonio Spurs,test
Detroit Pistons,2024-01-22,Milwaukee Bucks,test
Orlando Magic,2024-01-22,Cleveland Cavaliers,test
Toronto Raptors,2024-01-22,Memphis Grizzlies,test
Indiana Pacers,2024-01-23,Denver Nuggets,test
Brooklyn Nets,2024-01-23,New York Knicks,test
New Orleans Pelicans,2024-01-23,Utah Jazz,test
Oklahoma City Thunder,2024-01-23,Portland Trail Blazers,test
LA Clippers,2024-01-23,Los Angeles Lakers,test
Dallas Mavericks,2024-01-24,Phoenix Suns,test
Golden State Warriors,2024-01-24,Atlanta Hawks,test
San Antonio Spurs,2024-01-24,Oklahoma City Thunder,test
Houston Rockets,2024-01-24,Portland Trail Blazers,test
Detroit Pistons,2024-01-24,Charlotte Hornets,test
Miami Heat,2024-01-24,Memphis Grizzlies,test
Washington Wizards,2024-01-24,Minnesota Timberwolves,test
Milwaukee Bucks,2024-01-24,Cleveland Cavaliers,test
Los Angeles Lakers,2024-01-25,Chicago Bulls,test
Washington Wizards,2024-01-25,Utah Jazz,test
Indiana Pacers,2024-01-25,Philadelphia 76ers,test
New York Knicks,2024-01-25,Denver Nuggets,test
Miami Heat,2024-01-25,Boston Celtics,test
Brooklyn Nets,2024-01-25,Minnesota Timberwolves,test
Golden State Warriors,2024-01-25,Sacramento Kings,test
Milwaukee Bucks,2024-01-26,Cleveland Cavaliers,test
Memphis Grizzlies,2024-01-26,Orlando Magic,test
San Antonio Spurs,2024-01-26,Portland Trail Blazers,test
New Orleans Pelicans,2024-01-26,Oklahoma City Thunder,test
Indiana Pacers,2024-01-26,Phoenix Suns,test
Atlanta Hawks,2024-01-26,Dallas Mavericks,test
Charlotte Hornets,2024-01-26,Houston Rockets,test
Toronto Raptors,2024-01-26,LA Clippers,test
Detroit Pistons,2024-01-27,Washington Wizards,test
New York Knicks,2024-01-27,Miami Heat,test
Denver Nuggets,2024-01-27,Philadelphia 76ers,test
Brooklyn Nets,2024-01-27,Houston Rockets,test
Charlotte Hornets,2024-01-27,Utah Jazz,test
Boston Celtics,2024-01-27,LA Clippers,test
Milwaukee Bucks,2024-01-27,New Orleans Pelicans,test
San Antonio Spurs,2024-01-27,Minnesota Timberwolves,test
Golden State Warriors,2024-01-27,Los Angeles Lakers,test
Dallas Mavericks,2024-01-27,Sacramento Kings,test
Portland Trail Blazers,2024-01-28,Chicago Bulls,test
Orlando Magic,2024-01-28,Phoenix Suns,test
Atlanta Hawks,2024-01-28,Toronto Raptors,test
Indiana Pacers,2024-01-28,Memphis Grizzlies,test
Detroit Pistons,2024-01-28,Oklahoma City Thunder,test
Charlotte Hornets,2024-01-29,New York Knicks,test
Cleveland Cavaliers,2024-01-29,LA Clippers,test
Brooklyn Nets,2024-01-29,Utah Jazz,test
Boston Celtics,2024-01-29,New Orleans Pelicans,test
Miami Heat,2024-01-29,Phoenix Suns,test
Memphis Grizzlies,2024-01-29,Sacramento Kings,test
Oklahoma City Thunder,2024-01-29,Minnesota Timberwolves,test
Houston Rockets,2024-01-29,Los Angeles Lakers,test
San Antonio Spurs,2024-01-29,Washington Wizards,test
Dallas Mavericks,2024-01-29,Orlando Magic,test
Denver Nuggets,2024-01-29,Milwaukee Bucks,test
Portland Trail Blazers,2024-01-29,Philadelphia 76ers,test
Golden State Warriors,2024-01-30,Philadelphia 76ers,test
Chicago Bulls,2024-01-30,Toronto Raptors,test
New York Knicks,2024-01-30,Utah Jazz,test
Atlanta Hawks,2024-01-30,Los Angeles Lakers,test
Boston Celtics,2024-01-30,Indiana Pacers,test
Cleveland Cavaliers,2024-01-31,Detroit Pistons,test
Charlotte Hornets,2024-01-31,Chicago Bulls,test
Washington Wizards,2024-01-31,LA Clippers,test
Miami Heat,2024-01-31,Sacramento Kings,test
San Antonio Spurs,2024-01-31,Orlando Magic,test
Houston Rockets,2024-01-31,New Orleans Pelicans,test
Minnesota Timberwolves,2024-01-31,Dallas Mavericks,test
Oklahoma City Thunder,2024-01-31,Denver Nuggets,test
Brooklyn Nets,2024-01-31,Phoenix Suns,test
Portland Trail Blazers,2024-01-31,Milwaukee Bucks,test
Utah Jazz,2024-02-01,Philadelphia 76ers,test
Memphis Grizzlies,2024-02-01,Cleveland Cavaliers,test
Boston Celtics,2024-02-01,Los Angeles Lakers,test
New York Knicks,2024-02-01,Indiana Pacers,test
Detroit Pistons,2024-02-02,LA Clippers,test
Washington Wizards,2024-02-02,Miami Heat,test
Indiana Pacers,2024-02-02,Sacramento Kings,test
Atlanta Hawks,2024-02-02,Phoenix Suns,test
Minnesota Timberwolves,2024-02-02,Orlando Magic,test
San Antonio Spurs,2024-02-02,New Orleans Pelicans,test
Houston Rockets,2024-02-02,Toronto Raptors,test
Memphis Grizzlies,2024-02-02,Golden State Warriors,test
Oklahoma City Thunder,2024-02-02,Charlotte Hornets,test
Denver Nuggets,2024-02-02,Portland Trail Blazers,test
Dallas Mavericks,2024-02-03,Milwaukee Bucks,test
New York Knicks,2024-02-03,Los Angeles Lakers,test
San Antonio Spurs,2024-02-03,Cleveland Cavaliers,test
Atlanta Hawks,2024-02-03,Golden State Warriors,test
Philadelphia 76ers,2024-02-03,Brooklyn Nets,test
Chicago Bulls,2024-02-03,Sacramento Kings,test
Detroit Pistons,2024-02-04,Orlando Magic,test
Washington Wizards,2024-02-04,Phoenix Suns,test
Boston Celtics,2024-02-04,Memphis Grizzlies,test
Charlotte Hornets,2024-02-04,Indiana Pacers,test
Miami Heat,2024-02-04,LA Clippers,test
Minnesota Timberwolves,2024-02-04,Houston Rockets,test
Oklahoma City Thunder,2024-02-04,Toronto Raptors,test
Utah Jazz,2024-02-04,Milwaukee Bucks,test
Denver Nuggets,2024-02-04,Portland Trail Blazers,test
Charlotte Hornets,2024-02-05,Los Angeles Lakers,test
New Orleans Pelicans,2024-02-05,Toronto Raptors,test
Brooklyn Nets,2024-02-05,Golden State Warriors,test
Philadelphia 76ers,2024-02-05,Dallas Mavericks,test
Cleveland Cavaliers,2024-02-05,Sacramento Kings,test
Atlanta Hawks,2024-02-05,LA Clippers,test
Utah Jazz,2024-02-06,Oklahoma City Thunder,test
Indiana Pacers,2024-02-06,Houston Rockets,test
New York Knicks,2024-02-06,Memphis Grizzlies,test
Miami Heat,2024-02-06,Orlando Magic,test
Brooklyn Nets,2024-02-06,Dallas Mavericks,test
Chicago Bulls,2024-02-06,Minnesota Timberwolves,test
Phoenix Suns,2024-02-06,Milwaukee Bucks,test
Sacramento Kings,2024-02-07,Detroit Pistons,test
Philadelphia 76ers,2024-02-07,Golden State Warriors,test
Miami Heat,2024-02-07,San Antonio Spurs,test
LA Clippers,2024-02-07,New Orleans Pelicans,test
Charlotte Hornets,2024-02-07,Toronto Raptors,test
Washington Wizards,2024-02-07,Cleveland Cavaliers,test
Boston Celtics,2024-02-07,Atlanta Hawks,test
Orlando Magic,2024-02-08,San Antonio Spurs,test
Indiana Pacers,2024-02-08,Golden State Warriors,test
Brooklyn Nets,2024-02-08,Cleveland Cavaliers,test
New York Knicks,2024-02-08,Dallas Mavericks,test
Milwaukee Bucks,2024-02-08,Minnesota Timberwolves,test
Memphis Grizzlies,2024-02-08,Chicago Bulls,test
Phoenix Suns,2024-02-08,Utah Jazz,test
Los Angeles Lakers,2024-02-08,Denver Nuggets,test
Portland Trail Blazers,2024-02-08,Detroit Pistons,test
Los Angeles Lakers,2024-02-09,New Orleans Pelicans,test
Sacramento Kings,2024-02-09,Denver Nuggets,test
Milwaukee Bucks,2024-02-09,Charlotte Hornets,test
Boston Celtics,2024-02-09,Washington Wizards,test
Philadelphia 76ers,2024-02-09,Atlanta Hawks,test
Toronto Raptors,2024-02-09,Houston Rockets,test
Portland Trail Blazers,2024-02-10,New Orleans Pelicans,test
Golden State Warriors,2024-02-10,Phoenix Suns,test
Toronto Raptors,2024-02-10,Cleveland Cavaliers,test
Atlanta Hawks,2024-02-10,Houston Rockets,test
New York Knicks,2024-02-10,Indiana Pacers,test
Washington Wizards,2024-02-10,Philadelphia 76ers,test
Charlotte Hornets,2024-02-10,Memphis Grizzlies,test
Brooklyn Nets,2024-02-10,San Antonio Spurs,test
LA Clippers,2024-02-10,Detroit Pistons,test
Dallas Mavericks,2024-02-10,Oklahoma City Thunder,test
Orlando Magic,2024-02-10,Chicago Bulls,test
Oklahoma City Thunder,2024-02-11,Sacramento Kings,test
Miami Heat,2024-02-11,Boston Celtics,test
LA Clippers,2024-02-12,Minnesota Timberwolves,test
Houston Rockets,2024-02-12,New York Knicks,test
Utah Jazz,2024-02-12,Golden State Warriors,test
Memphis Grizzlies,2024-02-12,New Orleans Pelicans,test
Dallas Mavericks,2024-02-12,Washington Wizards,test
Atlanta Hawks,2024-02-12,Chicago Bulls,test
Toronto Raptors,2024-02-12,San Antonio Spurs,test
Charlotte Hornets,2024-02-12,Indiana Pacers,test
Cleveland Cavaliers,2024-02-12,Philadelphia 76ers,test
Milwaukee Bucks,2024-02-12,Denver Nuggets,test
Los Angeles Lakers,2024-02-13,Detroit Pistons,test
Phoenix Suns,2024-02-13,Sacramento Kings,test
Portland Trail Blazers,2024-02-13,Minnesota Timberwolves,test
Orlando Magic,2024-02-13,Oklahoma City Thunder,test
Brooklyn Nets,2024-02-13,Boston Celtics,test
Milwaukee Bucks,2024-02-13,Miami Heat,test
Dallas Mavericks,2024-02-14,San Antonio Spurs,test
Golden State Warriors,2024-02-14,LA Clippers,test
Utah Jazz,2024-02-14,Los Angeles Lakers,test
Denver Nuggets,2024-02-14,Sacramento Kings,test
Phoenix Suns,2024-02-14,Detroit Pistons,test
New Orleans Pelicans,2024-02-14,Washington Wizards,test
Orlando Magic,2024-02-14,New York Knicks,test
Cleveland Cavaliers,2024-02-14,Chicago Bulls,test
Toronto Raptors,2024-02-14,Indiana Pacers,test
Boston Celtics,2024-02-14,Brooklyn Nets,test
Charlotte Hornets,2024-02-14,Atlanta Hawks,test
Philadelphia 76ers,2024-02-14,Miami Heat,test
Memphis Grizzlies,2024-02-14,Houston Rockets,test
Phoenix Suns,2024-02-29,Houston Rockets,test
Denver Nuggets,2024-02-29,Miami Heat,test
San Antonio Spurs,2024-02-29,Oklahoma City Thunder,test
Los Angeles Lakers,2024-02-29,Washington Wizards,test
New York Knicks,2024-02-29,Golden State Warriors,test
Orlando Magic,2024-02-29,Utah Jazz,test
Charlotte Hornets,2024-02-29,Milwaukee Bucks,test
Brooklyn Nets,2024-02-29,Atlanta Hawks,test
Detroit Pistons,2024-03-01,Cleveland Cavaliers,test
Philadelphia 76ers,2024-03-01,Charlotte Hornets,test
Toronto Raptors,2024-03-01,Golden State Warriors,test
Boston Celtics,2024-03-01,Dallas Mavericks,test
Memphis Grizzlies,2024-03-01,Portland Trail Blazers,test
New Orleans Pelicans,2024-03-01,Indiana Pacers,test
Minnesota Timberwolves,2024-03-01,Sacramento Kings,test
Chicago Bulls,2024-03-01,Milwaukee Bucks,test
LA Clippers,2024-03-01,Washington Wizards,test
Los Angeles Lakers,2024-03-02,Denver Nuggets,test
Memphis Grizzlies,2024-03-02,Portland Trail Blazers,test
Phoenix Suns,2024-03-02,Houston Rockets,test
Brooklyn Nets,2024-03-02,Atlanta Hawks,test
Miami Heat,2024-03-02,Utah Jazz,test
San Antonio Spurs,2024-03-03,Indiana Pacers,test
Cleveland Cavaliers,2024-03-03,New York Knicks,test
Toronto Raptors,2024-03-03,Charlotte Hornets,test
Phoenix Suns,2024-03-03,Oklahoma City Thunder,test
Minnesota Timberwolves,2024-03-03,LA Clippers,test
Boston Celtics,2024-03-03,Golden State Warriors,test
Dallas Mavericks,2024-03-03,Philadelphia 76ers,test
Orlando Magic,2024-03-03,Detroit Pistons,test
Brooklyn Nets,2024-03-04,Memphis Grizzlies,test
Minnesota Timberwolves,2024-03-04,Portland Trail Blazers,test
Milwaukee Bucks,2024-03-04,LA Clippers,test
Utah Jazz,2024-03-04,Washington Wizards,test
Sacramento Kings,2024-03-04,Chicago Bulls,test
Los Angeles Lakers,2024-03-04,Oklahoma City Thunder,test
Denver Nuggets,2024-03-05,Phoenix Suns,test
Dallas Mavericks,2024-03-05,Indiana Pacers,test
Houston Rockets,2024-03-05,San Antonio Spurs,test
Miami Heat,2024-03-05,Detroit Pistons,test
Brooklyn Nets,2024-03-05,Philadelphia 76ers,test
Toronto Raptors,2024-03-05,New Orleans Pelicans,test
Cleveland Cavaliers,2024-03-05,Boston Celtics,test
Charlotte Hornets,2024-03-05,Orlando Magic,test
New York Knicks,2024-03-05,Atlanta Hawks,test
Washington Wizards,2024-03-06,Orlando Magic,test
Atlanta Hawks,2024-03-06,Cleveland Cavaliers,test
Philadelphia 76ers,2024-03-06,Memphis Grizzlies,test
Houston Rockets,2024-03-06,LA Clippers,test
Utah Jazz,2024-03-06,Chicago Bulls,test
Portland Trail Blazers,2024-03-06,Oklahoma City Thunder,test
Golden State Warriors,2024-03-06,Milwaukee Bucks,test
Los Angeles Lakers,2024-03-06,Sacramento Kings,test
Denver Nuggets,2024-03-07,Boston Celtics,test
Golden State Warriors,2024-03-07,Chicago Bulls,test
Sacramento Kings,2024-03-07,San Antonio Spurs,test
Dallas Mavericks,2024-03-07,Miami Heat,test
Indiana Pacers,2024-03-07,Minnesota Timberwolves,test
Detroit Pistons,2024-03-07,Brooklyn Nets,test
Phoenix Suns,2024-03-07,Toronto Raptors,test
Washington Wizards,2024-03-08,Charlotte Hornets,test
Philadelphia 76ers,2024-03-08,New Orleans Pelicans,test
New York Knicks,2024-03-08,Orlando Magic,test
Cleveland Cavaliers,2024-03-08,Minnesota Timberwolves,test
Oklahoma City Thunder,2024-03-08,Miami Heat,test
Memphis Grizzlies,2024-03-08,Atlanta Hawks,test
Los Angeles Lakers,2024-03-08,Milwaukee Bucks,test
Portland Trail Blazers,2024-03-08,Houston Rockets,test
Golden State Warriors,2024-03-09,San Antonio Spurs,test
Denver Nuggets,2024-03-09,Utah Jazz,test
Phoenix Suns,2024-03-09,Boston Celtics,test
Portland Trail Blazers,2024-03-09,Toronto Raptors,test
Charlotte Hornets,2024-03-09,Brooklyn Nets,test
LA Clippers,2024-03-09,Chicago Bulls,test
Detroit Pistons,2024-03-09,Dallas Mavericks,test
LA Clippers,2024-03-10,Milwaukee Bucks,test
Atlanta Hawks,2024-03-10,New Orleans Pelicans,test
Sacramento Kings,2024-03-10,Houston Rockets,test
Orlando Magic,2024-03-10,Indiana Pacers,test
Miami Heat,2024-03-10,Washington Wizards,test
Oklahoma City Thunder,2024-03-10,Memphis Grizzlies,test
Cleveland Cavaliers,2024-03-10,Brooklyn Nets,test
New York Knicks,2024-03-10,Philadelphia 76ers,test
Los Angeles Lakers,2024-03-10,Minnesota Timberwolves,test
Denver Nuggets,2024-03-11,Toronto Raptors,test
San Antonio Spurs,2024-03-11,Golden State Warriors,test
Portland Trail Blazers,2024-03-11,Boston Celtics,test
Cleveland Cavaliers,2024-03-11,Phoenix Suns,test
Detroit Pistons,2024-03-11,Charlotte Hornets,test
Chicago Bulls,2024-03-11,Dallas Mavericks,test
New York Knicks,2024-03-12,Philadelphia 76ers,test
Oklahoma City Thunder,2024-03-12,Indiana Pacers,test
Memphis Grizzlies,2024-03-12,Washington Wizards,test
San Antonio Spurs,2024-03-12,Houston Rockets,test
Utah Jazz,2024-03-12,Boston Celtics,test
LA Clippers,2024-03-12,Minnesota Timberwolves,test
Sacramento Kings,2024-03-12,Milwaukee Bucks,test
Sacramento Kings,2024-03-13,Los Angeles Lakers,test
Portland Trail Blazers,2024-03-13,Atlanta Hawks,test
Dallas Mavericks,2024-03-13,Golden State Warriors,test
Memphis Grizzlies,2024-03-13,Charlotte Hornets,test
Detroit Pistons,2024-03-13,Toronto Raptors,test
Indiana Pacers,2024-03-13,Chicago Bulls,test
Miami Heat,2024-03-13,Denver Nuggets,test
Orlando Magic,2024-03-13,Brooklyn Nets,test
New Orleans Pelicans,2024-03-13,Cleveland Cavaliers,test
Oklahoma City Thunder,2024-03-14,Dallas Mavericks,test
Portland Trail Blazers,2024-03-14,New York Knicks,test
Houston Rockets,2024-03-14,Washington Wizards,test
Chicago Bulls,2024-03-14,LA Clippers,test
Boston Celtics,2024-03-14,Phoenix Suns,test
Milwaukee Bucks,2024-03-14,Philadelphia 76ers,test
Detroit Pistons,2024-03-15,Miami Heat,test
Charlotte Hornets,2024-03-15,Phoenix Suns,test
Toronto Raptors,2024-03-15,Orlando Magic,test
New Orleans Pelicans,2024-03-15,LA Clippers,test
San Antonio Spurs,2024-03-15,Denver Nuggets,test
Utah Jazz,2024-03-15,Atlanta Hawks,test
Sacramento Kings,2024-03-16,New York Knicks,test
Utah Jazz,2024-03-16,Minnesota Timberwolves,test
Los Angeles Lakers,2024-03-16,Golden State Warriors,test
Chicago Bulls,2024-03-16,Washington Wizards,test
Memphis Grizzlies,2024-03-16,Oklahoma City Thunder,test
Philadelphia 76ers,2024-03-16,Charlotte Hornets,test
New Orleans Pelicans,2024-03-16,Portland Trail Blazers,test
Indiana Pacers,2024-03-16,Brooklyn Nets,test
Houston Rockets,2024-03-16,Cleveland Cavaliers,test
Milwaukee Bucks,2024-03-17,Phoenix Suns,test
Detroit Pistons,2024-03-17,Miami Heat,test
Dallas Mavericks,2024-03-17,Denver Nuggets,test
Washington Wizards,2024-03-17,Boston Celtics,test
Orlando Magic,2024-03-17,Toronto Raptors,test
San Antonio Spurs,2024-03-17,Brooklyn Nets,test
LA Clippers,2024-03-17,Atlanta Hawks,test
Sacramento Kings,2024-03-18,Memphis Grizzlies,test
Golden State Warriors,2024-03-18,New York Knicks,test
Utah Jazz,2024-03-18,Minnesota Timberwolves,test
Los Angeles Lakers,2024-03-18,Atlanta Hawks,test
Philadelphia 76ers,2024-03-18,Miami Heat,test
Boston Celtics,2024-03-18,Detroit Pistons,test
Indiana Pacers,2024-03-18,Cleveland Cavaliers,test
Chicago Bulls,2024-03-18,Portland Trail Blazers,test
Orlando Magic,2024-03-19,Charlotte Hornets,test
Washington Wizards,2024-03-19,Houston Rockets,test
Brooklyn Nets,2024-03-19,New Orleans Pelicans,test
San Antonio Spurs,2024-03-19,Dallas Mavericks,test
Minnesota Timberwolves,2024-03-19,Denver Nuggets,test
Golden State Warriors,2024-03-20,Memphis Grizzlies,test
Portland Trail Blazers,2024-03-20,LA Clippers,test
Phoenix Suns,2024-03-20,Philadelphia 76ers,test
Oklahoma City Thunder,2024-03-20,Utah Jazz,test
Detroit Pistons,2024-03-20,Indiana Pacers,test
Toronto Raptors,2024-03-20,Sacramento Kings,test
Cleveland Cavaliers,2024-03-20,Miami Heat,test
Boston Celtics,2024-03-20,Milwaukee Bucks,test
Denver Nuggets,2024-03-21,New York Knicks,test
Phoenix Suns,2024-03-21,Atlanta Hawks,test
Dallas Mavericks,2024-03-21,Utah Jazz,test
Washington Wizards,2024-03-21,Sacramento Kings,test
Milwaukee Bucks,2024-03-21,Brooklyn Nets,test
Orlando Magic,2024-03-21,New Orleans Pelicans,test
Houston Rockets,2024-03-21,Chicago Bulls,test
Detroit Pistons,2024-03-22,Boston Celtics,test
Toronto Raptors,2024-03-22,Oklahoma City Thunder,test
Minnesota Timberwolves,2024-03-22,Cleveland Cavaliers,test
Miami Heat,2024-03-22,New Orleans Pelicans,test
San Antonio Spurs,2024-03-22,Memphis Grizzlies,test
Portland Trail Blazers,2024-03-22,LA Clippers,test
Golden State Warriors,2024-03-22,Indiana Pacers,test
Los Angeles Lakers,2024-03-22,Philadelphia 76ers,test
Houston Rockets,2024-03-23,Utah Jazz,test
Portland Trail Blazers,2024-03-23,Denver Nuggets,test
Washington Wizards,2024-03-23,Toronto Raptors,test
San Antonio Spurs,2024-03-23,Phoenix Suns,test
Atlanta Hawks,2024-03-23,Charlotte Hornets,test
Chicago Bulls,2024-03-23,Boston Celtics,test
Orlando Magic,2024-03-23,Sacramento Kings,test
New York Knicks,2024-03-23,Brooklyn Nets,test
Detroit Pistons,2024-03-24,New Orleans Pelicans,test
LA Clippers,2024-03-24,Philadelphia 76ers,test
Miami Heat,2024-03-24,Cleveland Cavaliers,test
Milwaukee Bucks,2024-03-24,Oklahoma City Thunder,test
Minnesota Timberwolves,2024-03-24,Golden State Warriors,test
Los Angeles Lakers,2024-03-24,Indiana Pacers,test
LA Clippers,2024-03-25,Indiana Pacers,test
Sacramento Kings,2024-03-25,Philadelphia 76ers,test
Denver Nuggets,2024-03-25,Memphis Grizzlies,test
Utah Jazz,2024-03-25,Dallas Mavericks,test
Chicago Bulls,2024-03-25,Washington Wizards,test
Houston Rockets,2024-03-25,Portland Trail Blazers,test
San Antonio Spurs,2024-03-25,Phoenix Suns,test
New York Knicks,2024-03-25,Detroit Pistons,test
Atlanta Hawks,2024-03-25,Boston Celtics,test
Toronto Raptors,2024-03-25,Brooklyn Nets,test
Cleveland Cavaliers,2024-03-25,Charlotte Hornets,test
Miami Heat,2024-03-26,Golden State Warriors,test
Milwaukee Bucks,2024-03-26,Los Angeles Lakers,test
New Orleans Pelicans,2024-03-26,Oklahoma City Thunder,test
Sacramento Kings,2024-03-26,Dallas Mavericks,test
Denver Nuggets,2024-03-27,Phoenix Suns,test
Utah Jazz,2024-03-27,San Antonio Spurs,test
Oklahoma City Thunder,2024-03-27,Houston Rockets,test
Memphis Grizzlies,2024-03-27,Los Angeles Lakers,test
Chicago Bulls,2024-03-27,Indiana Pacers,test
Minnesota Timberwolves,2024-03-27,Detroit Pistons,test
Atlanta Hawks,2024-03-27,Portland Trail Blazers,test
Toronto Raptors,2024-03-27,New York Knicks,test
Washington Wizards,2024-03-27,Brooklyn Nets,test
Orlando Magic,2024-03-27,Golden State Warriors,test
Charlotte Hornets,2024-03-27,Cleveland Cavaliers,test
Philadelphia 76ers,2024-03-27,LA Clippers,test
Atlanta Hawks,2024-03-28,Boston Celtics,test
New Orleans Pelicans,2024-03-28,Milwaukee Bucks,test
New Orleans Pelicans,2024-03-30,Boston Celtics,test
Orlando Magic,2024-03-30,Memphis Grizzlies,test
Atlanta Hawks,2024-03-30,Milwaukee Bucks,test
Washington Wizards,2024-03-31,Miami Heat,test
Sacramento Kings,2024-03-31,Utah Jazz,test
New York Knicks,2024-03-31,Oklahoma City Thunder,test
San Antonio Spurs,2024-03-31,Golden State Warriors,test
Houston Rockets,2024-03-31,Dallas Mavericks,test
Denver Nuggets,2024-03-31,Cleveland Cavaliers,test
Brooklyn Nets,2024-03-31,Los Angeles Lakers,test
Toronto Raptors,2024-03-31,Philadelphia 76ers,test
Charlotte Hornets,2024-03-31,LA Clippers,test
Minnesota Timberwolves,2024-03-31,Chicago Bulls,test
Chicago Bulls,2024-04-01,Atlanta Hawks,test
Indiana Pacers,2024-04-01,Brooklyn Nets,test
New Orleans Pelicans,2024-04-01,Phoenix Suns,test
Orlando Magic,2024-04-01,Portland Trail Blazers,test
Charlotte Hornets,2024-04-01,Boston Celtics,test
Detroit Pistons,2024-04-01,Memphis Grizzlies,test
Denver Nuggets,2024-04-02,San Antonio Spurs,test
Utah Jazz,2024-04-02,Cleveland Cavaliers,test
Sacramento Kings,2024-04-02,LA Clippers,test
Minnesota Timberwolves,2024-04-02,Houston Rockets,test
Golden State Warriors,2024-04-02,Dallas Mavericks,test
Philadelphia 76ers,2024-04-02,Oklahoma City Thunder,test
Washington Wizards,2024-04-02,Milwaukee Bucks,test
Miami Heat,2024-04-02,New York Knicks,test
Toronto Raptors,2024-04-02,Los Angeles Lakers,test
Charlotte Hornets,2024-04-03,Portland Trail Blazers,test
Washington Wizards,2024-04-03,Los Angeles Lakers,test
Brooklyn Nets,2024-04-03,Indiana Pacers,test
Atlanta Hawks,2024-04-03,Detroit Pistons,test
Boston Celtics,2024-04-03,Oklahoma City Thunder,test
Milwaukee Bucks,2024-04-03,Memphis Grizzlies,test
Minnesota Timberwolves,2024-04-03,Toronto Raptors,test
New Orleans Pelicans,2024-04-03,Orlando Magic,test
Phoenix Suns,2024-04-03,Cleveland Cavaliers,test
Houston Rockets,2024-04-04,Golden State Warriors,test
LA Clippers,2024-04-04,Denver Nuggets,test
New York Knicks,2024-04-04,Sacramento Kings,test
Miami Heat,2024-04-04,Philadelphia 76ers,test
Dallas Mavericks,2024-04-04,Atlanta Hawks,test
LA Clippers,2024-04-05,Utah Jazz,test
Phoenix Suns,2024-04-05,Minnesota Timberwolves,test
Dallas Mavericks,2024-04-05,Golden State Warriors,test
Milwaukee Bucks,2024-04-05,Toronto Raptors,test
Chicago Bulls,2024-04-05,New York Knicks,test
Houston Rockets,2024-04-05,Miami Heat,test
New Orleans Pelicans,2024-04-05,San Antonio Spurs,test
Boston Celtics,2024-04-05,Sacramento Kings,test
Washington Wizards,2024-04-05,Portland Trail Blazers,test
Charlotte Hornets,2024-04-05,Orlando Magic,test
Indiana Pacers,2024-04-05,Oklahoma City Thunder,test
Memphis Grizzlies,2024-04-05,Detroit Pistons,test
Denver Nuggets,2024-04-06,Atlanta Hawks,test
Memphis Grizzlies,2024-04-06,Philadelphia 76ers,test
Brooklyn Nets,2024-04-06,Detroit Pistons,test
Los Angeles Lakers,2024-04-06,Cleveland Cavaliers,test
Los Angeles Lakers,2024-04-07,Minnesota Timberwolves,test
Golden State Warriors,2024-04-07,Utah Jazz,test
Brooklyn Nets,2024-04-07,Sacramento Kings,test
San Antonio Spurs,2024-04-07,Philadelphia 76ers,test
Toronto Raptors,2024-04-07,Washington Wizards,test
Orlando Magic,2024-04-07,Chicago Bulls,test
Milwaukee Bucks,2024-04-07,New York Knicks,test
Phoenix Suns,2024-04-07,New Orleans Pelicans,test
Boston Celtics,2024-04-07,Portland Trail Blazers,test
Indiana Pacers,2024-04-07,Miami Heat,test
Dallas Mavericks,2024-04-07,Houston Rockets,test
LA Clippers,2024-04-07,Cleveland Cavaliers,test
Charlotte Hornets,2024-04-07,Oklahoma City Thunder,test
Chicago Bulls,2024-04-09,New York Knicks,test
Los Angeles Lakers,2024-04-09,Golden State Warriors,test
Utah Jazz,2024-04-09,Denver Nuggets,test
Oklahoma City Thunder,2024-04-09,Sacramento Kings,test
Minnesota Timberwolves,2024-04-09,Washington Wizards,test
Houston Rockets,2024-04-09,Orlando Magic,test
Philadelphia 76ers,2024-04-09,Detroit Pistons,test
Atlanta Hawks,2024-04-09,Miami Heat,test
Milwaukee Bucks,2024-04-09,Boston Celtics,test
Toronto Raptors,2024-04-09,Indiana Pacers,test
Charlotte Hornets,2024-04-09,Dallas Mavericks,test
Portland Trail Blazers,2024-04-09,New Orleans Pelicans,test
Memphis Grizzlies,2024-04-09,San Antonio Spurs,test
Phoenix Suns,2024-04-09,LA Clippers,test
LA Clippers,2024-04-10,Phoenix Suns,test
Denver Nuggets,2024-04-10,Minnesota Timberwolves,test
Oklahoma City Thunder,2024-04-10,San Antonio Spurs,test
Milwaukee Bucks,2024-04-10,Orlando Magic,test
Brooklyn Nets,2024-04-10,Toronto Raptors,test
Atlanta Hawks,2024-04-10,Charlotte Hornets,test
Cleveland Cavaliers,2024-04-10,Memphis Grizzlies,test
Miami Heat,2024-04-10,Dallas Mavericks,test
Detroit Pistons,2024-04-11,Chicago Bulls,test
Boston Celtics,2024-04-11,New York Knicks,test
Utah Jazz,2024-04-11,Houston Rockets,test
Portland Trail Blazers,2024-04-11,Golden State Warriors,test
Sacramento Kings,2024-04-11,New Orleans Pelicans,test
Sacramento Kings,2024-04-12,Phoenix Suns,test
LA Clippers,2024-04-12,Utah Jazz,test
Portland Trail Blazers,2024-04-12,Houston Rockets,test
Golden State Warriors,2024-04-12,New Orleans Pelicans,test
Dallas Mavericks,2024-04-12,Detroit Pistons,test
Minnesota Timberwolves,2024-04-12,Atlanta Hawks,test
Memphis Grizzlies,2024-04-12,Los Angeles Lakers,test
Oklahoma City Thunder,2024-04-12,Milwaukee Bucks,test
Miami Heat,2024-04-12,Toronto Raptors,test
New York Knicks,2024-04-12,Brooklyn Nets,test
Cleveland Cavaliers,2024-04-12,Indiana Pacers,test
Boston Celtics,2024-04-12,Charlotte Hornets,test
Philadelphia 76ers,2024-04-12,Orlando Magic,test
Washington Wizards,2024-04-12,Chicago Bulls,test
San Antonio Spurs,2024-04-12,Denver Nuggets,test
Minnesota Timberwolves,2024-04-14,Phoenix Suns,test
LA Clippers,2024-04-14,Houston Rockets,test
Golden State Warriors,2024-04-14,Utah Jazz,test
San Antonio Spurs,2024-04-14,Detroit Pistons,test
Oklahoma City Thunder,2024-04-14,Dallas Mavericks,test
Sacramento Kings,2024-04-14,Portland Trail Blazers,test
Memphis Grizzlies,2024-04-14,Denver Nuggets,test
New Orleans Pelicans,2024-04-14,Los Angeles Lakers,test
Orlando Magic,2024-04-14,Milwaukee Bucks,test
New York Knicks,2024-04-14,Chicago Bulls,test
Miami Heat,2024-04-14,Toronto Raptors,test
Indiana Pacers,2024-04-14,Atlanta Hawks,test
Cleveland Cavaliers,2024-04-14,Charlotte Hornets,test
Boston Celtics,2024-04-14,Washington Wizards,test
Philadelphia 76ers,2024-04-14,Brooklyn Nets,test
New Orleans Pelicans,2024-04-16,Los Angeles Lakers,test
Sacramento Kings,2024-04-16,Golden State Warriors,test
Chicago Bulls,2024-04-17,Atlanta Hawks,test
Philadelphia 76ers,2024-04-17,Miami Heat,test
Miami Heat,2024-04-19,Chicago Bulls,test
New Orleans Pelicans,2024-04-19,Sacramento Kings,test
Cleveland Cavaliers,2024-04-20,Orlando Magic,test
Minnesota Timberwolves,2024-04-20,Phoenix Suns,test
New York Knicks,2024-04-20,Philadelphia 76ers,test
Denver Nuggets,2024-04-20,Los Angeles Lakers,test
Oklahoma City Thunder,2024-04-21,New Orleans Pelicans,test
Milwaukee Bucks,2024-04-21,Indiana Pacers,test
Boston Celtics,2024-04-21,Miami Heat,test
LA Clippers,2024-04-21,Dallas Mavericks,test
Cleveland Cavaliers,2024-04-22,Orlando Magic,test
New York Knicks,2024-04-22,Philadelphia 76ers,test
Denver Nuggets,2024-04-22,Los Angeles Lakers,test
Minnesota Timberwolves,2024-04-23,Phoenix Suns,test
Milwaukee Bucks,2024-04-23,Indiana Pacers,test
LA Clippers,2024-04-23,Dallas Mavericks,test
Boston Celtics,2024-04-24,Miami Heat,test
Oklahoma City Thunder,2024-04-24,New Orleans Pelicans,test
Orlando Magic,2024-04-25,Cleveland Cavaliers,test
Philadelphia 76ers,2024-04-25,New York Knicks,test
Los Angeles Lakers,2024-04-25,Denver Nuggets,test
Phoenix Suns,2024-04-26,Minnesota Timberwolves,test
Indiana Pacers,2024-04-26,Milwaukee Bucks,test
Dallas Mavericks,2024-04-26,LA Clippers,test
Los Angeles Lakers,2024-04-27,Denver Nuggets,test
Miami Heat,2024-04-27,Boston Celtics,test
New Orleans Pelicans,2024-04-27,Oklahoma City Thunder,test
Orlando Magic,2024-04-27,Cleveland Cavaliers,test
Philadelphia 76ers,2024-04-28,New York Knicks,test
Dallas Mavericks,2024-04-28,LA Clippers,test
Indiana Pacers,2024-04-28,Milwaukee Bucks,test
Phoenix Suns,2024-04-28,Minnesota Timberwolves,test
Washington Wizards,2024-10-24,Boston Celtics,test
Dallas Mavericks,2024-10-24,San Antonio Spurs,test
Sacramento Kings,2024-10-24,Minnesota Timberwolves,test
Denver Nuggets,2024-10-24,Oklahoma City Thunder,test
Los Angeles Lakers,2024-10-25,Phoenix Suns,test
Portland Trail Blazers,2024-10-25,New Orleans Pelicans,test
Utah Jazz,2024-10-25,Golden State Warriors,test
Milwaukee Bucks,2024-10-25,Chicago Bulls,test
Houston Rockets,2024-10-25,Memphis Grizzlies,test
New York Knicks,2024-10-25,Indiana Pacers,test
Cleveland Cavaliers,2024-10-25,Detroit Pistons,test
Orlando Magic,2024-10-25,Brooklyn Nets,test
Toronto Raptors,2024-10-25,Philadelphia 76ers,test
Atlanta Hawks,2024-10-25,Charlotte Hornets,test
Detroit Pistons,2024-10-26,Boston Celtics,test
Denver Nuggets,2024-10-26,LA Clippers,test
Washington Wizards,2024-10-26,Cleveland Cavaliers,test
Charlotte Hornets,2024-10-26,Miami Heat,test
Memphis Grizzlies,2024-10-26,Orlando Magic,test
Minnesota Timberwolves,2024-10-26,Toronto Raptors,test
Chicago Bulls,2024-10-26,Oklahoma City Thunder,test
San Antonio Spurs,2024-10-26,Houston Rockets,test
Phoenix Suns,2024-10-26,Dallas Mavericks,test
Los Angeles Lakers,2024-10-26,Sacramento Kings,test
Oklahoma City Thunder,2024-10-27,Atlanta Hawks,test
Brooklyn Nets,2024-10-27,Milwaukee Bucks,test
Golden State Warriors,2024-10-27,LA Clippers,test
Indiana Pacers,2024-10-27,Philadelphia 76ers,test
Portland Trail Blazers,2024-10-27,New Orleans Pelicans,test
Phoenix Suns,2024-10-28,Los Angeles Lakers,test
Sacramento Kings,2024-10-28,Portland Trail Blazers,test
San Antonio Spurs,2024-10-28,Houston Rockets,test
Memphis Grizzlies,2024-10-28,Chicago Bulls,test
New York Knicks,2024-10-28,Cleveland Cavaliers,test
Dallas Mavericks,2024-10-28,Utah Jazz,test
Toronto Raptors,2024-10-28,Denver Nuggets,test
Atlanta Hawks,2024-10-28,Washington Wizards,test
Miami Heat,2024-10-28,Detroit Pistons,test
Orlando Magic,2024-10-28,Indiana Pacers,test
Boston Celtics,2024-10-28,Milwaukee Bucks,test
Minnesota Timberwolves,2024-10-29,Dallas Mavericks,test
Brooklyn Nets,2024-10-29,Denver Nuggets,test
Utah Jazz,2024-10-29,Sacramento Kings,test
Golden State Warriors,2024-10-29,New Orleans Pelicans,test
Chicago Bulls,2024-10-30,Orlando Magic,test
LA Clippers,2024-10-30,Portland Trail Blazers,test
Golden State Warriors,2024-10-30,New Orleans Pelicans,test
Oklahoma City Thunder,2024-10-30,San Antonio Spurs,test
Memphis Grizzlies,2024-10-30,Brooklyn Nets,test
Cleveland Cavaliers,2024-10-30,Los Angeles Lakers,test
Indiana Pacers,2024-10-30,Boston Celtics,test
Philadelphia 76ers,2024-10-30,Detroit Pistons,test
Washington Wizards,2024-10-30,Atlanta Hawks,test
Charlotte Hornets,2024-10-30,Toronto Raptors,test
Miami Heat,2024-10-30,New York Knicks,test
Memphis Grizzlies,2024-10-31,Milwaukee Bucks,test
Dallas Mavericks,2024-10-31,Houston Rockets,test
Utah Jazz,2024-10-31,San Antonio Spurs,test
LA Clippers,2024-10-31,Phoenix Suns,test
New Orleans Pelicans,2024-11-01,Indiana Pacers,test
Portland Trail Blazers,2024-11-01,Oklahoma City Thunder,test
Minnesota Timberwolves,2024-11-01,Denver Nuggets,test
Atlanta Hawks,2024-11-01,Sacramento Kings,test
Detroit Pistons,2024-11-01,New York Knicks,test
Brooklyn Nets,2024-11-01,Chicago Bulls,test
Charlotte Hornets,2024-11-01,Boston Celtics,test
Cleveland Cavaliers,2024-11-01,Orlando Magic,test
Toronto Raptors,2024-11-01,Los Angeles Lakers,test
LA Clippers,2024-11-02,Oklahoma City Thunder,test
Phoenix Suns,2024-11-02,Portland Trail Blazers,test
Washington Wizards,2024-11-02,Miami Heat,test
San Antonio Spurs,2024-11-02,Minnesota Timberwolves,test
Denver Nuggets,2024-11-02,Utah Jazz,test
Milwaukee Bucks,2024-11-02,Cleveland Cavaliers,test
Toronto Raptors,2024-11-02,Sacramento Kings,test
Philadelphia 76ers,2024-11-02,Memphis Grizzlies,test
Charlotte Hornets,2024-11-02,Boston Celtics,test
Houston Rockets,2024-11-02,Golden State Warriors,test
Brooklyn Nets,2024-11-03,Detroit Pistons,test
New Orleans Pelicans,2024-11-03,Atlanta Hawks,test
Dallas Mavericks,2024-11-03,Orlando Magic,test
Minnesota Timberwolves,2024-11-04,Charlotte Hornets,test
LA Clippers,2024-11-04,San Antonio Spurs,test
Denver Nuggets,2024-11-04,Toronto Raptors,test
Dallas Mavericks,2024-11-04,Indiana Pacers,test
New Orleans Pelicans,2024-11-04,Portland Trail Blazers,test
Oklahoma City Thunder,2024-11-04,Orlando Magic,test
Houston Rockets,2024-11-04,New York Knicks,test
Phoenix Suns,2024-11-04,Philadelphia 76ers,test
Miami Heat,2024-11-04,Sacramento Kings,test
Brooklyn Nets,2024-11-04,Memphis Grizzlies,test
Atlanta Hawks,2024-11-04,Boston Celtics,test
Detroit Pistons,2024-11-04,Los Angeles Lakers,test
Washington Wizards,2024-11-04,Golden State Warriors,test
Cleveland Cavaliers,2024-11-04,Milwaukee Bucks,test
Chicago Bulls,2024-11-04,Utah Jazz,test
LA Clippers,2024-11-06,Philadelphia 76ers,test
Denver Nuggets,2024-11-06,Oklahoma City Thunder,test
Phoenix Suns,2024-11-06,Miami Heat,test
Dallas Mavericks,2024-11-06,Chicago Bulls,test
Houston Rockets,2024-11-06,San Antonio Spurs,test
Sacramento Kings,2024-11-06,Toronto Raptors,test
New Orleans Pelicans,2024-11-06,Cleveland Cavaliers,test
Boston Celtics,2024-11-06,Golden State Warriors,test
Atlanta Hawks,2024-11-06,New York Knicks,test
Indiana Pacers,2024-11-06,Orlando Magic,test
Charlotte Hornets,2024-11-06,Detroit Pistons,test
Memphis Grizzlies,2024-11-06,Los Angeles Lakers,test
Chicago Bulls,2024-11-07,Minnesota Timberwolves,test
Milwaukee Bucks,2024-11-07,Utah Jazz,test
San Antonio Spurs,2024-11-07,Portland Trail Blazers,test
Sacramento Kings,2024-11-08,LA Clippers,test
Minnesota Timberwolves,2024-11-08,Portland Trail Blazers,test
Denver Nuggets,2024-11-08,Miami Heat,test
Oklahoma City Thunder,2024-11-08,Houston Rockets,test
Memphis Grizzlies,2024-11-08,Washington Wizards,test
Dallas Mavericks,2024-11-08,Phoenix Suns,test
Detroit Pistons,2024-11-08,Atlanta Hawks,test
Boston Celtics,2024-11-08,Brooklyn Nets,test
Cleveland Cavaliers,2024-11-08,Golden State Warriors,test
Orlando Magic,2024-11-08,New Orleans Pelicans,test
Charlotte Hornets,2024-11-08,Indiana Pacers,test
New York Knicks,2024-11-08,Milwaukee Bucks,test
Los Angeles Lakers,2024-11-08,Philadelphia 76ers,test
Atlanta Hawks,2024-11-09,Chicago Bulls,test
LA Clippers,2024-11-09,Toronto Raptors,test
Cleveland Cavaliers,2024-11-09,Brooklyn Nets,test
San Antonio Spurs,2024-11-09,Utah Jazz,test
Detroit Pistons,2024-11-10,Houston Rockets,test
Milwaukee Bucks,2024-11-10,Boston Celtics,test
Indiana Pacers,2024-11-10,New York Knicks,test
Orlando Magic,2024-11-10,Washington Wizards,test
Oklahoma City Thunder,2024-11-10,Golden State Warriors,test
Philadelphia 76ers,2024-11-10,Charlotte Hornets,test
Minnesota Timberwolves,2024-11-10,Miami Heat,test
Phoenix Suns,2024-11-10,Sacramento Kings,test
Denver Nuggets,2024-11-10,Dallas Mavericks,test
Portland Trail Blazers,2024-11-10,Memphis Grizzlies,test
Los Angeles Lakers,2024-11-10,Toronto Raptors,test
San Antonio Spurs,2024-11-11,Sacramento Kings,test
Oklahoma City Thunder,2024-11-11,LA Clippers,test
New Orleans Pelicans,2024-11-11,Brooklyn Nets,test
Chicago Bulls,2024-11-11,Cleveland Cavaliers,test
Houston Rockets,2024-11-11,Washington Wizards,test
Orlando Magic,2024-11-12,Charlotte Hornets,test
Boston Celtics,2024-11-12,Atlanta Hawks,test
Detroit Pistons,2024-11-12,Miami Heat,test
Philadelphia 76ers,2024-11-12,New York Knicks,test
Milwaukee Bucks,2024-11-12,Toronto Raptors,test
Utah Jazz,2024-11-12,Phoenix Suns,test
Portland Trail Blazers,2024-11-12,Minnesota Timberwolves,test
Golden State Warriors,2024-11-12,Dallas Mavericks,test
Sacramento Kings,2024-11-13,Phoenix Suns,test
Portland Trail Blazers,2024-11-13,Minnesota Timberwolves,test
Los Angeles Lakers,2024-11-13,Memphis Grizzlies,test
San Antonio Spurs,2024-11-13,Washington Wizards,test
Milwaukee Bucks,2024-11-13,Detroit Pistons,test
Philadelphia 76ers,2024-11-13,Cleveland Cavaliers,validation
New York Knicks,2024-11-13,Chicago Bulls,validation
Houston Rockets,2024-11-13,LA Clippers,validation
Orlando Magic,2024-11-13,Indiana Pacers,validation
Brooklyn Nets,2024-11-13,Boston Celtics,validation
Oklahoma City Thunder,2024-11-13,New Orleans Pelicans,validation
Utah Jazz,2024-11-14,Dallas Mavericks,validation
Houston Rockets,2024-11-15,LA Clippers,validation
Golden State Warriors,2024-11-15,Memphis Grizzlies,validation
Sacramento Kings,2024-11-15,Minnesota Timberwolves,validation
Oklahoma City Thunder,2024-11-15,Phoenix Suns,validation
New Orleans Pelicans,2024-11-15,Denver Nuggets,validation
San Antonio Spurs,2024-11-15,Los Angeles Lakers,validation
New York Knicks,2024-11-15,Brooklyn Nets,validation
Atlanta Hawks,2024-11-15,Washington Wizards,validation
Cleveland Cavaliers,2024-11-15,Chicago Bulls,validation
Toronto Raptors,2024-11-15,Detroit Pistons,validation
Orlando Magic,2024-11-15,Philadelphia 76ers,validation
Indiana Pacers,2024-11-15,Miami Heat,validation
Charlotte Hornets,2024-11-16,Milwaukee Bucks,validation
Boston Celtics,2024-11-16,Toronto Raptors,validation
New Orleans Pelicans,2024-11-16,Los Angeles Lakers,validation
Dallas Mavericks,2024-11-16,San Antonio Spurs,validation
Sacramento Kings,2024-11-16,Utah Jazz,validation
New York Knicks,2024-11-17,Brooklyn Nets,validation
LA Clippers,2024-11-17,Utah Jazz,validation
Oklahoma City Thunder,2024-11-17,Dallas Mavericks,validation
Cleveland Cavaliers,2024-11-17,Charlotte Hornets,validation
Chicago Bulls,2024-11-17,Houston Rockets,validation
Washington Wizards,2024-11-17,Detroit Pistons,validation
Memphis Grizzlies,2024-11-17,Denver Nuggets,validation
Indiana Pacers,2024-11-17,Miami Heat,validation
Portland Trail Blazers,2024-11-17,Atlanta Hawks,validation
Minnesota Timberwolves,2024-11-17,Phoenix Suns,validation
Detroit Pistons,2024-11-18,Chicago Bulls,validation
New York Knicks,2024-11-18,Washington Wizards,validation
Miami Heat,2024-11-18,Philadelphia 76ers,validation
Toronto Raptors,2024-11-18,Indiana Pacers,validation
Milwaukee Bucks,2024-11-18,Houston Rockets,validation
Phoenix Suns,2024-11-18,Orlando Magic,validation
Sacramento Kings,2024-11-18,Atlanta Hawks,validation
LA Clippers,2024-11-18,Golden State Warriors,validation
Los Angeles Lakers,2024-11-19,Utah Jazz,validation
Dallas Mavericks,2024-11-19,New Orleans Pelicans,validation
San Antonio Spurs,2024-11-19,Oklahoma City Thunder,validation
Brooklyn Nets,2024-11-19,Charlotte Hornets,validation
Boston Celtics,2024-11-19,Cleveland Cavaliers,validation
Memphis Grizzlies,2024-11-19,Denver Nuggets,validation
LA Clippers,2024-11-20,Orlando Magic,validation
Phoenix Suns,2024-11-20,New York Knicks,validation
Memphis Grizzlies,2024-11-20,Philadelphia 76ers,validation
Golden State Warriors,2024-11-20,Atlanta Hawks,validation
Oklahoma City Thunder,2024-11-20,Portland Trail Blazers,validation
Cleveland Cavaliers,2024-11-20,New Orleans Pelicans,validation
Milwaukee Bucks,2024-11-20,Chicago Bulls,validation
Houston Rockets,2024-11-20,Indiana Pacers,validation
Charlotte Hornets,2024-11-21,Detroit Pistons,validation
Toronto Raptors,2024-11-21,Minnesota Timberwolves,validation
San Antonio Spurs,2024-11-21,Utah Jazz,validation
Los Angeles Lakers,2024-11-21,Orlando Magic,validation
Chicago Bulls,2024-11-22,Atlanta Hawks,validation
Denver Nuggets,2024-11-22,Dallas Mavericks,validation
LA Clippers,2024-11-22,Sacramento Kings,validation
Milwaukee Bucks,2024-11-22,Indiana Pacers,validation
Washington Wizards,2024-11-22,Boston Celtics,validation
New Orleans Pelicans,2024-11-22,Golden State Warriors,validation
Philadelphia 76ers,2024-11-22,Brooklyn Nets,validation
Houston Rockets,2024-11-22,Portland Trail Blazers,validation
Utah Jazz,2024-11-23,New York Knicks,validation
Orlando Magic,2024-11-23,Detroit Pistons,validation
Milwaukee Bucks,2024-11-23,Charlotte Hornets,validation
Chicago Bulls,2024-11-23,Memphis Grizzlies,validation
Houston Rockets,2024-11-23,Portland Trail Blazers,validation
San Antonio Spurs,2024-11-23,Golden State Warriors,validation
Los Angeles Lakers,2024-11-23,Denver Nuggets,validation
Sacramento Kings,2024-11-24,Brooklyn Nets,validation
Philadelphia 76ers,2024-11-24,LA Clippers,validation
Cleveland Cavaliers,2024-11-24,Toronto Raptors,validation
Indiana Pacers,2024-11-24,Washington Wizards,validation
Boston Celtics,2024-11-24,Minnesota Timberwolves,validation
Miami Heat,2024-11-24,Dallas Mavericks,validation
Sacramento Kings,2024-11-25,Oklahoma City Thunder,validation
Golden State Warriors,2024-11-25,Brooklyn Nets,validation
Denver Nuggets,2024-11-25,New York Knicks,validation
Boston Celtics,2024-11-25,LA Clippers,validation
Memphis Grizzlies,2024-11-25,Portland Trail Blazers,validation
Charlotte Hornets,2024-11-25,Orlando Magic,validation
Indiana Pacers,2024-11-25,New Orleans Pelicans,validation
Detroit Pistons,2024-11-25,Toronto Raptors,validation
Atlanta Hawks,2024-11-25,Dallas Mavericks,validation
Utah Jazz,2024-11-26,San Antonio Spurs,validation
Washington Wizards,2024-11-26,Chicago Bulls,validation
Miami Heat,2024-11-26,Milwaukee Bucks,validation
Minnesota Timberwolves,2024-11-26,Houston Rockets,validation
Phoenix Suns,2024-11-26,Los Angeles Lakers,validation
New Orleans Pelicans,2024-11-27,Toronto Raptors,validation
San Antonio Spurs,2024-11-27,Los Angeles Lakers,validation
Memphis Grizzlies,2024-11-27,Detroit Pistons,validation
Golden State Warriors,2024-11-27,Oklahoma City Thunder,validation
Phoenix Suns,2024-11-27,Brooklyn Nets,validation
Minnesota Timberwolves,2024-11-27,Sacramento Kings,validation
Utah Jazz,2024-11-27,Denver Nuggets,validation
Charlotte Hornets,2024-11-27,Miami Heat,validation
Philadelphia 76ers,2024-11-27,Houston Rockets,validation
Orlando Magic,2024-11-27,Chicago Bulls,validation
Indiana Pacers,2024-11-27,Portland Trail Blazers,validation
Dallas Mavericks,2024-11-27,New York Knicks,validation
Cleveland Cavaliers,2024-11-27,Atlanta Hawks,validation
Washington Wizards,2024-11-27,LA Clippers,validation
Portland Trail Blazers,2024-11-29,Sacramento Kings,validation
Los Angeles Lakers,2024-11-29,Oklahoma City Thunder,validation
Indiana Pacers,2024-11-29,Detroit Pistons,validation
Miami Heat,2024-11-29,Toronto Raptors,validation
Chicago Bulls,2024-11-29,Boston Celtics,validation
Brooklyn Nets,2024-11-29,Orlando Magic,validation
Memphis Grizzlies,2024-11-29,New Orleans Pelicans,validation
Atlanta Hawks,2024-11-29,Cleveland Cavaliers,validation
Charlotte Hornets,2024-11-29,New York Knicks,validation
Minnesota Timberwolves,2024-11-29,LA Clippers,validation
Charlotte Hornets,2024-11-30,Atlanta Hawks,validation
Detroit Pistons,2024-11-30,Philadelphia 76ers,validation
Milwaukee Bucks,2024-11-30,Washington Wizards,validation
Phoenix Suns,2024-11-30,Golden State Warriors,validation
Utah Jazz,2024-11-30,Dallas Mavericks,validation
Utah Jazz,2024-12-01,Los Angeles Lakers,validation
Sacramento Kings,2024-12-01,San Antonio Spurs,validation
Portland Trail Blazers,2024-12-01,Dallas Mavericks,validation
Houston Rockets,2024-12-01,Oklahoma City Thunder,validation
LA Clippers,2024-12-01,Denver Nuggets,validation
Toronto Raptors,2024-12-01,Miami Heat,validation
New York Knicks,2024-12-01,New Orleans Pelicans,validation
Memphis Grizzlies,2024-12-01,Indiana Pacers,validation
Brooklyn Nets,2024-12-01,Orlando Magic,validation
Cleveland Cavaliers,2024-12-01,Boston Celtics,validation
Boston Celtics,2024-12-02,Miami Heat,validation
Atlanta Hawks,2024-12-02,New Orleans Pelicans,validation
Chicago Bulls,2024-12-02,Brooklyn Nets,validation
Minnesota Timberwolves,2024-12-02,Los Angeles Lakers,validation
LA Clippers,2024-12-03,Portland Trail Blazers,validation
Denver Nuggets,2024-12-03,Golden State Warriors,validation
Phoenix Suns,2024-12-03,San Antonio Spurs,validation
Dallas Mavericks,2024-12-03,Memphis Grizzlies,validation
Oklahoma City Thunder,2024-12-03,Utah Jazz,validation
Sacramento Kings,2024-12-03,Houston Rockets,validation
New York Knicks,2024-12-03,Orlando Magic,validation
Cleveland Cavaliers,2024-12-03,Washington Wizards,validation
Charlotte Hornets,2024-12-03,Philadelphia 76ers,validation
Detroit Pistons,2024-12-03,Milwaukee Bucks,validation
Toronto Raptors,2024-12-03,Indiana Pacers,validation
Milwaukee Bucks,2024-12-04,Atlanta Hawks,validation
Philadelphia 76ers,2024-12-04,Orlando Magic,validation
LA Clippers,2024-12-04,Minnesota Timberwolves,validation
Boston Celtics,2024-12-04,Detroit Pistons,validation
Miami Heat,2024-12-04,Los Angeles Lakers,validation
Brooklyn Nets,2024-12-04,Indiana Pacers,validation
Washington Wizards,2024-12-05,Dallas Mavericks,validation
Cleveland Cavaliers,2024-12-05,Denver Nuggets,validation
Toronto Raptors,2024-12-05,Oklahoma City Thunder,validation
New York Knicks,2024-12-05,Charlotte Hornets,validation
Memphis Grizzlies,2024-12-05,Sacramento Kings,validation
New Orleans Pelicans,2024-12-05,Phoenix Suns,validation
San Antonio Spurs,2024-12-05,Chicago Bulls,validation
Golden State Warriors,2024-12-05,Houston Rockets,validation
Golden State Warriors,2024-12-06,Minnesota Timberwolves,validation
Portland Trail Blazers,2024-12-06,Utah Jazz,validation
San Antonio Spurs,2024-12-06,Sacramento Kings,validation
Atlanta Hawks,2024-12-06,Los Angeles Lakers,validation
Boston Celtics,2024-12-06,Milwaukee Bucks,validation
Chicago Bulls,2024-12-06,Indiana Pacers,validation
Philadelphia 76ers,2024-12-06,Orlando Magic,validation
Charlotte Hornets,2024-12-07,Cleveland Cavaliers,validation
New Orleans Pelicans,2024-12-07,Oklahoma City Thunder,validation
Washington Wizards,2024-12-07,Denver Nuggets,validation
New York Knicks,2024-12-07,Detroit Pistons,validation
Toronto Raptors,2024-12-07,Dallas Mavericks,validation
Miami Heat,2024-12-07,Phoenix Suns,validation
Boston Celtics,2024-12-07,Memphis Grizzlies,validation
Los Angeles Lakers,2024-12-08,Portland Trail Blazers,validation
Sacramento Kings,2024-12-08,Utah Jazz,validation
LA Clippers,2024-12-08,Houston Rockets,validation
Golden State Warriors,2024-12-08,Minnesota Timberwolves,validation
San Antonio Spurs,2024-12-08,New Orleans Pelicans,validation
Washington Wizards,2024-12-08,Memphis Grizzlies,validation
Atlanta Hawks,2024-12-08,Denver Nuggets,validation
Miami Heat,2024-12-08,Cleveland Cavaliers,validation
Indiana Pacers,2024-12-08,Charlotte Hornets,validation
Brooklyn Nets,2024-12-08,Milwaukee Bucks,validation
Chicago Bulls,2024-12-08,Philadelphia 76ers,validation
Orlando Magic,2024-12-08,Phoenix Suns,validation
Toronto Raptors,2024-12-09,New York Knicks,validation
Milwaukee Bucks,2024-12-10,Orlando Magic,validation
Oklahoma City Thunder,2024-12-10,Dallas Mavericks,validation
Houston Rockets,2024-12-11,Golden State Warriors,validation
New York Knicks,2024-12-11,Atlanta Hawks,validation
Miami Heat,2024-12-12,Toronto Raptors,validation
New Orleans Pelicans,2024-12-12,Sacramento Kings,validation
Boston Celtics,2024-12-12,Detroit Pistons,validation
Philadelphia 76ers,2024-12-13,Indiana Pacers,validation
Cleveland Cavaliers,2024-12-13,Washington Wizards,validation
Chicago Bulls,2024-12-13,Charlotte Hornets,validation
Minnesota Timberwolves,2024-12-13,Los Angeles Lakers,validation
Memphis Grizzlies,2024-12-13,Brooklyn Nets,validation
Denver Nuggets,2024-12-13,LA Clippers,validation
Utah Jazz,2024-12-13,Phoenix Suns,validation
Portland Trail Blazers,2024-12-13,San Antonio Spurs,validation
Milwaukee Bucks,2024-12-14,Atlanta Hawks,validation
Oklahoma City Thunder,2024-12-14,Houston Rockets,validation
Phoenix Suns,2024-12-15,Portland Trail Blazers,validation
Los Angeles Lakers,2024-12-15,Memphis Grizzlies,validation
Golden State Warriors,2024-12-15,Dallas Mavericks,validation
Washington Wizards,2024-12-15,Boston Celtics,validation
Orlando Magic,2024-12-15,New York Knicks,validation
Indiana Pacers,2024-12-15,New Orleans Pelicans,validation
San Antonio Spurs,2024-12-15,Minnesota Timberwolves,validation
Detroit Pistons,2024-12-16,Miami Heat,validation
Charlotte Hornets,2024-12-16,Philadelphia 76ers,validation
Brooklyn Nets,2024-12-16,Cleveland Cavaliers,validation
Toronto Raptors,2024-12-16,Chicago Bulls,validation
Sacramento Kings,2024-12-16,Denver Nuggets,validation
LA Clippers,2024-12-16,Utah Jazz,validation
Oklahoma City Thunder,2024-12-17,Milwaukee Bucks,validation
Dallas Mavericks,2024-12-19,LA Clippers,validation
Phoenix Suns,2024-12-19,Indiana Pacers,validation
San Antonio Spurs,2024-12-19,Atlanta Hawks,validation
Portland Trail Blazers,2024-12-19,Denver Nuggets,validation
Minnesota Timberwolves,2024-12-19,New York Knicks,validation
Houston Rockets,2024-12-19,New Orleans Pelicans,validation
Sacramento Kings,2024-12-19,Los Angeles Lakers,validation
Toronto Raptors,2024-12-19,Brooklyn Nets,validation
Boston Celtics,2024-12-19,Chicago Bulls,validation
Washington Wizards,2024-12-19,Charlotte Hornets,validation
Detroit Pistons,2024-12-19,Utah Jazz,validation
Orlando Magic,2024-12-19,Oklahoma City Thunder,validation
Memphis Grizzlies,2024-12-19,Golden State Warriors,validation
Philadelphia 76ers,2024-12-20,Charlotte Hornets,validation
Cleveland Cavaliers,2024-12-20,Milwaukee Bucks,validation
Miami Heat,2024-12-20,Oklahoma City Thunder,validation
Phoenix Suns,2024-12-21,Detroit Pistons,validation
San Antonio Spurs,2024-12-21,Portland Trail Blazers,validation
Dallas Mavericks,2024-12-21,LA Clippers,validation
Milwaukee Bucks,2024-12-21,Washington Wizards,validation
Chicago Bulls,2024-12-21,Boston Celtics,validation
Cleveland Cavaliers,2024-12-21,Philadelphia 76ers,validation
Minnesota Timberwolves,2024-12-21,Golden State Warriors,validation
New Orleans Pelicans,2024-12-21,New York Knicks,validation
Atlanta Hawks,2024-12-21,Memphis Grizzlies,validation
Brooklyn Nets,2024-12-21,Utah Jazz,validation
Orlando Magic,2024-12-21,Miami Heat,validation
Sacramento Kings,2024-12-21,Los Angeles Lakers,validation
Toronto Raptors,2024-12-22,Houston Rockets,validation
Sacramento Kings,2024-12-22,Indiana Pacers,validation
New Orleans Pelicans,2024-12-22,Denver Nuggets,validation
Los Angeles Lakers,2024-12-23,Detroit Pistons,validation
Golden State Warriors,2024-12-23,Indiana Pacers,validation
Denver Nuggets,2024-12-23,Phoenix Suns,validation
Dallas Mavericks,2024-12-23,Portland Trail Blazers,validation
Memphis Grizzlies,2024-12-23,LA Clippers,validation
Oklahoma City Thunder,2024-12-23,Washington Wizards,validation
Chicago Bulls,2024-12-23,Milwaukee Bucks,validation
New York Knicks,2024-12-23,Toronto Raptors,validation
Miami Heat,2024-12-23,Brooklyn Nets,validation
Atlanta Hawks,2024-12-23,Minnesota Timberwolves,validation
Philadelphia 76ers,2024-12-23,San Antonio Spurs,validation
Orlando Magic,2024-12-23,Boston Celtics,validation
Charlotte Hornets,2024-12-23,Houston Rockets,validation
Cleveland Cavaliers,2024-12-23,Utah Jazz,validation
Phoenix Suns,2024-12-25,Denver Nuggets,validation
Golden State Warriors,2024-12-25,Los Angeles Lakers,validation
Dallas Mavericks,2024-12-25,Minnesota Timberwolves,validation
New York Knicks,2024-12-25,San Antonio Spurs,validation
Boston Celtics,2024-12-25,Philadelphia 76ers,validation
Memphis Grizzlies,2024-12-26,Toronto Raptors,validation
Sacramento Kings,2024-12-26,Detroit Pistons,validation
Portland Trail Blazers,2024-12-26,Utah Jazz,validation
New Orleans Pelicans,2024-12-26,Houston Rockets,validation
Milwaukee Bucks,2024-12-26,Brooklyn Nets,validation
Washington Wizards,2024-12-26,Charlotte Hornets,validation
Orlando Magic,2024-12-26,Miami Heat,validation
Indiana Pacers,2024-12-26,Oklahoma City Thunder,validation
Atlanta Hawks,2024-12-26,Chicago Bulls,validation
LA Clippers,2024-12-27,Golden State Warriors,validation
Orlando Magic,2024-12-27,New York Knicks,validation
Boston Celtics,2024-12-27,Indiana Pacers,validation
Brooklyn Nets,2024-12-27,San Antonio Spurs,validation
New Orleans Pelicans,2024-12-27,Memphis Grizzlies,validation
Houston Rockets,2024-12-27,Minnesota Timberwolves,validation
Phoenix Suns,2024-12-27,Dallas Mavericks,validation
Denver Nuggets,2024-12-27,Cleveland Cavaliers,validation
Utah Jazz,2024-12-28,Philadelphia 76ers,validation
Denver Nuggets,2024-12-28,Detroit Pistons,validation
Portland Trail Blazers,2024-12-28,Dallas Mavericks,validation
Golden State Warriors,2024-12-28,Phoenix Suns,validation
Los Angeles Lakers,2024-12-28,Sacramento Kings,validation
Washington Wizards,2024-12-28,New York Knicks,validation
Charlotte Hornets,2024-12-28,Oklahoma City Thunder,validation
Atlanta Hawks,2024-12-28,Miami Heat,validation
Chicago Bulls,2024-12-28,Milwaukee Bucks,validation
Orlando Magic,2024-12-29,Brooklyn Nets,validation
Boston Celtics,2024-12-29,Indiana Pacers,validation
Toronto Raptors,2024-12-29,Atlanta Hawks,validation
Oklahoma City Thunder,2024-12-29,Memphis Grizzlies,validation
Houston Rockets,2024-12-29,Miami Heat,validation
Minnesota Timberwolves,2024-12-29,San Antonio Spurs,validation
Portland Trail Blazers,2024-12-30,Philadelphia 76ers,validation
Golden State Warriors,2024-12-30,Cleveland Cavaliers,validation
Utah Jazz,2024-12-30,Denver Nuggets,validation
Sacramento Kings,2024-12-30,Dallas Mavericks,validation
Washington Wizards,2024-12-30,New York Knicks,validation
Charlotte Hornets,2024-12-30,Chicago Bulls,validation
New Orleans Pelicans,2024-12-30,LA Clippers,validation
Indiana Pacers,2024-12-31,Milwaukee Bucks,validation
Boston Celtics,2024-12-31,Toronto Raptors,validation
San Antonio Spurs,2024-12-31,LA Clippers,validation
Oklahoma City Thunder,2024-12-31,Minnesota Timberwolves,validation
Phoenix Suns,2024-12-31,Memphis Grizzlies,validation
Los Angeles Lakers,2024-12-31,Cleveland Cavaliers,validation
Sacramento Kings,2025-01-01,Philadelphia 76ers,validation
Denver Nuggets,2025-01-01,Atlanta Hawks,validation
Houston Rockets,2025-01-01,Dallas Mavericks,validation
New York Knicks,2025-01-01,Utah Jazz,validation
Washington Wizards,2025-01-01,Chicago Bulls,validation
Toronto Raptors,2025-01-01,Brooklyn Nets,validation
Detroit Pistons,2025-01-01,Orlando Magic,validation
Miami Heat,2025-01-01,New Orleans Pelicans,validation
Golden State Warriors,2025-01-02,Philadelphia 76ers,validation
Milwaukee Bucks,2025-01-02,Brooklyn Nets,validation
Los Angeles Lakers,2025-01-02,Portland Trail Blazers,validation
Minnesota Timberwolves,2025-01-02,Boston Celtics,validation
Miami Heat,2025-01-02,Indiana Pacers,validation
Oklahoma City Thunder,2025-01-02,LA Clippers,validation
Detroit Pistons,2025-01-03,Charlotte Hornets,validation
Toronto Raptors,2025-01-03,Orlando Magic,validation
New Orleans Pelicans,2025-01-03,Washington Wizards,validation
Houston Rockets,2025-01-03,Boston Celtics,validation
Oklahoma City Thunder,2025-01-03,New York Knicks,validation
Dallas Mavericks,2025-01-03,Cleveland Cavaliers,validation
Denver Nuggets,2025-01-03,San Antonio Spurs,validation
Sacramento Kings,2025-01-03,Memphis Grizzlies,validation
Los Angeles Lakers,2025-01-03,Atlanta Hawks,validation
LA Clippers,2025-01-04,Atlanta Hawks,validation
San Antonio Spurs,2025-01-04,Denver Nuggets,validation
Chicago Bulls,2025-01-04,New York Knicks,validation
Milwaukee Bucks,2025-01-04,Portland Trail Blazers,validation
Golden State Warriors,2025-01-04,Memphis Grizzlies,validation
Detroit Pistons,2025-01-04,Minnesota Timberwolves,validation
Indiana Pacers,2025-01-04,Phoenix Suns,validation
Brooklyn Nets,2025-01-04,Philadelphia 76ers,validation
Miami Heat,2025-01-04,Utah Jazz,validation
Oklahoma City Thunder,2025-01-05,Boston Celtics,validation
Washington Wizards,2025-01-05,New Orleans Pelicans,validation
Cleveland Cavaliers,2025-01-05,Charlotte Hornets,validation
Orlando Magic,2025-01-05,Utah Jazz,validation
Houston Rockets,2025-01-05,Los Angeles Lakers,validation
Golden State Warriors,2025-01-05,Sacramento Kings,validation
Sacramento Kings,2025-01-06,Miami Heat,validation
Chicago Bulls,2025-01-06,San Antonio Spurs,validation
Memphis Grizzlies,2025-01-06,Dallas Mavericks,validation
Minnesota Timberwolves,2025-01-06,LA Clippers,validation
Detroit Pistons,2025-01-06,Portland Trail Blazers,validation
New York Knicks,2025-01-06,Orlando Magic,validation
Toronto Raptors,2025-01-06,Milwaukee Bucks,validation
Philadelphia 76ers,2025-01-06,Phoenix Suns,validation
Brooklyn Nets,2025-01-06,Indiana Pacers,validation
Utah Jazz,2025-01-07,Atlanta Hawks,validation
Denver Nuggets,2025-01-07,Boston Celtics,validation
New Orleans Pelicans,2025-01-07,Minnesota Timberwolves,validation
Golden State Warriors,2025-01-07,Miami Heat,validation
Washington Wizards,2025-01-07,Houston Rockets,validation
Charlotte Hornets,2025-01-07,Phoenix Suns,validation
Dallas Mavericks,2025-01-07,Los Angeles Lakers,validation
Cleveland Cavaliers,2025-01-08,Oklahoma City Thunder,validation
Philadelphia 76ers,2025-01-08,Washington Wizards,validation
Indiana Pacers,2025-01-08,Chicago Bulls,validation
New York Knicks,2025-01-08,Toronto Raptors,validation
Brooklyn Nets,2025-01-08,Detroit Pistons,validation
New Orleans Pelicans,2025-01-08,Portland Trail Blazers,validation
Denver Nuggets,2025-01-08,LA Clippers,validation
Milwaukee Bucks,2025-01-08,San Antonio Spurs,validation
Utah Jazz,2025-01-09,Miami Heat,validation
Phoenix Suns,2025-01-09,Atlanta Hawks,validation
Memphis Grizzlies,2025-01-09,Houston Rockets,validation
Los Angeles Lakers,2025-01-09,Charlotte Hornets,validation
Detroit Pistons,2025-01-09,Golden State Warriors,validation
Orlando Magic,2025-01-09,Minnesota Timberwolves,validation
Cleveland Cavaliers,2025-01-09,Toronto Raptors,validation
Dallas Mavericks,2025-01-09,Portland Trail Blazers,validation
Chicago Bulls,2025-01-10,Washington Wizards,validation
New York Knicks,2025-01-10,Oklahoma City Thunder,validation
Boston Celtics,2025-01-10,Sacramento Kings,validation
Denver Nuggets,2025-01-10,Brooklyn Nets,validation
Philadelphia 76ers,2025-01-10,New Orleans Pelicans,validation
Indiana Pacers,2025-01-10,Golden State Warriors,validation
Orlando Magic,2025-01-10,Milwaukee Bucks,validation
Atlanta Hawks,2025-01-11,Houston Rockets,validation
Phoenix Suns,2025-01-11,Utah Jazz,validation
Detroit Pistons,2025-01-11,Toronto Raptors,validation
Minnesota Timberwolves,2025-01-11,Memphis Grizzlies,validation
Portland Trail Blazers,2025-01-11,Miami Heat,validation
LA Clippers,2025-01-11,Charlotte Hornets,validation
Los Angeles Lakers,2025-01-11,San Antonio Spurs,validation
Washington Wizards,2025-01-12,Oklahoma City Thunder,validation
Phoenix Suns,2025-01-12,Charlotte Hornets,validation
Utah Jazz,2025-01-12,Brooklyn Nets,validation
Boston Celtics,2025-01-12,New Orleans Pelicans,validation
New York Knicks,2025-01-12,Milwaukee Bucks,validation
Cleveland Cavaliers,2025-01-12,Indiana Pacers,validation
Chicago Bulls,2025-01-12,Sacramento Kings,validation
Dallas Mavericks,2025-01-12,Denver Nuggets,validation
Orlando Magic,2025-01-12,Philadelphia 76ers,validation
Washington Wizards,2025-01-13,Minnesota Timberwolves,validation
Toronto Raptors,2025-01-13,Golden State Warriors,validation
New York Knicks,2025-01-13,Detroit Pistons,validation
Houston Rockets,2025-01-13,Memphis Grizzlies,validation
LA Clippers,2025-01-13,Miami Heat,validation
Los Angeles Lakers,2025-01-13,San Antonio Spurs,validation
Portland Trail Blazers,2025-01-14,Brooklyn Nets,validation
Dallas Mavericks,2025-01-14,Denver Nuggets,validation
Milwaukee Bucks,2025-01-14,Sacramento Kings,validation
Chicago Bulls,2025-01-14,New Orleans Pelicans,validation
Indiana Pacers,2025-01-14,Cleveland Cavaliers,validation
Philadelphia 76ers,2025-01-14,Oklahoma City Thunder,validation
Atlanta Hawks,2025-01-14,Phoenix Suns,validation
Philadelphia 76ers,2025-01-15,New York Knicks,validation
Toronto Raptors,2025-01-15,Boston Celtics,validation
Milwaukee Bucks,2025-01-15,Orlando Magic,validation
Chicago Bulls,2025-01-15,Atlanta Hawks,validation
New Orleans Pelicans,2025-01-15,Dallas Mavericks,validation
San Antonio Spurs,2025-01-15,Memphis Grizzlies,validation
Denver Nuggets,2025-01-15,Houston Rockets,validation
Utah Jazz,2025-01-15,Charlotte Hornets,validation
Minnesota Timberwolves,2025-01-15,Golden State Warriors,validation
Los Angeles Lakers,2025-01-15,Miami Heat,validation
LA Clippers,2025-01-15,Brooklyn Nets,validation
Portland Trail Blazers,2025-01-16,LA Clippers,validation
Sacramento Kings,2025-01-16,Houston Rockets,validation
Detroit Pistons,2025-01-16,Indiana Pacers,validation
Washington Wizards,2025-01-16,Phoenix Suns,validation
Oklahoma City Thunder,2025-01-16,Cleveland Cavaliers,validation
Boston Celtics,2025-01-17,Orlando Magic,validation
New York Knicks,2025-01-17,Minnesota Timberwolves,validation
Miami Heat,2025-01-17,Denver Nuggets,validation
Chicago Bulls,2025-01-17,Charlotte Hornets,validation
New Orleans Pelicans,2025-01-17,Utah Jazz,validation
Milwaukee Bucks,2025-01-17,Toronto Raptors,validation
Dallas Mavericks,2025-01-17,Oklahoma City Thunder,validation
San Antonio Spurs,2025-01-17,Memphis Grizzlies,validation
Los Angeles Lakers,2025-01-17,Brooklyn Nets,validation
Portland Trail Blazers,2025-01-18,Houston Rockets,validation
Minnesota Timberwolves,2025-01-18,Cleveland Cavaliers,validation
Golden State Warriors,2025-01-18,Washington Wizards,validation
Boston Celtics,2025-01-18,Atlanta Hawks,validation
Indiana Pacers,2025-01-18,Philadelphia 76ers,validation
Detroit Pistons,2025-01-18,Phoenix Suns,validation
Miami Heat,2025-01-19,San Antonio Spurs,validation
Orlando Magic,2025-01-19,Denver Nuggets,validation
Milwaukee Bucks,2025-01-19,Philadelphia 76ers,validation
Oklahoma City Thunder,2025-01-19,Brooklyn Nets,validation
LA Clippers,2025-01-19,Los Angeles Lakers,validation
Sacramento Kings,2025-01-19,Washington Wizards,validation
Portland Trail Blazers,2025-01-19,Chicago Bulls,validation
New Orleans Pelicans,2025-01-20,Utah Jazz,validation
Golden State Warriors,2025-01-20,Boston Celtics,validation
Cleveland Cavaliers,2025-01-20,Phoenix Suns,validation
LA Clippers,2025-01-20,Chicago Bulls,validation
Memphis Grizzlies,2025-01-20,Minnesota Timberwolves,validation
Houston Rockets,2025-01-20,Detroit Pistons,validation
Charlotte Hornets,2025-01-20,Dallas Mavericks,validation
New York Knicks,2025-01-20,Atlanta Hawks,validation
Miami Heat,2025-01-21,Portland Trail Blazers,validation
Toronto Raptors,2025-01-21,Orlando Magic,validation
Brooklyn Nets,2025-01-21,New York Knicks,validation
Denver Nuggets,2025-01-21,Philadelphia 76ers,validation
Los Angeles Lakers,2025-01-21,Washington Wizards,validation
Sacramento Kings,2025-01-22,Golden State Warriors,validation
Houston Rockets,2025-01-22,Cleveland Cavaliers,validation
Oklahoma City Thunder,2025-01-22,Utah Jazz,validation
Memphis Grizzlies,2025-01-22,Charlotte Hornets,validation
LA Clippers,2025-01-22,Boston Celtics,validation
Dallas Mavericks,2025-01-22,Minnesota Timberwolves,validation
Brooklyn Nets,2025-01-22,Phoenix Suns,validation
Atlanta Hawks,2025-01-22,Detroit Pistons,validation
New Orleans Pelicans,2025-01-22,Milwaukee Bucks,validation
LA Clippers,2025-01-23,Washington Wizards,validation
Golden State Warriors,2025-01-23,Chicago Bulls,validation
Denver Nuggets,2025-01-23,Sacramento Kings,validation
Milwaukee Bucks,2025-01-23,Miami Heat,validation
Los Angeles Lakers,2025-01-23,Boston Celtics,validation
Atlanta Hawks,2025-01-23,Toronto Raptors,validation
Orlando Magic,2025-01-23,Portland Trail Blazers,validation
Indiana Pacers,2025-01-23,San Antonio Spurs,validation
Oklahoma City Thunder,2025-01-23,Dallas Mavericks,validation
Philadelphia 76ers,2025-01-24,Cleveland Cavaliers,validation
Charlotte Hornets,2025-01-24,Portland Trail Blazers,validation
Memphis Grizzlies,2025-01-24,New Orleans Pelicans,validation
LA Clippers,2025-01-25,Milwaukee Bucks,validation
Phoenix Suns,2025-01-25,Washington Wizards,validation
Golden State Warriors,2025-01-25,Los Angeles Lakers,validation
Chicago Bulls,2025-01-25,Philadelphia 76ers,validation
Memphis Grizzlies,2025-01-25,Utah Jazz,validation
Cleveland Cavaliers,2025-01-25,Houston Rockets,validation
Atlanta Hawks,2025-01-25,Toronto Raptors,validation
Orlando Magic,2025-01-25,Detroit Pistons,validation
Charlotte Hornets,2025-01-25,New Orleans Pelicans,validation
Brooklyn Nets,2025-01-25,Miami Heat,validation
Dallas Mavericks,2025-01-25,Boston Celtics,validation
Minnesota Timberwolves,2025-01-25,Denver Nuggets,validation
San Antonio Spurs,2025-01-25,Indiana Pacers,validation
New York Knicks,2025-01-25,Sacramento Kings,validation
Portland Trail Blazers,2025-01-26,Oklahoma City Thunder,validation
Phoenix Suns,2025-01-27,LA Clippers,validation
Utah Jazz,2025-01-27,Milwaukee Bucks,validation
Dallas Mavericks,2025-01-27,Washington Wizards,validation
Minnesota Timberwolves,2025-01-27,Atlanta Hawks,validation
Chicago Bulls,2025-01-27,Denver Nuggets,validation
Toronto Raptors,2025-01-27,New Orleans Pelicans,validation
New York Knicks,2025-01-27,Memphis Grizzlies,validation
Miami Heat,2025-01-27,Orlando Magic,validation
Brooklyn Nets,2025-01-27,Sacramento Kings,validation
Charlotte Hornets,2025-01-27,Los Angeles Lakers,validation
Cleveland Cavaliers,2025-01-27,Detroit Pistons,validation
Boston Celtics,2025-01-27,Houston Rockets,validation
Atlanta Hawks,2025-01-28,Houston Rockets,validation
Philadelphia 76ers,2025-01-28,Los Angeles Lakers,validation
Portland Trail Blazers,2025-01-28,Milwaukee Bucks,validation
Golden State Warriors,2025-01-28,Utah Jazz,validation
Boston Celtics,2025-01-29,Chicago Bulls,validation
Golden State Warriors,2025-01-29,Oklahoma City Thunder,validation
Phoenix Suns,2025-01-29,Minnesota Timberwolves,validation
New Orleans Pelicans,2025-01-29,Dallas Mavericks,validation
Philadelphia 76ers,2025-01-29,Sacramento Kings,validation
San Antonio Spurs,2025-01-29,LA Clippers,validation
Miami Heat,2025-01-29,Cleveland Cavaliers,validation
Washington Wizards,2025-01-29,Toronto Raptors,validation
New York Knicks,2025-01-29,Denver Nuggets,validation
Indiana Pacers,2025-01-29,Detroit Pistons,validation
Charlotte Hornets,2025-01-29,Brooklyn Nets,validation
Washington Wizards,2025-01-30,Los Angeles Lakers,validation
Cleveland Cavaliers,2025-01-30,Atlanta Hawks,validation
Utah Jazz,2025-01-30,Minnesota Timberwolves,validation
Memphis Grizzlies,2025-01-30,Houston Rockets,validation
Portland Trail Blazers,2025-01-30,Orlando Magic,validation
Golden State Warriors,2025-01-31,Phoenix Suns,validation
San Antonio Spurs,2025-01-31,Milwaukee Bucks,validation
New Orleans Pelicans,2025-01-31,Boston Celtics,validation
Detroit Pistons,2025-01-31,Dallas Mavericks,validation
Toronto Raptors,2025-01-31,Chicago Bulls,validation
Charlotte Hornets,2025-01-31,LA Clippers,validation
Philadelphia 76ers,2025-01-31,Denver Nuggets,validation
New York Knicks,2025-02-01,Los Angeles Lakers,validation
Portland Trail Blazers,2025-02-01,Phoenix Suns,validation
San Antonio Spurs,2025-02-01,Miami Heat,validation
Oklahoma City Thunder,2025-02-01,Sacramento Kings,validation
Indiana Pacers,2025-02-01,Atlanta Hawks,validation
Minnesota Timberwolves,2025-02-01,Washington Wizards,validation
Charlotte Hornets,2025-02-01,Denver Nuggets,validation
Utah Jazz,2025-02-01,Orlando Magic,validation
Houston Rockets,2025-02-01,Brooklyn Nets,validation
Detroit Pistons,2025-02-02,Chicago Bulls,validation
Toronto Raptors,2025-02-02,LA Clippers,validation
Cleveland Cavaliers,2025-02-02,Dallas Mavericks,validation
Philadelphia 76ers,2025-02-02,Boston Celtics,validation
Milwaukee Bucks,2025-02-02,Memphis Grizzlies,validation
Denver Nuggets,2025-02-03,New Orleans Pelicans,validation
Portland Trail Blazers,2025-02-03,Phoenix Suns,validation
Golden State Warriors,2025-02-03,Orlando Magic,validation
Memphis Grizzlies,2025-02-03,San Antonio Spurs,validation
Utah Jazz,2025-02-03,Indiana Pacers,validation
Minnesota Timberwolves,2025-02-03,Sacramento Kings,validation
New York Knicks,2025-02-03,Houston Rockets,validation
Charlotte Hornets,2025-02-03,Washington Wizards,validation
Detroit Pistons,2025-02-03,Atlanta Hawks,validation
Oklahoma City Thunder,2025-02-03,Milwaukee Bucks,validation
LA Clippers,2025-02-04,Los Angeles Lakers,validation
Portland Trail Blazers,2025-02-04,Indiana Pacers,validation
Chicago Bulls,2025-02-04,Miami Heat,validation
Brooklyn Nets,2025-02-04,Houston Rockets,validation
Cleveland Cavaliers,2025-02-04,Boston Celtics,validation
Toronto Raptors,2025-02-04,New York Knicks,validation
Philadelphia 76ers,2025-02-04,Dallas Mavericks,validation
Sacramento Kings,2025-02-05,Orlando Magic,validation
Oklahoma City Thunder,2025-02-05,Phoenix Suns,validation
Utah Jazz,2025-02-05,Golden State Warriors,validation
Denver Nuggets,2025-02-05,New Orleans Pelicans,validation
Minnesota Timberwolves,2025-02-05,Chicago Bulls,validation
Brooklyn Nets,2025-02-05,Washington Wizards,validation
Philadelphia 76ers,2025-02-05,Miami Heat,validation
Atlanta Hawks,2025-02-05,San Antonio Spurs,validation
Detroit Pistons,2025-02-05,Cleveland Cavaliers,validation
Charlotte Hornets,2025-02-05,Milwaukee Bucks,validation
Toronto Raptors,2025-02-05,Memphis Grizzlies,validation
Boston Celtics,2025-02-06,Dallas Mavericks,validation
Minnesota Timberwolves,2025-02-06,Houston Rockets,validation
Denver Nuggets,2025-02-06,Orlando Magic,validation
Portland Trail Blazers,2025-02-06,Sacramento Kings,validation
Los Angeles Lakers,2025-02-06,Golden State Warriors,validation
LA Clippers,2025-02-06,Indiana Pacers,validation
Atlanta Hawks,2025-02-07,Milwaukee Bucks,validation
Oklahoma City Thunder,2025-02-07,Toronto Raptors,validation
Detroit Pistons,2025-02-07,Philadelphia 76ers,validation
Phoenix Suns,2025-02-07,Utah Jazz,validation
Charlotte Hornets,2025-02-07,San Antonio Spurs,validation
Washington Wizards,2025-02-07,Cleveland Cavaliers,validation
Brooklyn Nets,2025-02-07,Miami Heat,validation
LA Clippers,2025-02-08,Utah Jazz,validation
Sacramento Kings,2025-02-08,New Orleans Pelicans,validation
Phoenix Suns,2025-02-08,Denver Nuggets,validation
Chicago Bulls,2025-02-08,Golden State Warriors,validation
Memphis Grizzlies,2025-02-08,Oklahoma City Thunder,validation
New York Knicks,2025-02-08,Boston Celtics,validation
Orlando Magic,2025-02-08,San Antonio Spurs,validation
Washington Wizards,2025-02-08,Atlanta Hawks,validation
Los Angeles Lakers,2025-02-08,Indiana Pacers,validation
Dallas Mavericks,2025-02-08,Houston Rockets,validation
Minnesota Timberwolves,2025-02-08,Portland Trail Blazers,validation
Detroit Pistons,2025-02-09,Charlotte Hornets,validation
Milwaukee Bucks,2025-02-09,Philadelphia 76ers,validation
Houston Rockets,2025-02-09,Toronto Raptors,validation
Milwaukee Bucks,2025-02-10,Golden State Warriors,validation
Denver Nuggets,2025-02-10,Portland Trail Blazers,validation
Los Angeles Lakers,2025-02-10,Utah Jazz,validation
Dallas Mavericks,2025-02-10,Sacramento Kings,validation
Oklahoma City Thunder,2025-02-10,New Orleans Pelicans,validation
Cleveland Cavaliers,2025-02-10,Minnesota Timberwolves,validation
Brooklyn Nets,2025-02-10,Charlotte Hornets,validation
Washington Wizards,2025-02-10,San Antonio Spurs,validation
Orlando Magic,2025-02-10,Atlanta Hawks,validation
Miami Heat,2025-02-10,Boston Celtics,validation
Philadelphia 76ers,2025-02-11,Toronto Raptors,validation
Indiana Pacers,2025-02-11,New York Knicks,validation
Chicago Bulls,2025-02-11,Detroit Pistons,validation
Phoenix Suns,2025-02-11,Memphis Grizzlies,validation
Chicago Bulls,2025-02-12,Detroit Pistons,validation
Dallas Mavericks,2025-02-12,Golden State Warriors,validation
Denver Nuggets,2025-02-12,Portland Trail Blazers,validation
Utah Jazz,2025-02-12,Los Angeles Lakers,validation
Houston Rockets,2025-02-12,Phoenix Suns,validation
LA Clippers,2025-02-12,Memphis Grizzlies,validation
Oklahoma City Thunder,2025-02-12,Miami Heat,validation
Brooklyn Nets,2025-02-12,Philadelphia 76ers,validation
New Orleans Pelicans,2025-02-12,Sacramento Kings,validation
New York Knicks,2025-02-12,Atlanta Hawks,validation
Toronto Raptors,2025-02-12,Cleveland Cavaliers,validation
Boston Celtics,2025-02-12,San Antonio Spurs,validation
Orlando Magic,2025-02-12,Charlotte Hornets,validation
Washington Wizards,2025-02-12,Indiana Pacers,validation
Minnesota Timberwolves,2025-02-12,Milwaukee Bucks,validation
Utah Jazz,2025-02-13,LA Clippers,validation
Dallas Mavericks,2025-02-13,Miami Heat,validation
New Orleans Pelicans,2025-02-13,Sacramento Kings,validation
Houston Rockets,2025-02-13,Golden State Warriors,validation
Minnesota Timberwolves,2025-02-13,Oklahoma City Thunder,validation
Los Angeles Lakers,2025-02-19,Charlotte Hornets,validation
Denver Nuggets,2025-02-20,Charlotte Hornets,validation
Portland Trail Blazers,2025-02-20,Los Angeles Lakers,validation
San Antonio Spurs,2025-02-20,Phoenix Suns,validation
Milwaukee Bucks,2025-02-20,LA Clippers,validation
Atlanta Hawks,2025-02-20,Orlando Magic,validation
Brooklyn Nets,2025-02-20,Cleveland Cavaliers,validation
Indiana Pacers,2025-02-20,Memphis Grizzlies,validation
Philadelphia 76ers,2025-02-20,Boston Celtics,validation
New York Knicks,2025-02-20,Chicago Bulls,validation
Cleveland Cavaliers,2025-02-21,New York Knicks,validation
Washington Wizards,2025-02-21,Milwaukee Bucks,validation
Orlando Magic,2025-02-21,Memphis Grizzlies,validation
Toronto Raptors,2025-02-21,Miami Heat,validation
Dallas Mavericks,2025-02-21,New Orleans Pelicans,validation
San Antonio Spurs,2025-02-21,Detroit Pistons,validation
Houston Rockets,2025-02-21,Minnesota Timberwolves,validation
Utah Jazz,2025-02-21,Oklahoma City Thunder,validation
Sacramento Kings,2025-02-21,Golden State Warriors,validation
Portland Trail Blazers,2025-02-22,Charlotte Hornets,validation
Utah Jazz,2025-02-22,Houston Rockets,validation
Philadelphia 76ers,2025-02-22,Brooklyn Nets,validation
Chicago Bulls,2025-02-22,Phoenix Suns,validation
Denver Nuggets,2025-02-22,Los Angeles Lakers,validation
Boston Celtics,2025-02-23,New York Knicks,validation
Golden State Warriors,2025-02-23,Dallas Mavericks,validation
Indiana Pacers,2025-02-23,LA Clippers,validation
Milwaukee Bucks,2025-02-23,Miami Heat,validation
Atlanta Hawks,2025-02-23,Detroit Pistons,validation
Orlando Magic,2025-02-23,Washington Wizards,validation
Toronto Raptors,2025-02-23,Phoenix Suns,validation
Cleveland Cavaliers,2025-02-23,Memphis Grizzlies,validation
New Orleans Pelicans,2025-02-23,San Antonio Spurs,validation
Minnesota Timberwolves,2025-02-23,Oklahoma City Thunder,validation
Indiana Pacers,2025-02-24,Denver Nuggets,validation
Sacramento Kings,2025-02-24,Charlotte Hornets,validation
Utah Jazz,2025-02-24,Portland Trail Blazers,validation
Oklahoma City Thunder,2025-02-24,Minnesota Timberwolves,validation
Philadelphia 76ers,2025-02-24,Chicago Bulls,validation
Detroit Pistons,2025-02-24,LA Clippers,validation
Washington Wizards,2025-02-24,Brooklyn Nets,validation
Atlanta Hawks,2025-02-24,Miami Heat,validation
Golden State Warriors,2025-02-25,Charlotte Hornets,validation
Toronto Raptors,2025-02-25,Boston Celtics,validation
Orlando Magic,2025-02-25,Cleveland Cavaliers,validation
Houston Rockets,2025-02-25,Milwaukee Bucks,validation
Memphis Grizzlies,2025-02-25,Phoenix Suns,validation
New Orleans Pelicans,2025-02-25,San Antonio Spurs,validation
Los Angeles Lakers,2025-02-25,Dallas Mavericks,validation
Utah Jazz,2025-02-26,Sacramento Kings,validation
Chicago Bulls,2025-02-26,LA Clippers,validation
Houston Rockets,2025-02-26,San Antonio Spurs,validation
Brooklyn Nets,2025-02-26,Oklahoma City Thunder,validation
Washington Wizards,2025-02-26,Portland Trail Blazers,validation
Indiana Pacers,2025-02-26,Toronto Raptors,validation
Detroit Pistons,2025-02-26,Boston Celtics,validation
Miami Heat,2025-02-26,Atlanta Hawks,validation
New York Knicks,2025-02-26,Philadelphia 76ers,validation
Orlando Magic,2025-02-27,Golden State Warriors,validation
Milwaukee Bucks,2025-02-27,Denver Nuggets,validation
Dallas Mavericks,2025-02-27,Charlotte Hornets,validation
Phoenix Suns,2025-02-27,New Orleans Pelicans,validation
Los Angeles Lakers,2025-02-27,Minnesota Timberwolves,validation
Los Angeles Lakers,2025-02-28,LA Clippers,validation
Utah Jazz,2025-02-28,Minnesota Timberwolves,validation
Phoenix Suns,2025-02-28,New Orleans Pelicans,validation
Chicago Bulls,2025-02-28,Toronto Raptors,validation
Memphis Grizzlies,2025-02-28,New York Knicks,validation
Atlanta Hawks,2025-02-28,Oklahoma City Thunder,validation
Brooklyn Nets,2025-02-28,Portland Trail Blazers,validation
Detroit Pistons,2025-02-28,Denver Nuggets,validation
Boston Celtics,2025-02-28,Cleveland Cavaliers,validation
Miami Heat,2025-02-28,Indiana Pacers,validation
Charlotte Hornets,2025-03-01,Washington Wizards,validation
Detroit Pistons,2025-03-01,Brooklyn Nets,validation
Houston Rockets,2025-03-01,Sacramento Kings,validation
Memphis Grizzlies,2025-03-01,San Antonio Spurs,validation
Dallas Mavericks,2025-03-01,Milwaukee Bucks,validation
Philadelphia 76ers,2025-03-01,Golden State Warriors,validation
San Antonio Spurs,2025-03-02,Oklahoma City Thunder,validation
Los Angeles Lakers,2025-03-02,LA Clippers,validation
Phoenix Suns,2025-03-02,Minnesota Timberwolves,validation
Utah Jazz,2025-03-02,New Orleans Pelicans,validation
Orlando Magic,2025-03-02,Toronto Raptors,validation
Indiana Pacers,2025-03-02,Chicago Bulls,validation
Cleveland Cavaliers,2025-03-02,Portland Trail Blazers,validation
Boston Celtics,2025-03-02,Denver Nuggets,validation
Miami Heat,2025-03-02,New York Knicks,validation
Philadelphia 76ers,2025-03-03,Portland Trail Blazers,validation
Charlotte Hornets,2025-03-03,Golden State Warriors,validation
Miami Heat,2025-03-03,Washington Wizards,validation
Oklahoma City Thunder,2025-03-03,Houston Rockets,validation
Memphis Grizzlies,2025-03-03,Atlanta Hawks,validation
Dallas Mavericks,2025-03-03,Sacramento Kings,validation
Utah Jazz,2025-03-03,Detroit Pistons,validation
Los Angeles Lakers,2025-03-04,New Orleans Pelicans,validation
Phoenix Suns,2025-03-04,LA Clippers,validation
San Antonio Spurs,2025-03-04,Brooklyn Nets,validation
Chicago Bulls,2025-03-04,Cleveland Cavaliers,validation
New York Knicks,2025-03-04,Golden State Warriors,validation
Atlanta Hawks,2025-03-04,Milwaukee Bucks,validation
Orlando Magic,2025-03-04,Toronto Raptors,validation
Indiana Pacers,2025-03-04,Houston Rockets,validation
Minnesota Timberwolves,2025-03-04,Philadelphia 76ers,validation
Washington Wizards,2025-03-05,Utah Jazz,validation
Boston Celtics,2025-03-05,Portland Trail Blazers,validation
Charlotte Hornets,2025-03-05,Minnesota Timberwolves,validation
Cleveland Cavaliers,2025-03-05,Miami Heat,validation
Milwaukee Bucks,2025-03-05,Dallas Mavericks,validation
Denver Nuggets,2025-03-05,Sacramento Kings,validation
Memphis Grizzlies,2025-03-05,Oklahoma City Thunder,validation
LA Clippers,2025-03-05,Detroit Pistons,validation
Los Angeles Lakers,2025-03-06,New York Knicks,validation
Boston Celtics,2025-03-06,Philadelphia 76ers,validation
New Orleans Pelicans,2025-03-06,Houston Rockets,validation
Atlanta Hawks,2025-03-06,Indiana Pacers,validation
Brooklyn Nets,2025-03-06,Golden State Warriors,validation
Orlando Magic,2025-03-06,Chicago Bulls,validation
Charlotte Hornets,2025-03-07,Cleveland Cavaliers,validation
Toronto Raptors,2025-03-07,Utah Jazz,validation
Dallas Mavericks,2025-03-07,Memphis Grizzlies,validation
Miami Heat,2025-03-07,Minnesota Timberwolves,validation
Oklahoma City Thunder,2025-03-07,Portland Trail Blazers,validation
Denver Nuggets,2025-03-07,Phoenix Suns,validation
Sacramento Kings,2025-03-07,San Antonio Spurs,validation
LA Clippers,2025-03-07,New York Knicks,validation
Golden State Warriors,2025-03-08,Detroit Pistons,validation
Boston Celtics,2025-03-08,Los Angeles Lakers,validation
Miami Heat,2025-03-08,Chicago Bulls,validation
Milwaukee Bucks,2025-03-08,Orlando Magic,validation
Atlanta Hawks,2025-03-08,Indiana Pacers,validation
Houston Rockets,2025-03-08,New Orleans Pelicans,validation
Charlotte Hornets,2025-03-08,Brooklyn Nets,validation
Toronto Raptors,2025-03-08,Washington Wizards,validation
LA Clippers,2025-03-09,Sacramento Kings,validation
Portland Trail Blazers,2025-03-09,Detroit Pistons,validation
Minnesota Timberwolves,2025-03-09,San Antonio Spurs,validation
Milwaukee Bucks,2025-03-09,Cleveland Cavaliers,validation
New Orleans Pelicans,2025-03-09,Memphis Grizzlies,validation
Dallas Mavericks,2025-03-09,Phoenix Suns,validation
Oklahoma City Thunder,2025-03-09,Denver Nuggets,validation
Philadelphia 76ers,2025-03-09,Utah Jazz,validation
Memphis Grizzlies,2025-03-10,Phoenix Suns,validation
Sacramento Kings,2025-03-10,New York Knicks,validation
Golden State Warriors,2025-03-10,Portland Trail Blazers,validation
San Antonio Spurs,2025-03-10,Dallas Mavericks,validation
Chicago Bulls,2025-03-10,Indiana Pacers,validation
Houston Rockets,2025-03-10,Orlando Magic,validation
Brooklyn Nets,2025-03-10,Los Angeles Lakers,validation
Atlanta Hawks,2025-03-10,Philadelphia 76ers,validation
Boston Celtics,2025-03-10,Utah Jazz,validation
Miami Heat,2025-03-10,Charlotte Hornets,validation
Toronto Raptors,2025-03-10,Washington Wizards,validation
Oklahoma City Thunder,2025-03-10,Denver Nuggets,validation
Detroit Pistons,2025-03-11,Washington Wizards,validation
Cleveland Cavaliers,2025-03-11,Brooklyn Nets,validation
Indiana Pacers,2025-03-11,Milwaukee Bucks,validation
New Orleans Pelicans,2025-03-11,LA Clippers,validation
Portland Trail Blazers,2025-03-12,New York Knicks,validation
Denver Nuggets,2025-03-12,Minnesota Timberwolves,validation
San Antonio Spurs,2025-03-12,Dallas Mavericks,validation
Miami Heat,2025-03-12,LA Clippers,validation
Houston Rockets,2025-03-12,Phoenix Suns,validation
Toronto Raptors,2025-03-12,Philadelphia 76ers,validation
Boston Celtics,2025-03-12,Oklahoma City Thunder,validation
Atlanta Hawks,2025-03-12,Charlotte Hornets,validation
Memphis Grizzlies,2025-03-12,Utah Jazz,validation
Detroit Pistons,2025-03-13,Washington Wizards,validation
Milwaukee Bucks,2025-03-13,Los Angeles Lakers,validation
New Orleans Pelicans,2025-03-13,Orlando Magic,validation
Chicago Bulls,2025-03-13,Brooklyn Nets,validation
Golden State Warriors,2025-03-13,Sacramento Kings,validation
San Antonio Spurs,2025-03-14,Charlotte Hornets,validation
Phoenix Suns,2025-03-14,Sacramento Kings,validation
Denver Nuggets,2025-03-14,Los Angeles Lakers,validation
Memphis Grizzlies,2025-03-14,Cleveland Cavaliers,validation
Utah Jazz,2025-03-14,Toronto Raptors,validation
Houston Rockets,2025-03-14,Dallas Mavericks,validation
Atlanta Hawks,2025-03-14,LA Clippers,validation
Philadelphia 76ers,2025-03-14,Indiana Pacers,validation
Miami Heat,2025-03-14,Boston Celtics,validation
Minnesota Timberwolves,2025-03-14,Orlando Magic,validation
Denver Nuggets,2025-03-15,Washington Wizards,validation
San Antonio Spurs,2025-03-15,New Orleans Pelicans,validation
Golden State Warriors,2025-03-15,New York Knicks,validation
Houston Rockets,2025-03-15,Chicago Bulls,validation
Milwaukee Bucks,2025-03-15,Indiana Pacers,validation
Memphis Grizzlies,2025-03-15,Miami Heat,validation
Detroit Pistons,2025-03-15,Oklahoma City Thunder,validation
Brooklyn Nets,2025-03-15,Boston Celtics,validation
Milwaukee Bucks,2025-03-16,Oklahoma City Thunder,validation
Minnesota Timberwolves,2025-03-16,Utah Jazz,validation
LA Clippers,2025-03-16,Charlotte Hornets,validation
Portland Trail Blazers,2025-03-16,Toronto Raptors,validation
Los Angeles Lakers,2025-03-16,Phoenix Suns,validation
Cleveland Cavaliers,2025-03-16,Orlando Magic,validation
Dallas Mavericks,2025-03-16,Philadelphia 76ers,validation
Brooklyn Nets,2025-03-16,Atlanta Hawks,validation
Los Angeles Lakers,2025-03-17,San Antonio Spurs,validation
New York Knicks,2025-03-17,Miami Heat,validation
Houston Rockets,2025-03-17,Philadelphia 76ers,validation
New Orleans Pelicans,2025-03-17,Detroit Pistons,validation
Minnesota Timberwolves,2025-03-17,Indiana Pacers,validation
Utah Jazz,2025-03-17,Chicago Bulls,validation
Portland Trail Blazers,2025-03-17,Washington Wizards,validation
Sacramento Kings,2025-03-17,Memphis Grizzlies,validation
Phoenix Suns,2025-03-17,Toronto Raptors,validation
Golden State Warriors,2025-03-17,Denver Nuggets,validation
Golden State Warriors,2025-03-18,Milwaukee Bucks,validation
LA Clippers,2025-03-18,Cleveland Cavaliers,validation
Charlotte Hornets,2025-03-18,Atlanta Hawks,validation
Boston Celtics,2025-03-18,Brooklyn Nets,validation
Orlando Magic,2025-03-19,Houston Rockets,validation
Indiana Pacers,2025-03-19,Dallas Mavericks,validation
Miami Heat,2025-03-19,Detroit Pistons,validation
Oklahoma City Thunder,2025-03-19,Philadelphia 76ers,validation
Minnesota Timberwolves,2025-03-19,New Orleans Pelicans,validation
San Antonio Spurs,2025-03-19,New York Knicks,validation
Utah Jazz,2025-03-19,Washington Wizards,validation
Portland Trail Blazers,2025-03-19,Memphis Grizzlies,validation
Los Angeles Lakers,2025-03-19,Denver Nuggets,validation
Sacramento Kings,2025-03-19,Cleveland Cavaliers,validation
Phoenix Suns,2025-03-19,Chicago Bulls,validation
Sacramento Kings,2025-03-20,Chicago Bulls,validation
Golden State Warriors,2025-03-20,Toronto Raptors,validation
Los Angeles Lakers,2025-03-20,Milwaukee Bucks,validation
Charlotte Hornets,2025-03-20,New York Knicks,validation
Indiana Pacers,2025-03-20,Brooklyn Nets,validation
LA Clippers,2025-03-21,Memphis Grizzlies,validation
Portland Trail Blazers,2025-03-21,Denver Nuggets,validation
Utah Jazz,2025-03-21,Boston Celtics,validation
Dallas Mavericks,2025-03-21,Detroit Pistons,validation
Phoenix Suns,2025-03-21,Cleveland Cavaliers,validation
Miami Heat,2025-03-21,Houston Rockets,validation
Minnesota Timberwolves,2025-03-21,New Orleans Pelicans,validation
Oklahoma City Thunder,2025-03-21,Charlotte Hornets,validation
Washington Wizards,2025-03-21,Orlando Magic,validation
San Antonio Spurs,2025-03-21,Philadelphia 76ers,validation
Indiana Pacers,2025-03-22,Brooklyn Nets,validation
Atlanta Hawks,2025-03-22,Golden State Warriors,validation
New York Knicks,2025-03-22,Washington Wizards,validation
Sacramento Kings,2025-03-22,Milwaukee Bucks,validation
Los Angeles Lakers,2025-03-22,Chicago Bulls,validation
Toronto Raptors,2025-03-23,San Antonio Spurs,validation
Houston Rockets,2025-03-23,Denver Nuggets,validation
Atlanta Hawks,2025-03-23,Philadelphia 76ers,validation
LA Clippers,2025-03-23,Oklahoma City Thunder,validation
Miami Heat,2025-03-23,Charlotte Hornets,validation
Utah Jazz,2025-03-23,Cleveland Cavaliers,validation
Detroit Pistons,2025-03-23,New Orleans Pelicans,validation
Portland Trail Blazers,2025-03-23,Boston Celtics,validation
Indiana Pacers,2025-03-24,Minnesota Timberwolves,validation
Washington Wizards,2025-03-24,Toronto Raptors,validation
Orlando Magic,2025-03-24,Los Angeles Lakers,validation
Brooklyn Nets,2025-03-24,Dallas Mavericks,validation
New Orleans Pelicans,2025-03-24,Philadelphia 76ers,validation
Denver Nuggets,2025-03-24,Chicago Bulls,validation
Phoenix Suns,2025-03-24,Milwaukee Bucks,validation
Sacramento Kings,2025-03-24,Boston Celtics,validation
Sacramento Kings,2025-03-25,Oklahoma City Thunder,validation
Portland Trail Blazers,2025-03-25,Cleveland Cavaliers,validation
Utah Jazz,2025-03-25,Memphis Grizzlies,validation
Houston Rockets,2025-03-25,Atlanta Hawks,validation
New York Knicks,2025-03-25,Dallas Mavericks,validation
Detroit Pistons,2025-03-25,San Antonio Spurs,validation
Charlotte Hornets,2025-03-25,Orlando Magic,validation
Miami Heat,2025-03-25,Golden State Warriors,validation
Philadelphia 76ers,2025-03-26,Washington Wizards,validation
New York Knicks,2025-03-26,LA Clippers,validation
Brooklyn Nets,2025-03-26,Toronto Raptors,validation
Indiana Pacers,2025-03-26,Los Angeles Lakers,validation
Denver Nuggets,2025-03-26,Milwaukee Bucks,validation
Phoenix Suns,2025-03-26,Boston Celtics,validation
Chicago Bulls,2025-03-27,Los Angeles Lakers,validation
Sacramento Kings,2025-03-27,Portland Trail Blazers,validation
Utah Jazz,2025-03-27,Houston Rockets,validation
Oklahoma City Thunder,2025-03-27,Memphis Grizzlies,validation
Miami Heat,2025-03-27,Atlanta Hawks,validation
Cleveland Cavaliers,2025-03-27,San Antonio Spurs,validation
Orlando Magic,2025-03-27,Dallas Mavericks,validation
Washington Wizards,2025-03-27,Indiana Pacers,validation
Detroit Pistons,2025-03-28,Cleveland Cavaliers,validation
Toronto Raptors,2025-03-28,Charlotte Hornets,validation
Brooklyn Nets,2025-03-28,LA Clippers,validation
Milwaukee Bucks,2025-03-28,New York Knicks,validation
Minnesota Timberwolves,2025-03-28,Phoenix Suns,validation
New Orleans Pelicans,2025-03-28,Golden State Warriors,validation
Denver Nuggets,2025-03-28,Utah Jazz,validation
San Antonio Spurs,2025-03-29,Boston Celtics,validation
Memphis Grizzlies,2025-03-29,Los Angeles Lakers,validation
Chicago Bulls,2025-03-29,Dallas Mavericks,validation
Oklahoma City Thunder,2025-03-29,Indiana Pacers,validation
Philadelphia 76ers,2025-03-29,Miami Heat,validation
Washington Wizards,2025-03-29,Brooklyn Nets,validation
Orlando Magic,2025-03-29,Sacramento Kings,validation
Cleveland Cavaliers,2025-03-30,LA Clippers,validation
New York Knicks,2025-03-30,Portland Trail Blazers,validation
New Orleans Pelicans,2025-03-30,Charlotte Hornets,validation
Milwaukee Bucks,2025-03-30,Atlanta Hawks,validation
Minnesota Timberwolves,2025-03-30,Detroit Pistons,validation
San Antonio Spurs,2025-03-30,Golden State Warriors,validation
Philadelphia 76ers,2025-03-30,Toronto Raptors,validation
Phoenix Suns,2025-03-30,Houston Rockets,validation
Dallas Mavericks,2025-03-31,Brooklyn Nets,validation
Oklahoma City Thunder,2025-03-31,Chicago Bulls,validation
Memphis Grizzlies,2025-03-31,Boston Celtics,validation
Los Angeles Lakers,2025-03-31,Houston Rockets,validation
Indiana Pacers,2025-03-31,Sacramento Kings,validation
Washington Wizards,2025-03-31,Miami Heat,validation
Charlotte Hornets,2025-03-31,Utah Jazz,validation
Orlando Magic,2025-03-31,LA Clippers,validation
New York Knicks,2025-04-01,Philadelphia 76ers,validation
Milwaukee Bucks,2025-04-01,Phoenix Suns,validation
Atlanta Hawks,2025-04-01,Portland Trail Blazers,validation
Memphis Grizzlies,2025-04-01,Golden State Warriors,validation
Chicago Bulls,2025-04-01,Toronto Raptors,validation
San Antonio Spurs,2025-04-01,Orlando Magic,validation
Denver Nuggets,2025-04-01,Minnesota Timberwolves,validation
LA Clippers,2025-04-02,New Orleans Pelicans,validation
Oklahoma City Thunder,2025-04-02,Detroit Pistons,validation
Denver Nuggets,2025-04-02,San Antonio Spurs,validation
Dallas Mavericks,2025-04-02,Atlanta Hawks,validation
Boston Celtics,2025-04-02,Miami Heat,validation
Cleveland Cavaliers,2025-04-02,New York Knicks,validation
Washington Wizards,2025-04-02,Sacramento Kings,validation
Indiana Pacers,2025-04-02,Charlotte Hornets,validation
Houston Rockets,2025-04-02,Utah Jazz,validation
Philadelphia 76ers,2025-04-03,Milwaukee Bucks,validation
Washington Wizards,2025-04-03,Orlando Magic,validation
Brooklyn Nets,2025-04-03,Minnesota Timberwolves,validation
Toronto Raptors,2025-04-03,Portland Trail Blazers,validation
Miami Heat,2025-04-03,Memphis Grizzlies,validation
Los Angeles Lakers,2025-04-03,Golden State Warriors,validation
San Antonio Spurs,2025-04-04,Cleveland Cavaliers,validation
LA Clippers,2025-04-04,Dallas Mavericks,validation
Los Angeles Lakers,2025-04-04,New Orleans Pelicans,validation
Chicago Bulls,2025-04-04,Portland Trail Blazers,validation
Golden State Warriors,2025-04-04,Denver Nuggets,validation
Toronto Raptors,2025-04-04,Detroit Pistons,validation
Boston Celtics,2025-04-04,Phoenix Suns,validation
Indiana Pacers,2025-04-04,Utah Jazz,validation
Charlotte Hornets,2025-04-04,Sacramento Kings,validation
Houston Rockets,2025-04-04,Oklahoma City Thunder,validation
Atlanta Hawks,2025-04-05,New York Knicks,validation
Detroit Pistons,2025-04-05,Memphis Grizzlies,validation
Philadelphia 76ers,2025-04-05,Minnesota Timberwolves,validation
Miami Heat,2025-04-05,Milwaukee Bucks,validation
LA Clippers,2025-04-05,Dallas Mavericks,validation
Golden State Warriors,2025-04-06,Houston Rockets,validation
New Orleans Pelicans,2025-04-06,Milwaukee Bucks,validation
New York Knicks,2025-04-06,Phoenix Suns,validation
Portland Trail Blazers,2025-04-06,San Antonio Spurs,validation
Cleveland Cavaliers,2025-04-06,Sacramento Kings,validation
Denver Nuggets,2025-04-06,Indiana Pacers,validation
Boston Celtics,2025-04-06,Washington Wizards,validation
Brooklyn Nets,2025-04-06,Toronto Raptors,validation
Oklahoma City Thunder,2025-04-06,Los Angeles Lakers,validation
Charlotte Hornets,2025-04-06,Chicago Bulls,validation
Atlanta Hawks,2025-04-06,Utah Jazz,validation
Detroit Pistons,2025-04-07,Sacramento Kings,validation
Miami Heat,2025-04-07,Philadelphia 76ers,validation
LA Clippers,2025-04-08,San Antonio Spurs,validation
Phoenix Suns,2025-04-08,Golden State Warriors,validation
Oklahoma City Thunder,2025-04-08,Los Angeles Lakers,validation
Milwaukee Bucks,2025-04-08,Minnesota Timberwolves,validation
New York Knicks,2025-04-08,Boston Celtics,validation
Orlando Magic,2025-04-08,Atlanta Hawks,validation
Charlotte Hornets,2025-04-08,Memphis Grizzlies,validation
Cleveland Cavaliers,2025-04-08,Chicago Bulls,validation
Indiana Pacers,2025-04-08,Washington Wizards,validation
Brooklyn Nets,2025-04-08,New Orleans Pelicans,validation
Phoenix Suns,2025-04-09,Oklahoma City Thunder,validation
LA Clippers,2025-04-09,Houston Rockets,validation
Sacramento Kings,2025-04-09,Denver Nuggets,validation
Utah Jazz,2025-04-09,Portland Trail Blazers,validation
Golden State Warriors,2025-04-09,San Antonio Spurs,validation
Dallas Mavericks,2025-04-09,Los Angeles Lakers,validation
Toronto Raptors,2025-04-09,Charlotte Hornets,validation
Orlando Magic,2025-04-09,Boston Celtics,validation
Washington Wizards,2025-04-09,Philadelphia 76ers,validation
Chicago Bulls,2025-04-09,Miami Heat,validation
Memphis Grizzlies,2025-04-10,Minnesota Timberwolves,validation
Brooklyn Nets,2025-04-10,Atlanta Hawks,validation
Milwaukee Bucks,2025-04-10,New Orleans Pelicans,validation
Detroit Pistons,2025-04-10,New York Knicks,validation
Indiana Pacers,2025-04-10,Cleveland Cavaliers,validation
Minnesota Timberwolves,2025-04-11,Brooklyn Nets,validation
Los Angeles Lakers,2025-04-11,Houston Rockets,validation
Phoenix Suns,2025-04-11,San Antonio Spurs,validation
Sacramento Kings,2025-04-11,LA Clippers,validation
Portland Trail Blazers,2025-04-11,Golden State Warriors,validation
Utah Jazz,2025-04-11,Oklahoma City Thunder,validation
Denver Nuggets,2025-04-11,Memphis Grizzlies,validation
Chicago Bulls,2025-04-11,Washington Wizards,validation
New Orleans Pelicans,2025-04-11,Miami Heat,validation
New York Knicks,2025-04-11,Cleveland Cavaliers,validation
Boston Celtics,2025-04-11,Charlotte Hornets,validation
Detroit Pistons,2025-04-11,Milwaukee Bucks,validation
Indiana Pacers,2025-04-11,Orlando Magic,validation
Philadelphia 76ers,2025-04-11,Atlanta Hawks,validation
Dallas Mavericks,2025-04-11,Toronto Raptors,validation
Portland Trail Blazers,2025-04-13,Los Angeles Lakers,validation
Memphis Grizzlies,2025-04-13,Dallas Mavericks,validation
Golden State Warriors,2025-04-13,LA Clippers,validation
Houston Rockets,2025-04-13,Denver Nuggets,validation
Sacramento Kings,2025-04-13,Phoenix Suns,validation
San Antonio Spurs,2025-04-13,Toronto Raptors,validation
New Orleans Pelicans,2025-04-13,Oklahoma City Thunder,validation
Minnesota Timberwolves,2025-04-13,Utah Jazz,validation
Milwaukee Bucks,2025-04-13,Detroit Pistons,validation
Atlanta Hawks,2025-04-13,Orlando Magic,validation
Philadelphia 76ers,2025-04-13,Chicago Bulls,validation
Cleveland Cavaliers,2025-04-13,Indiana Pacers,validation
Boston Celtics,2025-04-13,Charlotte Hornets,validation
Miami Heat,2025-04-13,Washington Wizards,validation
Brooklyn Nets,2025-04-13,New York Knicks,validation
Orlando Magic,2025-04-15,Atlanta Hawks,validation
Golden State Warriors,2025-04-15,Memphis Grizzlies,validation
Sacramento Kings,2025-04-16,Dallas Mavericks,validation
Chicago Bulls,2025-04-16,Miami Heat,validation
Atlanta Hawks,2025-04-18,Miami Heat,validation
Memphis Grizzlies,2025-04-18,Dallas Mavericks,validation
Indiana Pacers,2025-04-19,Milwaukee Bucks,validation
Denver Nuggets,2025-04-19,LA Clippers,validation
New York Knicks,2025-04-19,Detroit Pistons,validation
Los Angeles Lakers,2025-04-19,Minnesota Timberwolves,validation
Houston Rockets,2025-04-20,Golden State Warriors,validation
Cleveland Cavaliers,2025-04-20,Miami Heat,validation
Boston Celtics,2025-04-20,Orlando Magic,validation
Oklahoma City Thunder,2025-04-20,Memphis Grizzlies,validation
New York Knicks,2025-04-21,Detroit Pistons,validation
Denver Nuggets,2025-04-21,LA Clippers,validation
Indiana Pacers,2025-04-22,Milwaukee Bucks,validation
Oklahoma City Thunder,2025-04-22,Memphis Grizzlies,validation
Los Angeles Lakers,2025-04-22,Minnesota Timberwolves,validation
Houston Rockets,2025-04-23,Golden State Warriors,validation
Boston Celtics,2025-04-23,Orlando Magic,validation
Cleveland Cavaliers,2025-04-23,Miami Heat,validation
Detroit Pistons,2025-04-24,New York Knicks,validation
Memphis Grizzlies,2025-04-24,Oklahoma City Thunder,validation
LA Clippers,2025-04-24,Denver Nuggets,validation
Orlando Magic,2025-04-25,Boston Celtics,validation
Milwaukee Bucks,2025-04-25,Indiana Pacers,validation
Minnesota Timberwolves,2025-04-25,Los Angeles Lakers,validation
Golden State Warriors,2025-04-26,Houston Rockets,validation
LA Clippers,2025-04-26,Denver Nuggets,validation
Miami Heat,2025-04-26,Cleveland Cavaliers,validation
Memphis Grizzlies,2025-04-26,Oklahoma City Thunder,validation
Detroit Pistons,2025-04-27,New York Knicks,validation
Minnesota Timberwolves,2025-04-27,Los Angeles Lakers,validation
Orlando Magic,2025-04-27,Boston Celtics,validation
Milwaukee Bucks,2025-04-27,Indiana Pacers,validation
Miami Heat,2025-04-28,Cleveland Cavaliers,validation
Golden State Warriors,2025-04-28,Houston Rockets,validation
Indiana Pacers,2025-04-29,Milwaukee Bucks,validation
New York Knicks,2025-04-29,Detroit Pistons,validation
Boston Celtics,2025-04-29,Orlando Magic,validation
Denver Nuggets,2025-04-29,LA Clippers,validation
Houston Rockets,2025-04-30,Golden State Warriors,validation
Los Angeles Lakers,2025-04-30,Minnesota Timberwolves,validation
Detroit Pistons,2025-05-01,New York Knicks,validation
LA Clippers,2025-05-01,Denver Nuggets,validation
Golden State Warriors,2025-05-02,Houston Rockets,validation
Denver Nuggets,2025-05-03,LA Clippers,validation
Cleveland Cavaliers,2025-05-04,Indiana Pacers,validation
Houston Rockets,2025-05-04,Golden State Warriors,validation
Boston Celtics,2025-05-05,New York Knicks,validation
Oklahoma City Thunder,2025-05-05,Denver Nuggets,validation
Cleveland Cavaliers,2025-05-06,Indiana Pacers,validation
Minnesota Timberwolves,2025-05-06,Golden State Warriors,validation
Boston Celtics,2025-05-07,New York Knicks,validation
Oklahoma City Thunder,2025-05-07,Denver Nuggets,validation
Minnesota Timberwolves,2025-05-08,Golden State Warriors,validation
Indiana Pacers,2025-05-09,Cleveland Cavaliers,validation
Denver Nuggets,2025-05-09,Oklahoma City Thunder,validation
New York Knicks,2025-05-10,Boston Celtics,validation
Golden State Warriors,2025-05-10,Minnesota Timberwolves,validation
Indiana Pacers,2025-05-11,Cleveland Cavaliers,validation
Denver Nuggets,2025-05-11,Oklahoma City Thunder,validation
Golden State Warriors,2025-05-12,Minnesota Timberwolves,validation
New York Knicks,2025-05-12,Boston Celtics,validation
Cleveland Cavaliers,2025-05-13,Indiana Pacers,validation
Oklahoma City Thunder,2025-05-13,Denver Nuggets,validation
Boston Celtics,2025-05-14,New York Knicks,validation
Minnesota Timberwolves,2025-05-14,Golden State Warriors,validation
Denver Nuggets,2025-05-15,Oklahoma City Thunder,validation
New York Knicks,2025-05-16,Boston Celtics,validation
Oklahoma City Thunder,2025-05-18,Denver Nuggets,validation
Oklahoma City Thunder,2025-05-20,Minnesota Timberwolves,validation
New York Knicks,2025-05-21,Indiana Pacers,validation
Oklahoma City Thunder,2025-05-22,Minnesota Timberwolves,validation
New York Knicks,2025-05-23,Indiana Pacers,validation
Minnesota Timberwolves,2025-05-24,Oklahoma City Thunder,validation
Indiana Pacers,2025-05-25,New York Knicks,validation
Minnesota Timberwolves,2025-05-26,Oklahoma City Thunder,validation
Indiana Pacers,2025-05-27,New York Knicks,validation
Oklahoma City Thunder,2025-05-28,Minnesota Timberwolves,validation
New York Knicks,2025-05-29,Indiana Pacers,validation
Indiana Pacers,2025-05-31,New York Knicks,validation
Oklahoma City Thunder,2025-06-05,Indiana Pacers,validation
Oklahoma City Thunder,2025-06-08,Indiana Pacers,validation
Indiana Pacers,2025-06-11,Oklahoma City Thunder,validation
Indiana Pacers,2025-06-13,Oklahoma City Thunder,validation
Oklahoma City Thunder,2025-06-16,Indiana Pacers,validation
Indiana Pacers,2025-06-19,Oklahoma City Thunder,validation
Oklahoma City Thunder,2025-06-22,Indiana Pacers,validation
Indiana Pacers,2025-10-23,Oklahoma City Thunder,validation
Golden State Warriors,2025-10-23,Denver Nuggets,validation
LA Clippers,2025-10-24,Phoenix Suns,validation
Dallas Mavericks,2025-10-24,Washington Wizards,validation
Sacramento Kings,2025-10-24,Utah Jazz,validation
Portland Trail Blazers,2025-10-24,Golden State Warriors,validation
Memphis Grizzlies,2025-10-24,Miami Heat,validation
Los Angeles Lakers,2025-10-24,Minnesota Timberwolves,validation
New Orleans Pelicans,2025-10-24,San Antonio Spurs,validation
Toronto Raptors,2025-10-24,Milwaukee Bucks,validation
Orlando Magic,2025-10-24,Atlanta Hawks,validation
Houston Rockets,2025-10-24,Detroit Pistons,validation
Brooklyn Nets,2025-10-24,Cleveland Cavaliers,validation
New York Knicks,2025-10-24,Boston Celtics,validation
Orlando Magic,2025-10-25,Chicago Bulls,validation
Atlanta Hawks,2025-10-25,Oklahoma City Thunder,validation
Philadelphia 76ers,2025-10-25,Charlotte Hornets,validation
Memphis Grizzlies,2025-10-25,Indiana Pacers,validation
Denver Nuggets,2025-10-25,Phoenix Suns,validation
Sacramento Kings,2025-10-26,Los Angeles Lakers,validation
Dallas Mavericks,2025-10-26,Toronto Raptors,validation
Minnesota Timberwolves,2025-10-26,Indiana Pacers,validation
Washington Wizards,2025-10-26,Charlotte Hornets,validation
LA Clippers,2025-10-26,Portland Trail Blazers,validation
Cleveland Cavaliers,2025-10-26,Milwaukee Bucks,validation
Detroit Pistons,2025-10-26,Boston Celtics,validation
San Antonio Spurs,2025-10-26,Brooklyn Nets,validation
Miami Heat,2025-10-26,New York Knicks,validation
Los Angeles Lakers,2025-10-27,Portland Trail Blazers,validation
Golden State Warriors,2025-10-27,Memphis Grizzlies,validation
Minnesota Timberwolves,2025-10-27,Denver Nuggets,validation
Utah Jazz,2025-10-27,Phoenix Suns,validation
Dallas Mavericks,2025-10-27,Oklahoma City Thunder,validation
San Antonio Spurs,2025-10-27,Toronto Raptors,validation
Houston Rockets,2025-10-27,Brooklyn Nets,validation
Chicago Bulls,2025-10-27,Atlanta Hawks,validation
Philadelphia 76ers,2025-10-27,Orlando Magic,validation
Detroit Pistons,2025-10-27,Cleveland Cavaliers,validation
New Orleans Pelicans,2025-10-27,Boston Celtics,validation
Oklahoma City Thunder,2025-10-28,Sacramento Kings,validation
Milwaukee Bucks,2025-10-28,New York Knicks,validation
Golden State Warriors,2025-10-28,LA Clippers,validation
Washington Wizards,2025-10-28,Philadelphia 76ers,validation
Miami Heat,2025-10-28,Charlotte Hornets,validation
Phoenix Suns,2025-10-29,Memphis Grizzlies,validation
Minnesota Timberwolves,2025-10-29,Los Angeles Lakers,validation
Denver Nuggets,2025-10-29,New Orleans Pelicans,validation
Dallas Mavericks,2025-10-29,Indiana Pacers,validation
Utah Jazz,2025-10-29,Portland Trail Blazers,validation
Brooklyn Nets,2025-10-29,Atlanta Hawks,validation
Detroit Pistons,2025-10-29,Orlando Magic,validation
Boston Celtics,2025-10-29,Cleveland Cavaliers,validation
Toronto Raptors,2025-10-29,Houston Rockets,validation
Chicago Bulls,2025-10-29,Sacramento Kings,validation
Charlotte Hornets,2025-10-30,Orlando Magic,validation
Oklahoma City Thunder,2025-10-30,Washington Wizards,validation
Milwaukee Bucks,2025-10-30,Golden State Warriors,validation
San Antonio Spurs,2025-10-30,Miami Heat,validation
Portland Trail Blazers,2025-10-31,Denver Nuggets,validation
LA Clippers,2025-10-31,New Orleans Pelicans,validation
Phoenix Suns,2025-10-31,Utah Jazz,validation
Memphis Grizzlies,2025-10-31,Los Angeles Lakers,validation
Philadelphia 76ers,2025-10-31,Boston Celtics,validation
Cleveland Cavaliers,2025-10-31,Toronto Raptors,validation
Indiana Pacers,2025-10-31,Atlanta Hawks,validation
Chicago Bulls,2025-10-31,New York Knicks,validation
Milwaukee Bucks,2025-11-01,Sacramento Kings,validation
Charlotte Hornets,2025-11-01,Minnesota Timberwolves,validation
Washington Wizards,2025-11-01,Orlando Magic,validation
Indiana Pacers,2025-11-01,Golden State Warriors,validation
Boston Celtics,2025-11-01,Houston Rockets,validation
Detroit Pistons,2025-11-01,Dallas Mavericks,validation
New York Knicks,2025-11-02,Chicago Bulls,validation
Los Angeles Lakers,2025-11-02,Miami Heat,validation
Phoenix Suns,2025-11-02,San Antonio Spurs,validation
Brooklyn Nets,2025-11-02,Philadelphia 76ers,validation
Cleveland Cavaliers,2025-11-02,Atlanta Hawks,validation
Charlotte Hornets,2025-11-02,Utah Jazz,validation
Toronto Raptors,2025-11-02,Memphis Grizzlies,validation
Oklahoma City Thunder,2025-11-02,New Orleans Pelicans,validation
Brooklyn Nets,2025-11-03,Minnesota Timberwolves,validation
Indiana Pacers,2025-11-03,Milwaukee Bucks,validation
Boston Celtics,2025-11-03,Utah Jazz,validation
New York Knicks,2025-11-03,Washington Wizards,validation
Houston Rockets,2025-11-03,Dallas Mavericks,validation
Memphis Grizzlies,2025-11-03,Detroit Pistons,validation
Denver Nuggets,2025-11-03,Sacramento Kings,validation
Portland Trail Blazers,2025-11-03,Los Angeles Lakers,validation
LA Clippers,2025-11-03,Miami Heat,validation
LA Clippers,2025-11-04,Oklahoma City Thunder,validation
Golden State Warriors,2025-11-04,Phoenix Suns,validation
Chicago Bulls,2025-11-04,Philadelphia 76ers,validation
Atlanta Hawks,2025-11-04,Orlando Magic,validation
New Orleans Pelicans,2025-11-04,Charlotte Hornets,validation
Toronto Raptors,2025-11-04,Milwaukee Bucks,validation
Detroit Pistons,2025-11-05,Utah Jazz,validation
Cleveland Cavaliers,2025-11-05,Philadelphia 76ers,validation
Indiana Pacers,2025-11-05,Brooklyn Nets,validation
New York Knicks,2025-11-05,Minnesota Timberwolves,validation
Boston Celtics,2025-11-05,Washington Wizards,validation
Memphis Grizzlies,2025-11-05,Houston Rockets,validation
Dallas Mavericks,2025-11-05,New Orleans Pelicans,validation
Denver Nuggets,2025-11-05,Miami Heat,validation
Portland Trail Blazers,2025-11-05,Oklahoma City Thunder,validation
Los Angeles Lakers,2025-11-05,San Antonio Spurs,validation
Sacramento Kings,2025-11-05,Golden State Warriors,validation
Phoenix Suns,2025-11-06,LA Clippers,validation
Orlando Magic,2025-11-07,Boston Celtics,validation
Washington Wizards,2025-11-07,Cleveland Cavaliers,validation
Atlanta Hawks,2025-11-07,Toronto Raptors,validation
Brooklyn Nets,2025-11-07,Detroit Pistons,validation
San Antonio Spurs,2025-11-07,Houston Rockets,validation
Minnesota Timberwolves,2025-11-07,Utah Jazz,validation
Memphis Grizzlies,2025-11-07,Dallas Mavericks,validation
Miami Heat,2025-11-07,Charlotte Hornets,validation
Milwaukee Bucks,2025-11-07,Chicago Bulls,validation
Sacramento Kings,2025-11-07,Oklahoma City Thunder,validation
Denver Nuggets,2025-11-07,Golden State Warriors,validation
LA Clippers,2025-11-08,Phoenix Suns,validation
Denver Nuggets,2025-11-08,Indiana Pacers,validation
San Antonio Spurs,2025-11-08,New Orleans Pelicans,validation
Miami Heat,2025-11-08,Portland Trail Blazers,validation
Atlanta Hawks,2025-11-08,Los Angeles Lakers,validation
Cleveland Cavaliers,2025-11-08,Chicago Bulls,validation
Philadelphia 76ers,2025-11-08,Toronto Raptors,validation
Washington Wizards,2025-11-08,Dallas Mavericks,validation
Milwaukee Bucks,2025-11-09,Houston Rockets,validation
New York Knicks,2025-11-09,Brooklyn Nets,validation
Memphis Grizzlies,2025-11-09,Oklahoma City Thunder,validation
Orlando Magic,2025-11-09,Boston Celtics,validation
Philadelphia 76ers,2025-11-09,Detroit Pistons,validation
Golden State Warriors,2025-11-09,Indiana Pacers,validation
Sacramento Kings,2025-11-09,Minnesota Timberwolves,validation
Phoenix Suns,2025-11-10,New Orleans Pelicans,validation
Dallas Mavericks,2025-11-10,Milwaukee Bucks,validation
Chicago Bulls,2025-11-10,San Antonio Spurs,validation
LA Clippers,2025-11-10,Atlanta Hawks,validation
Charlotte Hornets,2025-11-10,Los Angeles Lakers,validation
Miami Heat,2025-11-10,Cleveland Cavaliers,validation
Detroit Pistons,2025-11-10,Washington Wizards,validation
Utah Jazz,2025-11-10,Minnesota Timberwolves,validation
Orlando Magic,2025-11-10,Portland Trail Blazers,validation
Brooklyn Nets,2025-11-11,Toronto Raptors,validation
New York Knicks,2025-11-11,Memphis Grizzlies,validation
Oklahoma City Thunder,2025-11-11,Golden State Warriors,validation
Philadelphia 76ers,2025-11-11,Boston Celtics,validation
Utah Jazz,2025-11-11,Indiana Pacers,validation
Sacramento Kings,2025-11-11,Denver Nuggets,validation
LA Clippers,2025-11-12,Denver Nuggets,validation
Sacramento Kings,2025-11-12,Atlanta Hawks,validation
Oklahoma City Thunder,2025-11-12,Los Angeles Lakers,validation
Dallas Mavericks,2025-11-12,Phoenix Suns,validation
Houston Rockets,2025-11-12,Washington Wizards,validation
San Antonio Spurs,2025-11-12,Golden State Warriors,validation
New Orleans Pelicans,2025-11-12,Portland Trail Blazers,validation
Boston Celtics,2025-11-12,Memphis Grizzlies,validation
Charlotte Hornets,2025-11-12,Milwaukee Bucks,validation
Detroit Pistons,2025-11-12,Chicago Bulls,validation
New York Knicks,2025-11-12,Orlando Magic,validation
Miami Heat,2025-11-12,Cleveland Cavaliers,validation
Utah Jazz,2025-11-13,Atlanta Hawks,validation
Cleveland Cavaliers,2025-11-13,Toronto Raptors,validation
Phoenix Suns,2025-11-13,Indiana Pacers,validation
New Orleans Pelicans,2025-11-14,Los Angeles Lakers,validation
San Antonio Spurs,2025-11-14,Golden State Warriors,validation
Minnesota Timberwolves,2025-11-14,Sacramento Kings,validation
Milwaukee Bucks,2025-11-14,Charlotte Hornets,validation
Dallas Mavericks,2025-11-14,LA Clippers,validation
Detroit Pistons,2025-11-14,Philadelphia 76ers,validation
New York Knicks,2025-11-14,Miami Heat,validation
Orlando Magic,2025-11-14,Brooklyn Nets,validation
Houston Rockets,2025-11-14,Portland Trail Blazers,validation
Cleveland Cavaliers,2025-11-15,Memphis Grizzlies,validation
Indiana Pacers,2025-11-15,Toronto Raptors,validation
Charlotte Hornets,2025-11-15,Oklahoma City Thunder,validation
Milwaukee Bucks,2025-11-15,Los Angeles Lakers,validation
Minnesota Timberwolves,2025-11-15,Denver Nuggets,validation
Phoenix Suns,2025-11-16,Atlanta Hawks,validation
Dallas Mavericks,2025-11-16,Portland Trail Blazers,validation
New Orleans Pelicans,2025-11-16,Golden State Warriors,validation
Utah Jazz,2025-11-16,Chicago Bulls,validation
Washington Wizards,2025-11-16,Brooklyn Nets,validation
San Antonio Spurs,2025-11-16,Sacramento Kings,validation
Boston Celtics,2025-11-16,LA Clippers,validation
Houston Rockets,2025-11-16,Orlando Magic,validation
Denver Nuggets,2025-11-17,Chicago Bulls,validation
New Orleans Pelicans,2025-11-17,Oklahoma City Thunder,validation
Miami Heat,2025-11-17,New York Knicks,validation
Minnesota Timberwolves,2025-11-17,Dallas Mavericks,validation
Detroit Pistons,2025-11-17,Indiana Pacers,validation
Philadelphia 76ers,2025-11-17,LA Clippers,validation
Cleveland Cavaliers,2025-11-17,Milwaukee Bucks,validation
Toronto Raptors,2025-11-17,Charlotte Hornets,validation
Portland Trail Blazers,2025-11-18,Phoenix Suns,validation
Orlando Magic,2025-11-18,Golden State Warriors,validation
Brooklyn Nets,2025-11-18,Boston Celtics,validation
Atlanta Hawks,2025-11-18,Detroit Pistons,validation
San Antonio Spurs,2025-11-18,Memphis Grizzlies,validation
Los Angeles Lakers,2025-11-18,Utah Jazz,validation
New Orleans Pelicans,2025-11-19,Denver Nuggets,validation
Dallas Mavericks,2025-11-19,New York Knicks,validation
Portland Trail Blazers,2025-11-19,Chicago Bulls,validation
Minnesota Timberwolves,2025-11-19,Washington Wizards,validation
Oklahoma City Thunder,2025-11-19,Sacramento Kings,validation
Cleveland Cavaliers,2025-11-19,Houston Rockets,validation
Philadelphia 76ers,2025-11-19,Toronto Raptors,validation
Miami Heat,2025-11-19,Golden State Warriors,validation
Indiana Pacers,2025-11-19,Charlotte Hornets,validation
Orlando Magic,2025-11-20,LA Clippers,validation
Milwaukee Bucks,2025-11-20,Philadelphia 76ers,validation
San Antonio Spurs,2025-11-20,Atlanta Hawks,validation
Memphis Grizzlies,2025-11-20,Sacramento Kings,validation
Golden State Warriors,2025-11-21,Portland Trail Blazers,validation
Utah Jazz,2025-11-21,Oklahoma City Thunder,validation
Houston Rockets,2025-11-21,Denver Nuggets,validation
Phoenix Suns,2025-11-21,Minnesota Timberwolves,validation
Toronto Raptors,2025-11-21,Washington Wizards,validation
Chicago Bulls,2025-11-21,Miami Heat,validation
Boston Celtics,2025-11-21,Brooklyn Nets,validation
Cleveland Cavaliers,2025-11-21,Indiana Pacers,validation
Dallas Mavericks,2025-11-21,New Orleans Pelicans,validation
Dallas Mavericks,2025-11-22,Memphis Grizzlies,validation
Denver Nuggets,2025-11-22,Sacramento Kings,validation
Chicago Bulls,2025-11-22,Washington Wizards,validation
Orlando Magic,2025-11-22,New York Knicks,validation
New Orleans Pelicans,2025-11-22,Atlanta Hawks,validation
Charlotte Hornets,2025-11-22,LA Clippers,validation
Milwaukee Bucks,2025-11-22,Detroit Pistons,validation
Philadelphia 76ers,2025-11-23,Miami Heat,validation
Cleveland Cavaliers,2025-11-23,LA Clippers,validation
Toronto Raptors,2025-11-23,Brooklyn Nets,validation
Boston Celtics,2025-11-23,Orlando Magic,validation
Atlanta Hawks,2025-11-23,Charlotte Hornets,validation
Oklahoma City Thunder,2025-11-23,Portland Trail Blazers,validation
Phoenix Suns,2025-11-23,San Antonio Spurs,validation
Utah Jazz,2025-11-23,Los Angeles Lakers,validation
Milwaukee Bucks,2025-11-24,Portland Trail Blazers,validation
Golden State Warriors,2025-11-24,Utah Jazz,validation
Sacramento Kings,2025-11-24,Minnesota Timberwolves,validation
Phoenix Suns,2025-11-24,Houston Rockets,validation
New Orleans Pelicans,2025-11-24,Chicago Bulls,validation
Indiana Pacers,2025-11-24,Detroit Pistons,validation
Miami Heat,2025-11-24,Dallas Mavericks,validation
Brooklyn Nets,2025-11-24,New York Knicks,validation
Toronto Raptors,2025-11-24,Cleveland Cavaliers,validation
Memphis Grizzlies,2025-11-24,Denver Nuggets,validation
Washington Wizards,2025-11-25,Atlanta Hawks,validation
Philadelphia 76ers,2025-11-25,Orlando Magic,validation
Los Angeles Lakers,2025-11-25,LA Clippers,validation
Golden State Warriors,2025-11-26,Houston Rockets,validation
Portland Trail Blazers,2025-11-26,San Antonio Spurs,validation
New Orleans Pelicans,2025-11-26,Memphis Grizzlies,validation
Oklahoma City Thunder,2025-11-26,Minnesota Timberwolves,validation
Sacramento Kings,2025-11-26,Phoenix Suns,validation
Miami Heat,2025-11-26,Milwaukee Bucks,validation
Charlotte Hornets,2025-11-26,New York Knicks,validation
Boston Celtics,2025-11-26,Detroit Pistons,validation
Toronto Raptors,2025-11-26,Indiana Pacers,validation
LA Clippers,2025-11-28,Memphis Grizzlies,validation
Los Angeles Lakers,2025-11-28,Dallas Mavericks,validation
Oklahoma City Thunder,2025-11-28,Phoenix Suns,validation
Denver Nuggets,2025-11-28,San Antonio Spurs,validation
Utah Jazz,2025-11-28,Sacramento Kings,validation
Atlanta Hawks,2025-11-28,Cleveland Cavaliers,validation
New York Knicks,2025-11-28,Milwaukee Bucks,validation
Charlotte Hornets,2025-11-28,Chicago Bulls,validation
Detroit Pistons,2025-11-28,Orlando Magic,validation
Indiana Pacers,2025-11-28,Washington Wizards,validation
Brooklyn Nets,2025-11-28,Philadelphia 76ers,validation
Golden State Warriors,2025-11-29,New Orleans Pelicans,validation
Phoenix Suns,2025-11-29,Denver Nuggets,validation
LA Clippers,2025-11-29,Dallas Mavericks,validation
Miami Heat,2025-11-29,Detroit Pistons,validation
Indiana Pacers,2025-11-29,Chicago Bulls,validation
Minnesota Timberwolves,2025-11-29,Boston Celtics,validation
Milwaukee Bucks,2025-11-29,Brooklyn Nets,validation
Charlotte Hornets,2025-11-29,Toronto Raptors,validation
Utah Jazz,2025-11-30,Houston Rockets,validation
New York Knicks,2025-11-30,Toronto Raptors,validation
Portland Trail Blazers,2025-11-30,Oklahoma City Thunder,validation
Cleveland Cavaliers,2025-11-30,Boston Celtics,validation
Philadelphia 76ers,2025-11-30,Atlanta Hawks,validation
Minnesota Timberwolves,2025-11-30,San Antonio Spurs,validation
Sacramento Kings,2025-11-30,Memphis Grizzlies,validation
Los Angeles Lakers,2025-11-30,New Orleans Pelicans,validation
Los Angeles Lakers,2025-12-01,Phoenix Suns,validation
Utah Jazz,2025-12-01,Houston Rockets,validation
Denver Nuggets,2025-12-01,Dallas Mavericks,validation
Orlando Magic,2025-12-01,Chicago Bulls,validation
Brooklyn Nets,2025-12-01,Charlotte Hornets,validation
Miami Heat,2025-12-01,LA Clippers,validation
Indiana Pacers,2025-12-01,Cleveland Cavaliers,validation
Detroit Pistons,2025-12-01,Atlanta Hawks,validation
Washington Wizards,2025-12-01,Milwaukee Bucks,validation
Philadelphia 76ers,2025-12-02,Washington Wizards,validation
Toronto Raptors,2025-12-02,Portland Trail Blazers,validation
New Orleans Pelicans,2025-12-02,Minnesota Timberwolves,validation
Boston Celtics,2025-12-02,New York Knicks,validation
San Antonio Spurs,2025-12-02,Memphis Grizzlies,validation
Golden State Warriors,2025-12-02,Oklahoma City Thunder,validation
Milwaukee Bucks,2025-12-03,Detroit Pistons,validation
Houston Rockets,2025-12-03,Sacramento Kings,validation
Chicago Bulls,2025-12-03,Brooklyn Nets,validation
New York Knicks,2025-12-03,Charlotte Hornets,validation
Dallas Mavericks,2025-12-03,Miami Heat,validation
Cleveland Cavaliers,2025-12-03,Portland Trail Blazers,validation
Indiana Pacers,2025-12-03,Denver Nuggets,validation
Orlando Magic,2025-12-03,San Antonio Spurs,validation
Atlanta Hawks,2025-12-03,LA Clippers,validation
Washington Wizards,2025-12-04,Boston Celtics,validation
Philadelphia 76ers,2025-12-04,Golden State Warriors,validation
Toronto Raptors,2025-12-04,Los Angeles Lakers,validation
Brooklyn Nets,2025-12-04,Utah Jazz,validation
New Orleans Pelicans,2025-12-04,Minnesota Timberwolves,validation
Oklahoma City Thunder,2025-12-05,Dallas Mavericks,validation
Houston Rockets,2025-12-05,Phoenix Suns,validation
Milwaukee Bucks,2025-12-05,Philadelphia 76ers,validation
Chicago Bulls,2025-12-05,Indiana Pacers,validation
Detroit Pistons,2025-12-05,Portland Trail Blazers,validation
Memphis Grizzlies,2025-12-05,LA Clippers,validation
Toronto Raptors,2025-12-05,Charlotte Hornets,validation
Cleveland Cavaliers,2025-12-05,San Antonio Spurs,validation
New York Knicks,2025-12-05,Utah Jazz,validation
Orlando Magic,2025-12-05,Miami Heat,validation
Boston Celtics,2025-12-05,Los Angeles Lakers,validation
Atlanta Hawks,2025-12-05,Denver Nuggets,validation
Dallas Mavericks,2025-12-06,Houston Rockets,validation
Miami Heat,2025-12-06,Sacramento Kings,validation
Cleveland Cavaliers,2025-12-06,Golden State Warriors,validation
Minnesota Timberwolves,2025-12-06,LA Clippers,validation
Washington Wizards,2025-12-06,Atlanta Hawks,validation
Brooklyn Nets,2025-12-06,New Orleans Pelicans,validation
Detroit Pistons,2025-12-06,Milwaukee Bucks,validation
Utah Jazz,2025-12-07,Oklahoma City Thunder,validation
New York Knicks,2025-12-07,Orlando Magic,validation
Toronto Raptors,2025-12-07,Boston Celtics,validation
Charlotte Hornets,2025-12-07,Denver Nuggets,validation
Memphis Grizzlies,2025-12-07,Portland Trail Blazers,validation
Chicago Bulls,2025-12-07,Golden State Warriors,validation
Philadelphia 76ers,2025-12-07,Los Angeles Lakers,validation
New Orleans Pelicans,2025-12-08,San Antonio Spurs,validation
Indiana Pacers,2025-12-08,Sacramento Kings,validation
Minnesota Timberwolves,2025-12-08,Phoenix Suns,validation
Orlando Magic,2025-12-09,Miami Heat,validation
Toronto Raptors,2025-12-09,New York Knicks,validation
Oklahoma City Thunder,2025-12-10,Phoenix Suns,validation
Los Angeles Lakers,2025-12-10,San Antonio Spurs,validation
Milwaukee Bucks,2025-12-11,Boston Celtics,validation
Houston Rockets,2025-12-11,LA Clippers,validation
New Orleans Pelicans,2025-12-11,Portland Trail Blazers,validation
Sacramento Kings,2025-12-11,Denver Nuggets,validation
Dallas Mavericks,2025-12-12,Brooklyn Nets,validation
Memphis Grizzlies,2025-12-12,Utah Jazz,validation
Charlotte Hornets,2025-12-12,Chicago Bulls,validation
Golden State Warriors,2025-12-12,Minnesota Timberwolves,validation
Detroit Pistons,2025-12-12,Atlanta Hawks,validation
Washington Wizards,2025-12-12,Cleveland Cavaliers,validation
Philadelphia 76ers,2025-12-12,Indiana Pacers,validation
Orlando Magic,2025-12-13,New York Knicks,validation
Oklahoma City Thunder,2025-12-13,San Antonio Spurs,validation
Portland Trail Blazers,2025-12-14,Golden State Warriors,validation
Phoenix Suns,2025-12-14,Los Angeles Lakers,validation
Chicago Bulls,2025-12-14,New Orleans Pelicans,validation
Minnesota Timberwolves,2025-12-14,Sacramento Kings,validation
Atlanta Hawks,2025-12-14,Philadelphia 76ers,validation
Cleveland Cavaliers,2025-12-14,Charlotte Hornets,validation
Indiana Pacers,2025-12-14,Washington Wizards,validation
Brooklyn Nets,2025-12-14,Milwaukee Bucks,validation
Denver Nuggets,2025-12-15,Houston Rockets,validation
Boston Celtics,2025-12-15,Detroit Pistons,validation
Miami Heat,2025-12-15,Toronto Raptors,validation
Utah Jazz,2025-12-15,Dallas Mavericks,validation
LA Clippers,2025-12-15,Memphis Grizzlies,validation
New York Knicks,2025-12-16,San Antonio Spurs,validation
Chicago Bulls,2025-12-17,Cleveland Cavaliers,validation
Minnesota Timberwolves,2025-12-17,Memphis Grizzlies,validation
Indiana Pacers,2025-12-18,New York Knicks,validation
Charlotte Hornets,2025-12-18,Atlanta Hawks,validation
Brooklyn Nets,2025-12-18,Miami Heat,validation
Oklahoma City Thunder,2025-12-18,LA Clippers,validation
San Antonio Spurs,2025-12-18,Washington Wizards,validation
Milwaukee Bucks,2025-12-18,Toronto Raptors,validation
New Orleans Pelicans,2025-12-18,Houston Rockets,validation
Dallas Mavericks,2025-12-18,Detroit Pistons,validation
Denver Nuggets,2025-12-18,Orlando Magic,validation
Utah Jazz,2025-12-18,Los Angeles Lakers,validation
Phoenix Suns,2025-12-18,Golden State Warriors,validation
Portland Trail Blazers,2025-12-18,Sacramento Kings,validation
Minnesota Timberwolves,2025-12-19,Oklahoma City Thunder,validation
Cleveland Cavaliers,2025-12-19,Chicago Bulls,validation
New York Knicks,2025-12-19,Philadelphia 76ers,validation
Boston Celtics,2025-12-19,Miami Heat,validation
Atlanta Hawks,2025-12-19,San Antonio Spurs,validation
Sacramento Kings,2025-12-20,Portland Trail Blazers,validation
Denver Nuggets,2025-12-20,Houston Rockets,validation
Toronto Raptors,2025-12-20,Boston Celtics,validation
Philadelphia 76ers,2025-12-20,Dallas Mavericks,validation
New Orleans Pelicans,2025-12-20,Indiana Pacers,validation
Detroit Pistons,2025-12-20,Charlotte Hornets,validation
Memphis Grizzlies,2025-12-20,Washington Wizards,validation
Golden State Warriors,2025-12-20,Phoenix Suns,validation
Utah Jazz,2025-12-20,Orlando Magic,validation
LA Clippers,2025-12-20,Los Angeles Lakers,validation
Minnesota Timberwolves,2025-12-21,Milwaukee Bucks,validation
Sacramento Kings,2025-12-21,Houston Rockets,validation
Washington Wizards,2025-12-21,San Antonio Spurs,validation
New York Knicks,2025-12-21,Miami Heat,validation
Brooklyn Nets,2025-12-21,Toronto Raptors,validation
Atlanta Hawks,2025-12-21,Chicago Bulls,validation
Cleveland Cavaliers,2025-12-22,Charlotte Hornets,validation
Boston Celtics,2025-12-22,Indiana Pacers,validation
New Orleans Pelicans,2025-12-22,Dallas Mavericks,validation
Denver Nuggets,2025-12-22,Utah Jazz,validation
Oklahoma City Thunder,2025-12-22,Memphis Grizzlies,validation
Golden State Warriors,2025-12-22,Orlando Magic,validation
Portland Trail Blazers,2025-12-22,Detroit Pistons,validation
LA Clippers,2025-12-23,Houston Rockets,validation
Sacramento Kings,2025-12-23,Detroit Pistons,validation
Portland Trail Blazers,2025-12-23,Orlando Magic,validation
Phoenix Suns,2025-12-23,Los Angeles Lakers,validation
Utah Jazz,2025-12-23,Memphis Grizzlies,validation
San Antonio Spurs,2025-12-23,Oklahoma City Thunder,validation
Minnesota Timberwolves,2025-12-23,New York Knicks,validation
Miami Heat,2025-12-23,Toronto Raptors,validation
Atlanta Hawks,2025-12-23,Chicago Bulls,validation
Indiana Pacers,2025-12-23,Milwaukee Bucks,validation
Cleveland Cavaliers,2025-12-23,New Orleans Pelicans,validation
Philadelphia 76ers,2025-12-23,Brooklyn Nets,validation
Charlotte Hornets,2025-12-23,Washington Wizards,validation
Dallas Mavericks,2025-12-23,Denver Nuggets,validation
Oklahoma City Thunder,2025-12-25,San Antonio Spurs,validation
New York Knicks,2025-12-25,Cleveland Cavaliers,validation
Golden State Warriors,2025-12-25,Dallas Mavericks,validation
Los Angeles Lakers,2025-12-25,Houston Rockets,validation
Denver Nuggets,2025-12-25,Minnesota Timberwolves,validation
New Orleans Pelicans,2025-12-26,Phoenix Suns,validation
Memphis Grizzlies,2025-12-26,Milwaukee Bucks,validation
Portland Trail Blazers,2025-12-26,LA Clippers,validation
Utah Jazz,2025-12-26,Detroit Pistons,validation
Chicago Bulls,2025-12-26,Philadelphia 76ers,validation
Indiana Pacers,2025-12-26,Boston Celtics,validation
Orlando Magic,2025-12-26,Charlotte Hornets,validation
Washington Wizards,2025-12-26,Toronto Raptors,validation
Atlanta Hawks,2025-12-26,Miami Heat,validation
Sacramento Kings,2025-12-27,Dallas Mavericks,validation
Orlando Magic,2025-12-27,Denver Nuggets,validation
New Orleans Pelicans,2025-12-27,Phoenix Suns,validation
Minnesota Timberwolves,2025-12-27,Brooklyn Nets,validation
Houston Rockets,2025-12-27,Cleveland Cavaliers,validation
Miami Heat,2025-12-27,Indiana Pacers,validation
Atlanta Hawks,2025-12-27,New York Knicks,validation
Chicago Bulls,2025-12-27,Milwaukee Bucks,validation
San Antonio Spurs,2025-12-27,Utah Jazz,validation
Los Angeles Lakers,2025-12-28,Sacramento Kings,validation
LA Clippers,2025-12-28,Detroit Pistons,validation
Washington Wizards,2025-12-28,Memphis Grizzlies,validation
Portland Trail Blazers,2025-12-28,Boston Celtics,validation
Oklahoma City Thunder,2025-12-28,Philadelphia 76ers,validation
Toronto Raptors,2025-12-28,Golden State Warriors,validation
Charlotte Hornets,2025-12-29,Milwaukee Bucks,validation
Washington Wizards,2025-12-29,Phoenix Suns,validation
Brooklyn Nets,2025-12-29,Golden State Warriors,validation
Toronto Raptors,2025-12-29,Orlando Magic,validation
Miami Heat,2025-12-29,Denver Nuggets,validation
Chicago Bulls,2025-12-29,Minnesota Timberwolves,validation
New Orleans Pelicans,2025-12-29,New York Knicks,validation
Oklahoma City Thunder,2025-12-29,Atlanta Hawks,validation
San Antonio Spurs,2025-12-29,Cleveland Cavaliers,validation
Houston Rockets,2025-12-29,Indiana Pacers,validation
Portland Trail Blazers,2025-12-29,Dallas Mavericks,validation
LA Clippers,2025-12-30,Sacramento Kings,validation
Los Angeles Lakers,2025-12-30,Detroit Pistons,validation
Memphis Grizzlies,2025-12-30,Philadelphia 76ers,validation
Utah Jazz,2025-12-30,Boston Celtics,validation
Charlotte Hornets,2025-12-31,Golden State Warriors,validation
Atlanta Hawks,2025-12-31,Minnesota Timberwolves,validation
Indiana Pacers,2025-12-31,Orlando Magic,validation
Cleveland Cavaliers,2025-12-31,Phoenix Suns,validation
San Antonio Spurs,2025-12-31,New York Knicks,validation
Chicago Bulls,2025-12-31,New Orleans Pelicans,validation
Toronto Raptors,2025-12-31,Denver Nuggets,validation
Oklahoma City Thunder,2025-12-31,Portland Trail Blazers,validation
Milwaukee Bucks,2025-12-31,Washington Wizards,validation
LA Clippers,2026-01-01,Utah Jazz,validation
Dallas Mavericks,2026-01-01,Philadelphia 76ers,validation
Sacramento Kings,2026-01-01,Boston Celtics,validation
Brooklyn Nets,2026-01-01,Houston Rockets,validation
Detroit Pistons,2026-01-01,Miami Heat,validation
Washington Wizards,2026-01-02,Brooklyn Nets,validation
Indiana Pacers,2026-01-02,San Antonio Spurs,validation
New York Knicks,2026-01-02,Atlanta Hawks,validation
Cleveland Cavaliers,2026-01-02,Denver Nuggets,validation
New Orleans Pelicans,2026-01-02,Portland Trail Blazers,validation
Milwaukee Bucks,2026-01-02,Charlotte Hornets,validation
Chicago Bulls,2026-01-02,Orlando Magic,validation
Phoenix Suns,2026-01-02,Sacramento Kings,validation
Golden State Warriors,2026-01-02,Oklahoma City Thunder,validation
Los Angeles Lakers,2026-01-02,Memphis Grizzlies,validation
Dallas Mavericks,2026-01-03,Houston Rockets,validation
Golden State Warriors,2026-01-03,Utah Jazz,validation
San Antonio Spurs,2026-01-03,Portland Trail Blazers,validation
LA Clippers,2026-01-03,Boston Celtics,validation
Toronto Raptors,2026-01-03,Atlanta Hawks,validation
New York Knicks,2026-01-03,Philadelphia 76ers,validation
Miami Heat,2026-01-03,Minnesota Timberwolves,validation
Chicago Bulls,2026-01-03,Charlotte Hornets,validation
Cleveland Cavaliers,2026-01-04,Detroit Pistons,validation
Orlando Magic,2026-01-04,Indiana Pacers,validation
Brooklyn Nets,2026-01-04,Denver Nuggets,validation
Washington Wizards,2026-01-04,Minnesota Timberwolves,validation
Miami Heat,2026-01-04,New Orleans Pelicans,validation
Phoenix Suns,2026-01-04,Oklahoma City Thunder,validation
Sacramento Kings,2026-01-04,Milwaukee Bucks,validation
Los Angeles Lakers,2026-01-04,Memphis Grizzlies,validation
LA Clippers,2026-01-05,Golden State Warriors,validation
Philadelphia 76ers,2026-01-05,Denver Nuggets,validation
Oklahoma City Thunder,2026-01-05,Charlotte Hornets,validation
Portland Trail Blazers,2026-01-05,Utah Jazz,validation
Toronto Raptors,2026-01-05,Atlanta Hawks,validation
Boston Celtics,2026-01-05,Chicago Bulls,validation
Detroit Pistons,2026-01-05,New York Knicks,validation
Houston Rockets,2026-01-05,Phoenix Suns,validation
Indiana Pacers,2026-01-06,Cleveland Cavaliers,validation
Washington Wizards,2026-01-06,Orlando Magic,validation
Memphis Grizzlies,2026-01-06,San Antonio Spurs,validation
Minnesota Timberwolves,2026-01-06,Miami Heat,validation
New Orleans Pelicans,2026-01-06,Los Angeles Lakers,validation
Sacramento Kings,2026-01-06,Dallas Mavericks,validation
San Antonio Spurs,2026-01-07,Los Angeles Lakers,validation
Oklahoma City Thunder,2026-01-07,Utah Jazz,validation
Memphis Grizzlies,2026-01-07,Phoenix Suns,validation
Brooklyn Nets,2026-01-07,Orlando Magic,validation
New York Knicks,2026-01-07,LA Clippers,validation
Detroit Pistons,2026-01-07,Chicago Bulls,validation
Charlotte Hornets,2026-01-07,Toronto Raptors,validation
Philadelphia 76ers,2026-01-07,Washington Wizards,validation
Boston Celtics,2026-01-07,Denver Nuggets,validation
Golden State Warriors,2026-01-07,Milwaukee Bucks,validation
Atlanta Hawks,2026-01-07,New Orleans Pelicans,validation
Portland Trail Blazers,2026-01-07,Houston Rockets,validation
